"course_custom_id","syllabird_status","assignment_custom_id","assignment_week","assignment_day","assignment_name","assignment_description","assignment_teachersNote","assignment_linksUrl","assignment_type","assignment_duration","assignment_graded"
"alveary-recXtDJumB0O83W4t","Import is Current","alveary-recvMeftn8eXpZazj","1","1","20m Grammar/Comp: Grade 7 - Lesson 1","<p>➜ NOTE TO STUDENTS<br>One purpose of composition lessons is to encourage you, the student, to dig deeper, reflect on your readings, explore the different ways words work, and learn how to ask good questions of yourself and your readings. Each week, you will write two different compositions.  You can work on these in the order you choose. Set your timer and use the whole time allotted for a composition assignment. If you finish an assignment with extra time, explore another perspective, ask further questions, or take a bit more time to see if any other thoughts come to mind. Alternatively, if you find yourself stuck, you may want to take a short break and return later. Growth, not frustration, is the goal.</p><p>➜ ⬚ 15m COMPOSITION ASSIGNMENT #1 - Summar<br>Write a brief summary of a current event.</p><p>➜ ⬚ 15m COMPOSITION ASSIGNMENT #2 - Letter<br>Write a letter to a family member, friend, or imaginary character about one of your favorite books so far this year. Tell them what you think the book is about and why you like it so far, and then send the letter if you like!</p><br><h2>Additional Notes</h2>
<p>────────────────────</p>
<p>There are two designated lessons each week to work on the two weekly composition prompts. Both prompts will be listed in those lessons, so students will see the same lesson repeated twice each week. That way, students can choose which prompts to work on during any given lesson period.</p>","<p>★ TEACHER TIP<br>Make sure students are practicing typing skills, and typing narrations and compositions regularly.</p>","","Lesson","0","FALSE"
"alveary-recXtDJumB0O83W4t","Import is Current","alveary-recuYJSUZvUr2egYK","1","2","20m Grammar/Comp: Grade 7 - Lesson 2","<p>Review <br>⍞ Materials: Practice Town, Paragraph Town, and notebook/journal<br> <br>➜ WARM-UP<br>Sentence 45  <br>Label parts of speech, parts of the sentence, phrases, and clauses. Write a comment. Check your work.</p><p>➜ READ, NARRATE, &amp; DISCUSS<br>p.5-19</p><p>➜ PRACTICE<br>Study the diagram on p.18. Then, draw it from memory.</p>","<p>★ TEACHER TIP<br>If you did not complete Grammar Town in Grade 6 but are familiar with basic grammar elements, start at the beginning of Practice Town and follow the examples. Complete the four-level analysis for one sentence at the start of each lesson.<br>∞ PDF Link: Practice Town Answer Key</p>","https://planning.alveary.org/links.html?id=recXtDJumB0O83W4t&term=1&week=1","Lesson","0","FALSE"
"alveary-recXtDJumB0O83W4t","Import is Current","alveary-recCByRgSoayBc57h","1","3","20m Grammar/Comp: Grade 7 - Lesson 3","<p>Topics<br>⍞ Materials: Practice Town &amp; notebook/journal<br> <br>➜ WARM-UP<br>Sentence 46</p><p>➜ PRACTICE<br>Think about a lake or river you know. Make separate lists of details in these categories:<br>•Things you can see under the surface<br>•Things you can see above the surface<br>•Sounds you can hear<br>•Conditions in summer and winter<br>•Any other category you think is important.</p>","","","Lesson","0","FALSE"
"alveary-recXtDJumB0O83W4t","Import is Current","alveary-recaN4JVOWLkcCW57","1","4","20m Grammar/Comp: Grade 7 - Lesson 4","<p>➜ ⬚ 15m COMPOSITION ASSIGNMENT #1 - Summary<br>Write a brief summary of a current event.</p><p>➜ ⬚ 15m COMPOSITION ASSIGNMENT #2 - Letter<br>Write a letter to a family member, friend, or imaginary character about one of your favorite books so far this year. Tell them what you think the book is about and why you like it so far, and then send the letter if you like!</p>","","","Lesson","0","FALSE"
"alveary-recXtDJumB0O83W4t","Import is Current","alveary-recvvPW1wJSSbIKqf","2","1","20m Grammar/Comp: Grade 7 - Lesson 5","<p>➜ ⬚ 15m COMPOSITION ASSIGNMENT #1 - Expository<br>How is Mansoul like a rich and beautiful land?</p><p>➜ ⬚ 15m COMPOSITION ASSIGNMENT #2 - Descriptive<br>From your reading in Ancient History, write a page-long interview for Sulla. What questions would you ask him?</p><br><h2>Additional Notes</h2>
<p>────────────────────</p>
<p>• REFERENCE<br>Comp #1<br>Ethics: Part 1 (Lesson 2)<br>Book: Ourselves</p><p>Comp #2<br>Ancient History (G7-9) <br>(Lesson 1)<br>Book: A Short History of Ancient Rome</p>","<p>★ TEACHER TIP<br>Some students may find it helpful to use external supports before writing, such as index cards that can be arranged and re-ordered. You can also encourage students to talk aloud as they write or use speech-to-text and then edit.</p>","","Lesson","0","FALSE"
"alveary-recXtDJumB0O83W4t","Import is Current","alveary-recV26wT1pvuQwGLM","2","2","20m Grammar/Comp: Grade 7 - Lesson 6","<p>Parts of a Sentence<br>⍞ Materials: Practice Town, Paragraph Town</p><p>➜ WARM-UP<br>Sentence 47</p><p>➜ READ, NARRATE, &amp; DISCUSS<br>p.20-25</p><p>➜ PRACTICE<br>Study the diagrams on p.23 &amp; 25. Assess your understanding of the concepts in this section. Review if necessary. Being able to write good sentences is critical for being able to write good paragraphs.</p>","","","Lesson","0","FALSE"
"alveary-recXtDJumB0O83W4t","Import is Current","alveary-reckhKl5lhyu8DCiP","2","3","20m Grammar/Comp: Grade 7 - Lesson 7","<p>Purpose<br>⍞ Materials: Practice Town<br> <br>➜ WARM-UP<br>Sentence 48</p><p>➜ PRACTICE<br>-Think of a person from history that you admire.<br>-Make a list of facts and details you know about the person.<br>-Make a separate list of statements that explain why you admire the person.</p><p>How can two lists of the same person be so different? The first list is about the person, while the second list is about you.</p>","","","Lesson","0","FALSE"
"alveary-recXtDJumB0O83W4t","Import is Current","alveary-recxNnygAVuchbpHt","2","4","20m Grammar/Comp: Grade 7 - Lesson 8","<p>➜ ⬚ 15m COMPOSITION ASSIGNMENT #1 - Expository<br>How is Mansoul like a rich and beautiful land?</p><p>➜ ⬚ 15m COMPOSITION ASSIGNMENT #2 - Descriptive<br>From your reading in Ancient History, write a page-long interview for Sulla. What questions would you ask him?</p><br><h2>Additional Notes</h2>
<p>────────────────────</p>
<p>• REFERENCE<br>Comp #1<br>Ethics: Part 1 (Lesson 2)<br>Book: Ourselves</p><p>Comp #2<br>Ancient History (G7-9) <br>(Lesson 1)<br>Book: A Short History of Ancient Rome</p>","","","Lesson","0","FALSE"
"alveary-recXtDJumB0O83W4t","Import is Current","alveary-recmu1XXQbHi1r3aD","3","1","20m Grammar/Comp: Grade 7 - Lesson 9","<p>➜ ⬚ 15m COMPOSITION ASSIGNMENT #1 - Expository/Research<br>(US Students) What were some of the issues the new country had to deal with? Why was a new governing document needed?&quot;</p><p>Alternate Option: From your reading in Ourselves, what are ways a flame could come from a foreign land?</p><p>➜ ⬚ 15m COMPOSITION ASSIGNMENT #2 - Opinion<br>From your reading in current events, what do you think are some issues your country has to deal with today? Why?</p><br><h2>Additional Notes</h2>
<p>────────────────────</p>
<p>• REFERENCE<br>Comp #1<br>American Government (G7, Lesson 2)<br>Book: Our Rugged Constitution<br>OR <br>Ethics: Part 1 (Lesson 3)<br>Book: Ourselves</p>","<p>★ TEACHER TIP<br>Provide opportunities for students to explore other ways of narrating using technology with applications such as PowerPoint or design software such as Canva.</p>","","Lesson","0","FALSE"
"alveary-recXtDJumB0O83W4t","Import is Current","alveary-recTCqubMK2N7ybvs","3","2","20m Grammar/Comp: Grade 7 - Lesson 10","<p>Subjects &amp; Objects<br>⍞ Materials: Practice Town, Paragraph Town</p><p>➜ WARM-UP<br>Sentence 49</p><p>➜ READ, NARRATE, &amp; DISCUSS<br>p.26-29</p><p>➜ DISCUSS<br>Would our language be improved if we abandoned object pronouns and used subject pronouns for all parts of the sentence? Why or why not?</p>","","","Lesson","0","FALSE"
"alveary-recXtDJumB0O83W4t","Import is Current","alveary-recrTDqpiuYUiA5ng","3","3","20m Grammar/Comp: Grade 7 - Lesson 11","<p>Grammar: Order<br>⍞ Materials: Practice Town<br> <br>➜ WARM-UP<br>Sentence 50</p><p>➜ PRACTICE<br>Choose a place to sit outside. Write 5-10 sentences describing what you see, starting from your left to your right. Keep for future use.</p>","","","Lesson","0","FALSE"
"alveary-recXtDJumB0O83W4t","Import is Current","alveary-recycxpMpKg37MAJx","3","4","20m Grammar/Comp: Grade 7 - Lesson 12","<p>➜ ⬚ 15m COMPOSITION ASSIGNMENT #1 - Expository/Research<br>(US Students) What were some of the issues the new country had to deal with? Why was a new governing document needed?&quot;</p><p>Alternate Option: From your reading in Ourselves, what are ways a flame could come from a foreign land?</p><p>➜ ⬚ 15m COMPOSITION ASSIGNMENT #2 - Opinion<br>From your reading in current events, what do you think are some issues your country has to deal with today? Why?</p><br><h2>Additional Notes</h2>
<p>────────────────────</p>
<p>• REFERENCE<br>Comp #1 American Government (G7, Lesson 2) <br>Book: Our Rugged Constitution <br>OR <br>Ethics: Part 1 (Lesson 3) <br>Book: Ourselves</p>","","","Lesson","0","FALSE"
"alveary-recXtDJumB0O83W4t","Import is Current","alveary-recPSMLgu4fZcAXkX","4","1","20m Grammar/Comp: Grade 7 - Lesson 13","<p>➜ ⬚ 15m COMPOSITION ASSIGNMENT #1 - Short Account<br>From your reading in Ourselves, tell about some of the Perils of Mansoul, and tell which are the most perilous for you.<br>OR<br>From your reading in Ancient History, write a page-long interview for Spartacus. What questions would you ask him?</p><p>➜ ⬚ 15m COMPOSITION ASSIGNMENT #2 - Point of View<br>Pretend you are a character in Little Women or Sir Gibbie and write a diary entry telling about recent events.</p><br><h2>Additional Notes</h2>
<p>────────────────────</p>
<p>• REFERENCE<br>Comp #1<br>Ancient History (G7-9, Lesson 4)<br>Book: A Short History of Ancient Rome<br>OR<br>Ethics: Part 1 (Lesson 4)<br>Book: Ourselves</p><p>Comp #2<br>General Literature (G7-8, Lesson 4)<br>Book: Little Women or Sir Gibbie</p>","","","Lesson","0","FALSE"
"alveary-recXtDJumB0O83W4t","Import is Current","alveary-rec67hUu3Zr7fgxC1","4","2","20m Grammar/Comp: Grade 7 - Lesson 14","<p>Grammar: Order<br>⍞ Materials: Practice Town<br> <br>➜ WARM-UP<br>Sentence 51</p><p>➜ PRACTICE<br>Sit in the same place as last time. Now, write 5-10 sentences describing what you see from your right to your left. Compare these sentences to the ones you wrote last time.</p>","","","Lesson","0","FALSE"
"alveary-recXtDJumB0O83W4t","Import is Current","alveary-recmRfGFaTh5xEHuM","4","3","20m Grammar/Comp: Grade 7 - Lesson 15","<p>Grammar: Order<br>⍞ Materials: Practice Town</p><p>➜ WARM-UP<br>Sentence 52</p><p>➜ PRACTICE<br>Sit in the same place as last time. Now, write 5-10 sentences describing what you see from above you to below you. You now have three descriptions of the same place organized in three different ways. Do you think it would ever be best to describe a scene randomly, with no apparent purpose or arrangement of the sentences?</p>","","","Lesson","0","FALSE"
"alveary-recXtDJumB0O83W4t","Import is Current","alveary-recJdSRnTpuQLhVNo","4","4","20m Grammar/Comp: Grade 7 - Lesson 16","<p>➜ ⬚ 15m COMPOSITION ASSIGNMENT #1 - Short Account<br>From your reading in Ourselves, tell about some of the Perils of Mansoul, and tell which are the most perilous for you.<br>OR<br>From your reading in Ancient History, write a page-long interview for Spartacus. What questions would you ask him?</p><p>➜ ⬚ 15m COMPOSITION ASSIGNMENT #2 - Point of View<br>Pretend you are a character in Little Women or Sir Gibbie and write a diary entry telling about recent events.</p>","","","Lesson","0","FALSE"
"alveary-recXtDJumB0O83W4t","Import is Current","alveary-recEdRHT3ey2ZMMvq","5","1","20m Grammar/Comp: Grade 7 - Lesson 17","<p>➜ ⬚ 15m COMPOSITION ASSIGNMENT #1 - Report<br>Write a news report from Naples describing the loss of the ship with King Alonso on board from The Tempest.</p><p>➜ ⬚ 15m COMPOSITION ASSIGNMENT #2 - Visual/Poetry<br>Retell a favorite chapter or scene in one of your readings by creating a comic-strip style retelling of it, OR by retelling it as a poem.</p><br><h2>Additional Notes</h2>
<p>────────────────────</p>
<p>• REFERENCE<br>Comp #1<br>Canadian Government (G7, Lesson 5)<br>Book: Who Runs This Country, Anyway?<br>OR<br>Shakespeare<br>Book: The Tempest</p>","","","Lesson","0","FALSE"
"alveary-recXtDJumB0O83W4t","Import is Current","alveary-recoIK9cTdaFPAItm","5","2","20m Grammar/Comp: Grade 7 - Lesson 18","<p>Subject-Verb Agreement<br>⍞ Materials: Practice Town, Paragraph Town</p><p>➜ WARM-UP<br>Sentence 53</p><p>➜ READ, NARRATE, &amp; DISCUSS<br>p.30-38</p><p>➜ PRACTICE<br>Find the real subject. Then, choose the correct verb.<br>-From far out in the lake, Fishmeal, a weary and green-headed Mallard with a large number of friends, (is/are) ready to learn everything possible.</p>","","","Lesson","0","FALSE"
"alveary-recXtDJumB0O83W4t","Import is Current","alveary-recuYd9oe3ptxTiCI","5","3","20m Grammar/Comp: Grade 7 - Lesson 19","<p>Subject-Verb Agreement<br>⍞ Materials: Practice Town<br> <br>➜ WARM-UP<br>Sentence 54</p><p>➜ PRACTICE<br>Find the real subject. Then. choose the correct verb.<br>-Queequack's friends, a group of busy quackers and a source of endless entertainment for Fishmeal, (laughs / laugh) at the silly attempt at humor.<br>-The duck, a feathery species of birds with impressive abilities of swimming and diving under the surface of the water, (eat / eats) fish.</p>","","","Lesson","0","FALSE"
"alveary-recXtDJumB0O83W4t","Import is Current","alveary-rectmBv9Tbm49Wtld","5","4","20m Grammar/Comp: Grade 7 - Lesson 20","<p>➜ ⬚ 15m COMPOSITION ASSIGNMENT #1 - Report<br>(Canadian Students)<br>Imagine you are going to start your own political party. What are some issues that matter the most to you? Define 3-5 foundational positions that your party would hold.<br>OR<br>Write a news report from Naples describing the loss of the ship with King Alonso on board from The Tempest.</p><p>➜ ⬚ 15m COMPOSITION ASSIGNMENT #2 - Visual/Poetry<br>Retell a favorite chapter or scene in one of your readings by creating a comic-strip style retelling of it, OR by retelling it as a poem.</p><br><h2>Additional Notes</h2>
<p>────────────────────</p>
<p>• REFERENCE<br>Comp #1 Canadian Government (G7, Lesson 5) <br>Book: Who Runs This Country, Anyway? <br>OR <br>Shakespeare <br>Book: The Tempest</p>","","","Lesson","0","FALSE"
"alveary-recXtDJumB0O83W4t","Import is Current","alveary-recW7m1rHOZ19Tg8R","6","1","20m Grammar/Comp: Grade 7 - Lesson 21","<p>➜ ⬚ 15m COMPOSITION ASSIGNMENT #1 - Point of View<br>Write a letter from one sister to another from Little Women<br>OR<br>Rewrite a scene from Sir Gibbie from the perspective of another character.</p><p>➜ ⬚ 15m COMPOSITION ASSIGNMENT #2 - Compare/Contrast<br>From your reading in Ancient History, compare what you are learning about ancient Rome to another ancient culture you have studied so far, or to what life is like today.</p><p>• Tip: for option #2, feel free to look back at your book to refresh your memory.</p><br><h2>Additional Notes</h2>
<p>────────────────────</p>
<p>• REFERENCE<br>Comp #1<br>General Lit books</p><p>Comp #2<br>Ancient History <br>Book: A Short History of Ancient Rome</p>","","","Lesson","0","FALSE"
"alveary-recXtDJumB0O83W4t","Import is Current","alveary-recraUpbpDgHPJlMZ","6","2","20m Grammar/Comp: Grade 7 - Lesson 22","<p>Order<br>⍞ Materials: Practice Town, Paragraph Town<br> <br>➜ WARM-UP<br>Sentence 55</p><p>➜ READ, NARRATE, &amp; DISCUSS<br>p.40-48</p><p>➜ NOTE<br>Before next time, make a photocopy of the paragraph &quot;Pequod Street Information&quot; and cut apart the sentences. Put them in a baggie and save them.</p>","","","Lesson","0","FALSE"
"alveary-recXtDJumB0O83W4t","Import is Current","alveary-recg9RbUljvEAJAVp","6","3","20m Grammar/Comp: Grade 7 - Lesson 23","<p>Order<br>⍞ Materials: Practice Town<br> <br>➜ WARM-UP<br>Sentence 56</p><p>➜ PRACTICE<br>Read the sentence strips you cut apart from &quot;Pequod Street Information.&quot; Sort them by topic. How many topics are there? What would you call your groups? Put the sentences from each group in a logical order and glue them into your notebook. Create a title for each group.</p>","","","Lesson","0","FALSE"
"alveary-recXtDJumB0O83W4t","Import is Current","alveary-recobG5cAaOydM1Z0","6","4","20m Grammar/Comp: Grade 7 - Lesson 24","<p>➜ ⬚ 15m COMPOSITION ASSIGNMENT #1 - Point of View<br>Write a letter from one sister to another from Little Women<br>OR<br>Rewrite a scene from Sir Gibbie from the perspective of another character.</p><p>➜ ⬚ 15m COMPOSITION ASSIGNMENT #2 - Compare/Contrast<br>From your reading in Ancient History, compare what you are learning about ancient Rome to another ancient culture you have studied so far, or to what life is like today.</p><p>• Tip: for option #2, feel free to look back at your book to refresh your memory.</p><br><h2>Additional Notes</h2>
<p>────────────────────</p>
<p>• REFERENCE<br>Comp #1<br>General Lit books</p><p>Comp #2<br>Ancient History<br>Book: A Short History of Ancient Rome</p>","","","Lesson","0","FALSE"
"alveary-recXtDJumB0O83W4t","Import is Current","alveary-recmqlimcmZ89t5tU","7","1","20m Grammar/Comp: Grade 7 - Lesson 25","<p>➜ ⬚ 15m COMPOSITION ASSIGNMENT #1 Short Account/Opinion<br>Describe Lorenzo and Estaban's experience in the cell. Has a misunderstanding ever landed you in trouble?</p><p>➜ ⬚ 15m COMPOSITION ASSIGNMENT #2 - News Report<br>Tell about an event in a book, a recent life experience you had, or a current event you read about as if you were a reporter for the news.</p><br><h2>Additional Notes</h2>
<p>────────────────────</p>
<p>• REFERENCE<br>Comp #1<br>World History (G7-8 Lesson 7)<br>Book: In the Shadow of the Alamo<br>OR<br>Ethics: Part 1 (Lesson 7)<br>Book: Ourselves</p>","","","Lesson","0","FALSE"
"alveary-recXtDJumB0O83W4t","Import is Current","alveary-recnlMEE8ei3CvEYt","7","2","20m Grammar/Comp: Grade 7 - Lesson 26","<p>Composition<br>⍞ Materials: Practice Town<br> <br>➜ WARM-UP<br>Sentence 57</p><p>➜ PRACTICE<br>Choose a narration from this term that is about a page long. As you read, use different colored pencils to underline sentences by topic. Did you write a separate paragraph for each topic? If not, write a second draft. Ensure each paragraph only deals with one topic, and the sentences follow a logical order.</p>","","","Lesson","0","FALSE"
"alveary-recXtDJumB0O83W4t","Import is Current","alveary-recnPhAZsZ1HRi1UK","7","3","20m Grammar/Comp: Grade 7 - Lesson 27","<p>Composition<br>⍞ Materials: Practice Town<br> <br>➜ WARM-UP<br>Sentence 58</p><p>➜ PRACTICE<br>Reread your second narration draft. What you did is called &quot;revision,&quot; because you are revising content. The next thing to do is to edit. When we edit, we look for sentence structure, misplaced modifiers, subject-verb disagreement, wordiness, spelling, weak words, etc. Write a third draft to correct mistakes and make each word pack a punch. Compare with your first draft. Which is better? Why?</p>","","","Lesson","0","FALSE"
"alveary-recXtDJumB0O83W4t","Import is Current","alveary-receGEqtJCOZlnXhd","7","4","20m Grammar/Comp: Grade 7 - Lesson 28","<p>➜ ⬚ 15m COMPOSITION ASSIGNMENT #1 Short Account/Opinion<br>Describe Lorenzo and Estaban's experience in the cell. Has a misunderstanding ever landed you in trouble?</p><p>➜ ⬚ 15m COMPOSITION ASSIGNMENT #2 - News Report<br>Tell about an event in a book, a recent life experience you had, or a current event you read about as if you were a reporter for the news.</p><br><h2>Additional Notes</h2>
<p>────────────────────</p>
<p>• REFERENCE<br>Comp #1<br>World History (G7-8 Lesson 7)<br>Book: In the Shadow of the Alamo<br>OR<br>Ethics: Part 1 (Lesson 7)<br>Book: Ourselves</p>","","","Lesson","0","FALSE"
"alveary-recXtDJumB0O83W4t","Import is Current","alveary-recKq01OhsLgoFVKN","8","1","20m Grammar/Comp: Grade 7 - Lesson 29","<p>➜ ⬚ 15m COMPOSITION ASSIGNMENT #1  - Compare and Contrast<br>From your reading in Ancient History, compare Caesar’s reign with Octavian’s. <br>OR<br>Retell something you read recently as a poem or as a scene in a play.</p><p>➜ ⬚ 15m COMPOSITION ASSIGNMENT #2 - Student Choice/Opinion<br>Pick a discussion question from a lesson you completed recently and write your thoughts on it.</p><br><h2>Additional Notes</h2>
<p>────────────────────</p>
<p>• REFERENCE<br>Comp #1<br>Ancient History (G7-8, Lesson 8)<br>Book: A Short History of Ancient Rome</p>","","","Lesson","0","FALSE"
"alveary-recXtDJumB0O83W4t","Import is Current","alveary-recnmhiufBWIZtPUF","8","2","20m Grammar/Comp: Grade 7 - Lesson 30","<p>Order<br>⍞ Materials: Practice Town, Paragraph Town</p><p>➜ WARM-UP<br>Sentence 59</p><p>➜ READ, NARRATE, &amp; DISCUSS<br>p.50-54</p>","","","Lesson","0","FALSE"
"alveary-recXtDJumB0O83W4t","Import is Current","alveary-rec1nhnKsshlT93SY","8","3","20m Grammar/Comp: Grade 7 - Lesson 31","<p>Practice<br>⍞ Materials: Practice Town<br> <br>➜ WARM-UP<br>Sentence 60</p><p>➜ PRACTICE<br>Rearrange these words from Lincoln's Gettysburg Address until they make as little sense as possible. Then try to put them back in the correct order without looking at the original.</p><p>-&quot;Four score and seven years ago our fathers brought forth upon this continent, a new nation, conceived in liberty, and dedicated to the proposition that all men are created equal.&quot;</p>","","","Lesson","0","FALSE"
"alveary-recXtDJumB0O83W4t","Import is Current","alveary-recQUxptkyuReD1lM","8","4","20m Grammar/Comp: Grade 7 - Lesson 32","<p>➜ ⬚ 15m COMPOSITION ASSIGNMENT #1 - Compare and Contrast<br>From your reading in Ancient History, compare Caesar’s reign with Octavian’s. <br>OR<br>Retell something you read recently as a poem or as a scene in a play.</p><p>➜ ⬚ 15m COMPOSITION ASSIGNMENT #2 - Student Choice/Opinion<br>Pick a discussion question from a lesson you completed recently and write your thoughts on it.</p><br><h2>Additional Notes</h2>
<p>────────────────────</p>
<p>• REFERENCE<br>Comp #1<br>Ancient History (G7-8, Lesson 8)<br>Book: A Short History of Ancient Rome</p>","","","Lesson","0","FALSE"
"alveary-recXtDJumB0O83W4t","Import is Current","alveary-reccEJMw7Pjr76ond","9","1","20m Grammar/Comp: Grade 7 - Lesson 33","<p>➜ ⬚ 15m COMPOSITION ASSIGNMENT #1 - Paraphrase<br>Paraphrase all (or the rest) of &quot;Children of the Heavenly Father&quot; in prose (or feel free to write a poetic paraphrase!) <br>∞ Link: Hymn, Spirituals, &amp; Folk PDF p.9<br>OR <br>Describe sloth and what its outcome can be in the body. Have you seen or experienced any examples of this yourself?</p><p>➜ ⬚ 15m COMPOSITION ASSIGNMENT #2 - Point of View<br>Pick a favorite scene or part of a book you've read recently (for school or on your own time) and pretend that somehow that section of the book has been ripped out and lost. Rewrite it yourself as if you are the author,</p><br><h2>Additional Notes</h2>
<p>────────────────────</p>
<p>• REFERENCE<br>Comp #1 <br>Hymns &amp; Spirituals (Lesson 8) <br>OR <br>Ethics: Part 1 (Lesson 9) <br>Book: Ourselves</p>","","https://planning.alveary.org/links.html?id=recXtDJumB0O83W4t&term=1&week=9","Lesson","0","FALSE"
"alveary-recXtDJumB0O83W4t","Import is Current","alveary-rec7nndFJcChqP66q","9","2","20m Grammar/Comp: Grade 7 - Lesson 34","<p>Composition<br>⍞ Materials: Practice Town<br> <br>➜ WARM-UP<br>Sentence 61</p><p>➜ PRACTICE<br>For the rest of the term, you will be crafting a paragraph using what you know so far. The topic is your family. Begin today by writing a first draft of 8-10 sentences about your family members.</p>","","","Lesson","0","FALSE"
"alveary-recXtDJumB0O83W4t","Import is Current","alveary-recquUkoj1lw23ZwF","9","3","20m Grammar/Comp: Grade 7 - Lesson 35","<p>Composition<br>⍞ Materials: Practice Town, Lined Note Cards</p><p>➜ WARM-UP<br>Sentence 62</p><p>➜ PRACTICE<br>Copy each sentence you wrote about your family onto the top line of a separate note card. If there are already things you would change, you may make those changes now. Explain how any changes make the writing better.</p>","","","Lesson","0","FALSE"
"alveary-recXtDJumB0O83W4t","Import is Current","alveary-recv2aJpCWcXpbMpb","9","4","20m Grammar/Comp: Grade 7 - Lesson 36","<p>➜ ⬚ 15m COMPOSITION ASSIGNMENT #1 - Paraphrase<br>Paraphrase all (or the rest) of &quot;Children of the Heavenly Father&quot; in prose (or feel free to write a poetic paraphrase!) <br>∞ Link: Hymn, Spirituals, &amp; Folk PDF p.9<br>OR <br>Describe sloth and what its outcome can be in the body. Have you seen or experienced any examples of this yourself?</p><p>➜ ⬚ 15m COMPOSITION ASSIGNMENT #2 - Point of View<br>Pick a favorite scene or part of a book you've read recently (for school or on your own time) and pretend that somehow that section of the book has been ripped out and lost. Rewrite it yourself as if you are the author,</p><br><h2>Additional Notes</h2>
<p>────────────────────</p>
<p>• REFERENCE<br>Comp #1 <br>Hymns &amp; Spirituals (Lesson 8) <br>OR <br>Ethics: Part 1 (Lesson 9) <br>Book: Ourselves</p>","","https://planning.alveary.org/links.html?id=recXtDJumB0O83W4t&term=1&week=9","Lesson","0","FALSE"
"alveary-recXtDJumB0O83W4t","Import is Current","alveary-recLtdKU06ZVLwCh2","10","1","20m Grammar/Comp: Grade 7 - Lesson 37","<p>➜ ⬚ 15m COMPOSITION ASSIGNMENT #1 - Dialogue/Diary<br>Dialogue/Diary<br>Write a diary entry as a Roman citizen reacting to the news of Nero's demise.</p><p>➜ ⬚ 15m COMPOSITION ASSIGNMENT #2 - Descriptive<br>Describe something you've noticed outside recently in nature study. Include as many details as you can (think of its smell, sight, sound, taste, and touch!)</p><br><h2>Additional Notes</h2>
<p>────────────────────</p>
<p>• REFERENCE<br>Comp #1<br>Ancient History (G7-9, Lesson 10)<br>Book: A Short History of Ancient Rome</p>","","","Lesson","0","FALSE"
"alveary-recXtDJumB0O83W4t","Import is Current","alveary-recf5S7ySQbHGWge2","10","2","20m Grammar/Comp: Grade 7 - Lesson 38","<p>Composition<br> <br>➜ PRACTICE<br>Reread the sentences on each of your note cards from last time. On the back of each card, write the subject and the verb. This is the essence of the sentence. Any other words you use should enhance that essence and not detract from it. Now write any words and phrases you used to modify the subject and verb. Are they all necessary? Should more be added for clarity? Could some less interesting words be replaced by better ones? List any new word or phrase ideas with the word they modify.</p>","","","Lesson","0","FALSE"
"alveary-recXtDJumB0O83W4t","Import is Current","alveary-rec95srdL8JN68U1E","10","3","20m Grammar/Comp: Grade 7 - Lesson 39","<p>Composition<br> <br>➜ PRACTICE<br>Look again at the back side of your note cards. On the lined side, rewrite each sentence using the best words from the back. Play with the word order. Keep rearranging until you have maximum clarity and impact. Make sure all your modifiers are in the right places! Think about sound. Are there words that would enhance the beauty of each sentence? Go ahead and use them. Rewrite as many times as you need to.</p>","","","Lesson","0","FALSE"
"alveary-recXtDJumB0O83W4t","Import is Current","alveary-rec9Vyl6q71YY2RW4","10","4","20m Grammar/Comp: Grade 7 - Lesson 40","<p>➜ ⬚ 15m COMPOSITION ASSIGNMENT #1 - Dialogue/Diary<br>Dialogue/Diary<br>Write a diary entry as a Roman citizen reacting to the news of Nero's demise.</p><p>➜ ⬚ 15m COMPOSITION ASSIGNMENT #2 - Descriptive<br>Describe something you've noticed outside recently in nature study. Include as many details as you can (think of its smell, sight, sound, taste, and touch!)</p><br><h2>Additional Notes</h2>
<p>────────────────────</p>
<p>• REFERENCE<br>Comp #1<br>Ancient History (G7-9, Lesson 10)<br>Book: A Short History of Ancient Rome</p>","","","Lesson","0","FALSE"
"alveary-recXtDJumB0O83W4t","Import is Current","alveary-recAGpcE4mDvaUEBi","11","1","20m Grammar/Comp: Grade 7 - Lesson 41","<p>➜ ⬚ 15m COMPOSITION ASSIGNMENT #1 - Descriptive<br>Write as if you are Sacajawea, and you are encountering Fort Mandan for the first time.<br>OR<br>Write a brief family history of the Mallory family and their military history. (Canadian students)</p><p>➜ ⬚ 15m COMPOSITION ASSIGNMENT #2 - Expository<br>Write up your idea you discussed in General Literature Lesson 9 about Little Women. Compose an advertisement, article, or poem for the Pickwick Portfolio. You can retell a scene from Little Women or choose something from another book or even your personal experience to write about. One idea: write a newspaper entry about the admission of &quot;Sam Weller&quot; into the club.<br>OR<br>Retell a scene from another book you are reading as if it were local news.</p><br><h2>Additional Notes</h2>
<p>────────────────────</p>
<p>• REFERENCE<br>Comp #1<br>US History (G7-9, Lesson 11)<br>Book: Sacajawea<br>OR<br>Canadian History (7-8, Lesson 21)<br>Book: Sophie's Rebellion</p><p>Comp #2 <br>General Literature (G7-8, Lesson 9)<br>Book: Little Women</p>","","","Lesson","0","FALSE"
"alveary-recXtDJumB0O83W4t","Import is Current","alveary-recM8tFr7HTp6sONH","11","2","20m Grammar/Comp: Grade 7 - Lesson 42","<p>Composition</p><p>➜ PRACTICE<br>Now that each sentence is clear, correct, and beautiful, play with ordering the note cards. You might start by making stacks of sentences that belong together and then deciding on the order of the stacks. Keep rearranging your note cards until they are in a logical order that will make sense to the reader. If you find that you need another sentence in order for things to make the most sense, go ahead and craft one on another note card.</p>","","","Lesson","0","FALSE"
"alveary-recXtDJumB0O83W4t","Import is Current","alveary-recgomh3ArBXPha5n","11","3","20m Grammar/Comp: Grade 7 - Lesson 43","<p>Composition<br> <br>➜ PRACTICE<br>Copy the final version of each sentence, in the final order, from your notecards into another draft of your paragraph. Read the original and the second drafts aloud. How much of a difference is there? As you reread the second draft, do you notice things you would change? Then change them! This is what authors do to make their work the best it can be. Reread one last time to check for capitals, punctuation, spelling, indentation, etc., and make any corrections necessary.</p>","","","Lesson","0","FALSE"
"alveary-recXtDJumB0O83W4t","Import is Current","alveary-recJAlcZqPzVcYDBu","11","4","20m Grammar/Comp: Grade 7 - Lesson 44","<p>➜ ⬚ 15m COMPOSITION ASSIGNMENT #1 - Descriptive<br>Write as if you are Sacajawea, and you are encountering Fort Mandan for the first time.<br>OR<br>Write a brief family history of the Mallory family and their military history.</p><p>➜ ⬚ 15m COMPOSITION ASSIGNMENT #2 - Expository<br>Write up your idea you discussed in General Literature Lesson 9 about Little Women. Compose an advertisement, article, or poem for the Pickwick Portfolio. You can retell a scene from Little Women or choose something from another book or even your personal experience to write about. One idea: write a newspaper entry about the admission of &quot;Sam Weller&quot; into the club.<br>OR<br>Retell a scene from another book you are reading as if it were local news.</p><br><h2>Additional Notes</h2>
<p>────────────────────</p>
<p>• REFERENCE<br>Comp #1<br>US History (G7-9, Lesson 11)<br>Book: Sacajawea<br>OR<br>Canadian History (7-8, Lesson 21)<br>Book: Sophie's Rebellion</p><p>Comp #2<br>General Literature (G7-8, Lesson 9)<br>Book: Little Women</p>","","","Lesson","0","FALSE"
"alveary-recXtDJumB0O83W4t","Import is Current","alveary-rec8Ah9a8XXyVr9Df","12","1","20m Grammar/Comp: Grade 7 - Lesson 45","<p>Exam Week</p><p>➜ EXAMS<br>There are no exams for this course.</p>","<p>★ Grammar/Comp: Grade 7 — TERM 1 EXAM QUESTIONS<br>· Label parts of speech, parts of the sentence, phrases, and clauses. Write a comment.<br>Practice Town: Sentence 63</p><p>· Paragraph Town: Tell what you know so far about writing paragraphs.</p>","","Exam","0","FALSE"
"alveary-recXtDJumB0O83W4t","Import is Current","alveary-recXyezT4bNxkl6sA","12","2","20m Grammar/Comp: Grade 7 - Lesson 46","<p>Exam Week<br> <br>➜ EXAMS <br>Answer question(s) related to the course.</p><p>Questions will come from:<br>Practice Town</p>","<p>★ Grammar/Comp: Grade 7 — TERM 1 EXAM QUESTIONS<br>· Label parts of speech, parts of the sentence, phrases, and clauses. Write a comment.<br>Practice Town: Sentence 63</p><p>· Paragraph Town: Tell what you know so far about writing paragraphs.</p>","","Exam","0","FALSE"
"alveary-recXtDJumB0O83W4t","Import is Current","alveary-recgXpPR7gKeCmtZe","12","3","20m Grammar/Comp: Grade 7 - Lesson 47","<p>Exam Week<br> <br>➜ EXAMS <br>Answer question(s) related to the course.</p><p>Questions will come from:<br>Paragraph Town</p>","<p>★ Grammar/Comp: Grade 7 — TERM 1 EXAM QUESTIONS<br>· Label parts of speech, parts of the sentence, phrases, and clauses. Write a comment.<br>Practice Town: Sentence 63</p><p>· Paragraph Town: Tell what you know so far about writing paragraphs.</p>","","Exam","0","FALSE"
"alveary-recXtDJumB0O83W4t","Import is Current","alveary-recZ541IY7rdhFjOf","12","4","20m Grammar/Comp: Grade 7 - Lesson 48","<p>Exam Week</p><p>➜ EXAMS<br>There are no exams for this course.</p>","<p>★ Grammar/Comp: Grade 7 — TERM 1 EXAM QUESTIONS<br>· Label parts of speech, parts of the sentence, phrases, and clauses. Write a comment.<br>Practice Town: Sentence 63</p><p>· Paragraph Town: Tell what you know so far about writing paragraphs.</p>","","Exam","0","FALSE"
"alveary-recXtDJumB0O83W4t","Import is Current","alveary-recIdYExpEVyZJG4Q","13","1","20m Grammar/Comp: Grade 7 - Lesson 49","<p>➜ ⬚ 15m COMPOSITION ASSIGNMENT #1 - Short Account<br>From your reading in Ourselves, tell how to keep Smell &quot;in good working order.&quot;</p><p>➜ ⬚ 15m COMPOSITION ASSIGNMENT #2 - Editing<br>Editing is an important aspect of writing, especially when sharing it with others.</p><p>• Look back at one of your old composition assignments from Term 1.<br>• Type it up (if it isn't already).<br>• Read it aloud and fix any errors you hear as you read.<br>• Now, using what you've learned in Paragraph Town, review your sentences. Are they complete sentences? Do the subjects and verbs agree? Check your punctuation and capitalization. Fix any other errors you find!</p><p>Remember: all good writers edit their work. It's a good thing to find and fix errors! Very few people write perfect sentences the first time they put their ideas on paper (or type them).</p><br><h2>Additional Notes</h2>
<p>────────────────────</p>
<p>• REFERENCE<br>Comp #1<br>Ethics: Part 1 (Lesson 13)<br>Book: Ourselves</p>","<p>★ TEACHER TIP<br>Make sure students are practicing typing skills and typing narrations regularly.</p>","","Lesson","0","FALSE"
"alveary-recXtDJumB0O83W4t","Import is Current","alveary-recYqDxUYY8YpFFmn","13","2","20m Grammar/Comp: Grade 7 - Lesson 50","<p>Punctuation<br>⍞ Materials: Practice Town, Paragraph Town<br> <br>➜ WARM-UP<br>Sentence 64</p><p>➜ READ, NARRATE, &amp; DISCUSS<br>p.56-57</p><p>➜ PRACTICE<br>Copy the sentence &quot;From the top of the roof, Fishmeal quacked.&quot; Underline the prepositional phrases. Since there are two at the beginning of the sentence, you need a comma. Write three of your own examples.</p>","","","Lesson","0","FALSE"
"alveary-recXtDJumB0O83W4t","Import is Current","alveary-recbgBZoUgGGMCRaj","13","3","20m Grammar/Comp: Grade 7 - Lesson 51","<p>Topics<br>⍞ Materials: Practice Town, Paragraph Town</p><p>➜ WARM-UP<br>Sentence 65</p><p>➜ READ, NARRATE, &amp; DISCUSS<br>p.58-60</p><p>➜ PRACTICE<br>Make two columns and label them &quot;Ducks&quot; and &quot;Insects.&quot; Separate the sentences in the paragraph on p.59 into the correct columns.</p>","","","Lesson","0","FALSE"
"alveary-recXtDJumB0O83W4t","Import is Current","alveary-recuJAIF4mjWeNtl0","13","4","20m Grammar/Comp: Grade 7 - Lesson 52","<p>➜ ⬚ 15m COMPOSITION ASSIGNMENT #1 - Short Account<br>From your reading in Ourselves, tell how to keep Smell &quot;in good working order.&quot;</p><p>➜ ⬚ 15m COMPOSITION ASSIGNMENT #2 - Editing<br>Editing is an important aspect of writing, especially when sharing it with others.</p><p>• Look back at one of your old composition assignments from Term 1.<br>• Type it up (if it isn't already).<br>• Read it aloud and fix any errors you hear as you read.<br>• Now, using what you've learned in Paragraph Town, review your sentences. Are they complete sentences? Do the subjects and verbs agree? Check your punctuation and capitalization. Fix any other errors you find!</p><p>Remember: all good writers edit their work. It's a good thing to find and fix errors! Very few people write perfect sentences the first time they put their ideas on paper (or type them).</p><br><h2>Additional Notes</h2>
<p>────────────────────</p>
<p>• REFERENCE<br>Comp #1<br>Ethics: Part 1 (Lesson 13)<br>Book: Ourselves</p>","<p>★ TEACHER TIP<br>Make sure students are practicing typing skills and typing narrations regularly.</p>","","Lesson","0","FALSE"
"alveary-recXtDJumB0O83W4t","Import is Current","alveary-recYgXOWjFFQbRYxA","14","1","20m Grammar/Comp: Grade 7 - Lesson 53","<p>➜ ⬚ 15m COMPOSITION ASSIGNMENT #1 - Summary<br>Write a summary of a current event.</p><p>➜ ⬚ 15m COMPOSITION ASSIGNMENT #2 - Personification<br>You've seen various examples of personification in Poetry Reading, including &quot;The Song My Paddle Sings&quot; by Pauline Johnson. An author uses personification when s/he gives an inanimate object or abstract idea the qualities of a person. For example, even the title of the poem has an inanimate, wooden paddle singing!</p><p>Look back through the poems you have read this year to find some examples of personification. <br>With the remaining time, try writing a few sentences with personification of your own. See what the most outlandish comparison you can make!</p>","<p>★ TEACHER TIP<br>Some students may find it helpful to use external supports before writing, such as index cards that can be arranged and re-ordered. You can also encourage students to talk aloud as they write or use speech-to-text and then edit.</p>","","Lesson","0","FALSE"
"alveary-recXtDJumB0O83W4t","Import is Current","alveary-rec12pXfAxofDChFx","14","2","20m Grammar/Comp: Grade 7 - Lesson 54","<p>Topics<br>⍞ Materials: Practice Town, Paragraph Town<br> <br>➜ WARM UP<br>Sentence 66</p><p>➜ PRACTICE<br>Write two separate paragraphs using the topic columns you created on &quot;Ducks&quot; and &quot;Insects.&quot; Why is it important to have two separate paragraphs instead of one? Compare your paragraphs to the one on p.59. Next time you write a narration, try writing a separate paragraph for each topic.</p>","","","Lesson","0","FALSE"
"alveary-recXtDJumB0O83W4t","Import is Current","alveary-rec5hxSBZhZZleRyi","14","3","20m Grammar/Comp: Grade 7 - Lesson 55","<p>Showing Paragraphs<br>⍞ Materials: Practice Town, Paragraph Town<br> <br>➜ WARM-UP<br>Sentence 67</p><p>➜ READ, NARRATE, &amp; DISCUSS<br>p.60-61</p><p>➜ PRACTICE<br>What book are you reading right now that you are enjoying? Make a list of 3-5 reasons you think the book is good. We will use this list later.</p>","","","Lesson","0","FALSE"
"alveary-recXtDJumB0O83W4t","Import is Current","alveary-recjBZRG3yzqJdaPA","14","4","20m Grammar/Comp: Grade 7 - Lesson 56","<p>➜ ⬚ 15m COMPOSITION ASSIGNMENT #1 - Summary<br>Write a summary of a current event.</p><p>➜ ⬚ 15m COMPOSITION ASSIGNMENT #2 - Personification<br>You've seen various examples of personification in Poetry Reading, including &quot;The Song My Paddle Sings&quot; by Pauline Johnson. An author uses personification when s/he gives an inanimate object or abstract idea the qualities of a person. For example, even the title of the poem has an inanimate, wooden paddle singing!<br>With the remaining time, try writing a few sentences with personification of your own. See what the most outlandish comparison you can make!</p>","","","Lesson","0","FALSE"
"alveary-recXtDJumB0O83W4t","Import is Current","alveary-recY1pPKyssrAyPPE","15","1","20m Grammar/Comp: Grade 7 - Lesson 57","<p>➜ ⬚ 15m COMPOSITION ASSIGNMENT #1 - Digging Deeper<br>Pick a written narration from this week that you typed and add to it. You can fill in additional details you didn't have time to include, add a section giving your thoughts on the chapter, write a series of questions you wish you could ask the author about the story, add a section telling about the events from a different character's perspective, or anything else. Narrations you do after your reading are extremely important to help you understand and think about what you read, but there is always more to discuss and learn!</p><p>➜ ⬚ 15m COMPOSITION ASSIGNMENT #2 - Sequence<br>&quot;Do you know how Eyes and No-Eyes went out for a walk?&quot; Tell what followed in the reading.<br>OR <br>Tell what you did yesterday in order (you can write out your day with short sentences or bullet points, or design a visual flow chart or series of sketches by hand or with software such as Canva if desired).</p><br><h2>Additional Notes</h2>
<p>────────────────────</p>
<p>• REFERENCE<br>Comp #2<br>Ethics: Part 1 (Lesson 15) <br>Book: Ourselves</p>","<p>★ TEACHER TIP<br>Provide opportunities for students to explore other ways of narrating with technology, using applications such as PowerPoint or design software such as Canva.</p>","","Lesson","0","FALSE"
"alveary-recXtDJumB0O83W4t","Import is Current","alveary-recrszB6MMoBuwOod","15","2","20m Grammar/Comp: Grade 7 - Lesson 58","<p>⬚ 20m Grammar/Comp: Grade 7 - Lesson 29<br>Composition<br>⍞ Materials: Practice Town, Paragraph Town<br> <br>➜ WARM-UP<br>Sentence 68</p><p>➜ READ, NARRATE, &amp; DISCUSS<br>p.61-64</p><p>➜ PRACTICE<br>Everything is well-organized in good writing. Compare the outline on p.64 to the essay on p.63. Can you match each idea in the list with a sentence in the essay?</p>","","","Lesson","0","FALSE"
"alveary-recXtDJumB0O83W4t","Import is Current","alveary-recS7I0kHDCzn0mTZ","15","3","20m Grammar/Comp: Grade 7 - Lesson 59","<p>Composition<br>⍞ Materials: Practice Town, Paragraph Town<br> <br>➜ WARM-UP<br>Sentence 69</p><p>➜ PRACTICE<br>Look at the outline on p.64. Underneath each topic is a list we call &quot;supporting details.&quot; These give evidence of the topic sentence. Look at the list you made about why you are enjoying a book. Create your own outline showing each topic with 3-5 supporting details.</p>","","","Lesson","0","FALSE"
"alveary-recXtDJumB0O83W4t","Import is Current","alveary-recwfYaKuUB0LnfJU","15","4","20m Grammar/Comp: Grade 7 - Lesson 60","<p>➜ ⬚ 15m COMPOSITION ASSIGNMENT #1 - Digging Deeper<br>Pick a written narration from this week that you typed and add to it. You can fill in additional details you didn't have time to include, add a section giving your thoughts on the chapter, write a series of questions you wish you could ask the author about the story, add a section telling about the events from a different character's perspective, or anything else. Narrations you do after your reading are extremely important to help you understand and think about what you read, but there is always more to discuss and learn!</p><p>➜ ⬚ 15m COMPOSITION ASSIGNMENT #2 - Sequence<br>&quot;Do you know how Eyes and No-Eyes went out for a walk?&quot; Tell what followed in the reading.<br>OR <br>Tell what you did yesterday in order (you can write out your day with short sentences or bullet points, or design a visual flow chart or series of sketches by hand or with software such as Canva if desired).</p><br><h2>Additional Notes</h2>
<p>────────────────────</p>
<p>• REFERENCE<br>Comp #2 <br>Ethics: Part 1 (Lesson 15) <br>Book: Ourselves</p>","<p>★ TEACHER TIP<br>Provide opportunities for students to explore other ways of narrating with technology, using applications such as PowerPoint or design software such as Canva.</p>","","Lesson","0","FALSE"
"alveary-recXtDJumB0O83W4t","Import is Current","alveary-recfOUsSCCXFY8T5W","16","1","20m Grammar/Comp: Grade 7 - Lesson 61","<p>➜ ⬚ 15m COMPOSITION ASSIGNMENT #1 - Retelling<br>Write your own retelling of the angels' and shepherds' meeting from Luke 2. You can write it as a poem/carol like Angels We Have Heard on High or as a play, a picture book, or a short story.</p><p>➜ ⬚ 15m COMPOSITION ASSIGNMENT #2 - Point of View/Comparison<br>Rewrite a short scene from a reading this week from the perspective of one of the other characters.<br>OR<br>Pick 3-5 national anthems, read their English translations, and discuss the similarities and differences you find (think about the ideas, structure, sound (if you want to look up the tune as well), etc.)<br>∞ National Anthem lyrics</p><br><h2>Additional Notes</h2>
<p>────────────────────</p>
<p>• REFERENCE<br>Comp #1<br>Hymns &amp; Spirituals (Lesson 15)</p><p>Comp #2<br>Folk Songs (Lesson 15)</p>","","https://planning.alveary.org/links.html?id=recXtDJumB0O83W4t&term=2&week=16","Lesson","0","FALSE"
"alveary-recXtDJumB0O83W4t","Import is Current","alveary-recpjJsxF9K7agUpZ","16","2","20m Grammar/Comp: Grade 7 - Lesson 62","<p>Composition<br>⍞ Materials: Practice Town<br> <br>➜ WARM-UP<br>Sentence 70</p><p>➜ PRACTICE<br>Choose one of the topics from your outline on why you are enjoying a book. Write a paragraph ONLY on that topic. The first sentence should tell the topic of the paragraph. The supporting details you listed for that topic should form the content of the rest of your sentences. Be sure to indent.</p>","","","Lesson","0","FALSE"
"alveary-recXtDJumB0O83W4t","Import is Current","alveary-recXliEMqzkwnXLbh","16","3","20m Grammar/Comp: Grade 7 - Lesson 63","<p>Transitions<br>⍞ Materials: Practice Town, Paragraph Town<br> <br>➜ WARM-UP<br>Sentence 71</p><p>➜ READ, NARRATE, &amp; DISCUSS<br>p.65-69</p><p>➜ PRACTICE<br>Study p.69. Explain how each topic sentence does its two jobs.</p>","","","Lesson","0","FALSE"
"alveary-recXtDJumB0O83W4t","Import is Current","alveary-recEHc2qwnolaA0xl","16","4","20m Grammar/Comp: Grade 7 - Lesson 64","<p>➜ ⬚ 15m COMPOSITION ASSIGNMENT #1 - Retelling<br>Write your own retelling of the angels' and shepherds' meeting from Luke 2. You can write it as a poem/carol like Angels We Have Heard on High or as a play, a picture book, or a short story.</p><p>➜ ⬚ 15m COMPOSITION ASSIGNMENT #2 - Point of View/Comparison<br>Rewrite a short scene from a reading this week from the perspective of one of the other characters.<br>OR<br>Pick 3-5 national anthems, read their English translations, and discuss the similarities and differences you find (think about the ideas, structure, sound (if you want to look up the tune as well), etc.)<br>∞ National Anthem lyrics</p><br><h2>Additional Notes</h2>
<p>────────────────────</p>
<p>• REFERENCE<br>Comp #1<br>Hymns &amp; Spirituals (Lesson 15)</p><p>Comp #2<br>Folk Songs (Lesson 15)</p>","","","Lesson","0","FALSE"
"alveary-recXtDJumB0O83W4t","Import is Current","alveary-rec7FAarRbRSz6e94","17","1","20m Grammar/Comp: Grade 7 - Lesson 65","<p>➜ ⬚ 15m COMPOSITION ASSIGNMENT #1-2 - Scene Writing<br>Spend both your composition periods working on this longer assignment.</p><p>➜ INTRO<br>Look at a Shakespeare play or another play that you have read and note the punctuation and formatting for writing a scene.</p><p>➜ WRITE<br>Write a scene for a play based on Little Women OR Sir Gibbie, or a historical event that you have learned about in one of your history readings. The beginning might be the easiest section to use, but feel free to choose any section you like. You may want to use some of the actual dialogue in the book in your scene, if possible!</p><p>Bonus Idea: Give directions for any special effects (like music) that you would want as part of your scene.</p>","","","Lesson","0","FALSE"
"alveary-recXtDJumB0O83W4t","Import is Current","alveary-rec3I2TDYM95BnqI4","17","2","20m Grammar/Comp: Grade 7 - Lesson 66","<p>Subject-Verb Agreement<br>⍞ Materials: Practice Town, Paragraph Town<br> <br>➜ WARM-UP<br>Sentence 72</p><p>➜ READ, NARRATE, &amp; DISCUSS<br>p.70-73</p><p>➜ DISCUSS<br>Open one of your history or science books to the beginning of a chapter. Look at the first sentence of each paragraph. Is each one a good topic sentence? If not, how could it be improved?</p>","","","Lesson","0","FALSE"
"alveary-recXtDJumB0O83W4t","Import is Current","alveary-recnUrV3VDGw44x6B","17","3","20m Grammar/Comp: Grade 7 - Lesson 67","<p>Composition<br>⍞ Materials: Practice Town<br> <br>➜ WARM-UP<br>Sentence 73</p><p>➜ PRACTICE<br>Choose another of the topics from your outline on why you are enjoying a book. Write a paragraph ONLY on that topic, using the supporting details from your list. Make sure your first sentence points back to the previous paragraph and tells what this paragraph will be about.</p>","","","Lesson","0","FALSE"
"alveary-recXtDJumB0O83W4t","Import is Current","alveary-recdqpN7X74yPn0im","17","4","20m Grammar/Comp: Grade 7 - Lesson 68","<p>➜ ⬚ 15m COMPOSITION ASSIGNMENT #1-2 - Scene Writing<br>Spend both your composition periods working on this longer assignment.</p><p>➜ INTRO<br>Look at a Shakespeare play or another play that you have read and note the punctuation and formatting for writing a scene.</p><p>➜ WRITE<br>Write a scene for a play based on Little Women OR Sir Gibbie, or a historical event that you have learned about in one of your history readings. The beginning might be the easiest section to use, but feel free to choose any section you like. You may want to use some of the actual dialogue in the book in your scene, if possible!</p><p>Bonus Idea: Give directions for any special effects (like music) that you would want as part of your scene.</p>","","","Lesson","0","FALSE"
"alveary-recXtDJumB0O83W4t","Import is Current","alveary-recsoH1dAnC3FmmqW","18","1","20m Grammar/Comp: Grade 7 - Lesson 69","<p>➜ ⬚ 15m COMPOSITION ASSIGNMENT #1 - Story<br>Write a story (or even create a short picture book for children!) based on a musical piece by Edvard Grieg or an event in his life. Feel free to make up details!</p><p>➜ ⬚ 15m COMPOSITION ASSIGNMENT #2 - Compare/Contrast<br>Choose two Psalms that you have read in your Bible lessons that are quite different from each other. Compare and contrast their subject matter and the manner in which they speak to God.<br>OR<br>Choose your favorite Psalm and write about what it means to you. Psalms are very poetic: do you notice any figurative language or images that stand out to you?</p><br><h2>Additional Notes</h2>
<p>────────────────────</p>
<p>• REFERENCE<br>Comp #1 <br>Composer Study (Term 2)</p><p>Comp #2<br>Bible (Term 2)</p>","","","Lesson","0","FALSE"
"alveary-recXtDJumB0O83W4t","Import is Current","alveary-rec3h9iXFUGG7iBuO","18","2","20m Grammar/Comp: Grade 7 - Lesson 70","<p>Dialogue Paragraphs<br>⍞ Materials: Practice Town, Paragraph Town<br> <br>➜ WARM-UP<br>Sentence 74</p><p>➜ READ, NARRATE, &amp; DISCUSS<br>p.75-77</p><p>➜ DISCUSS<br>Look at a page with lots of dialogue (conversation) in one of your fiction books. Read it aloud. Notice that a new paragraph begins each time the speaker changes.</p>","","","Lesson","0","FALSE"
"alveary-recXtDJumB0O83W4t","Import is Current","alveary-recI4PpTX7IlkOndZ","18","3","20m Grammar/Comp: Grade 7 - Lesson 71","<p>Composition<br>⍞ Materials: Practice Town<br> <br>➜ WARM-UP<br>Sentence 75</p><p>➜ PRACTICE<br>Write a dialogue in which a character named Cathy asks her neighbor, Pam, if she can help her carry her groceries into the house. Every time the speaker changes, start a new paragraph. You may use a book as a reference to help you with capitalization and punctuation rules regarding dialogue.</p>","","","Lesson","0","FALSE"
"alveary-recXtDJumB0O83W4t","Import is Current","alveary-rec0DwmvqqqxNyqhv","18","4","20m Grammar/Comp: Grade 7 - Lesson 72","<p>➜ ⬚ 15m COMPOSITION ASSIGNMENT #1 - Story<br>Write a story (or even create a short picture book for children!) based on a musical piece by Edvard Grieg or an event in his life. Feel free to make up details!</p><p>➜ ⬚ 15m COMPOSITION ASSIGNMENT #2 - Compare/Contrast<br>Choose two Psalms that you have read in your Bible lessons that are quite different from each other. Compare and contrast their subject matter and the manner in which they speak to God.<br>OR<br>Choose your favorite Psalm and write about what it means to you. Psalms are very poetic: do you notice any figurative language or images that stand out to you?</p><br><h2>Additional Notes</h2>
<p>────────────────────</p>
<p>• REFERENCE<br>Comp #1<br>Composer Study (Term 2)</p><p>Comp #2<br>Bible (Term 2)</p>","","","Lesson","0","FALSE"
"alveary-recXtDJumB0O83W4t","Import is Current","alveary-reclMg8FL9vi20t2m","19","1","20m Grammar/Comp: Grade 7 - Lesson 73","<p>➜ ⬚ 15m COMPOSITION ASSIGNMENT #1 - Expository<br>Explain how Imagination can be a good companion in travels, OR Tell about the land of Mathematics.</p><p>➜ ⬚ 15m COMPOSITION ASSIGNMENT #2 - Poetry<br>Write your own riddle poem from what you learned in A Kick in the Head.<br>OR<br>Write a poem telling about something you've experienced in your life or read recently in a book.</p><br><h2>Additional Notes</h2>
<p>────────────────────</p>
<p>• REFERENCE<br>Comp #1 <br>Ethics: Part 1 (Lesson 19)<br>Book: Ourselves</p><p>Comp #2 <br>Poetry Reading: Grade 7 (Lesson 73)<br>Book: A Kick in the Head</p>","","","Lesson","0","FALSE"
"alveary-recXtDJumB0O83W4t","Import is Current","alveary-rec5Xqy2UGiuq7YH6","19","2","20m Grammar/Comp: Grade 7 - Lesson 74","<p>Descriptive Paragraphs<br>⍞ Materials: Practice Town, Paragraph Town<br> <br>➜ WARM-UP<br>Sentence 76</p><p>➜ READ, NARRATE, &amp; DISCUSS<br>p.77-80</p><p>➜ DISCUSS<br>The author snuck in some description. Can you find it? What concrete details are used to help the reader imagine the scene?</p>","","","Lesson","0","FALSE"
"alveary-recXtDJumB0O83W4t","Import is Current","alveary-recpx5JOuXRuPcLA8","19","3","20m Grammar/Comp: Grade 7 - Lesson 75","<p>Expository Paragraphs<br>⍞ Materials: Practice Town, Paragraph Town<br> <br>➜ WARM-UP<br>Sentence 77</p><p>➜ READ, NARRATE, &amp; DISCUSS<br>p.80-81</p><p>➜ DISCUSS<br>Tell the difference between describing and explaining in your own words.</p>","","","Lesson","0","FALSE"
"alveary-recXtDJumB0O83W4t","Import is Current","alveary-recJYIsFHJ4Z4xMsH","19","4","20m Grammar/Comp: Grade 7 - Lesson 76","<p>➜ ⬚ 15m COMPOSITION ASSIGNMENT #1 - Expository<br>Explain how Imagination can be a good companion in travels, OR Tell about the land of Mathematics.</p><p>➜ ⬚ 15m COMPOSITION ASSIGNMENT #2 - Poetry<br>Write your own riddle poem from what you learned in A Kick in the Head.<br>OR<br>Write a poem telling about something you've experienced in your life or read recently in a book.</p><br><h2>Additional Notes</h2>
<p>────────────────────</p>
<p>• REFERENCE<br>Comp #1<br>Ethics: Part 1 (Lesson 19)<br>Book: Ourselves</p><p>Comp #2<br>Poetry Reading: Grade 7 (Lesson 73)<br>Book: A Kick in the Head</p>","","","Lesson","0","FALSE"
"alveary-recXtDJumB0O83W4t","Import is Current","alveary-reciFynVirbkKUQtu","20","1","20m Grammar/Comp: Grade 7 - Lesson 77","<p>➜ CATCH UP <br>Use the Composition Lessons this week to catch up on any writing assignments that you haven't had a chance to finish, lessons in this or another course, or explore Extra Helpings.</p>","","","Lesson","0","FALSE"
"alveary-recXtDJumB0O83W4t","Import is Current","alveary-recYe6NNU8GMagSEc","20","2","20m Grammar/Comp: Grade 7 - Lesson 78","<p>Composition<br>⍞ Materials: Practice Town<br> <br>➜ WARM-UP<br>Sentence 78</p><p>➜ PRACTICE<br>Write a paragraph describing something that happened on your last birthday. Try to help your readers imagine the scene by using concrete details and vivid language.</p>","","","Lesson","0","FALSE"
"alveary-recXtDJumB0O83W4t","Import is Current","alveary-rechGuG6OLC4MsGe9","20","3","20m Grammar/Comp: Grade 7 - Lesson 79","<p>Composition<br>⍞ Materials: Practice Town</p><p>➜ WARM-UP<br>Sentence 79</p><p>➜ PRACTICE<br>Write a paragraph that explains what paragraphs are. Use facts as supporting details.</p>","","","Lesson","0","FALSE"
"alveary-recXtDJumB0O83W4t","Import is Current","alveary-rec1N1wNXT4txg2UA","20","4","20m Grammar/Comp: Grade 7 - Lesson 80","<p>➜ CATCH UP<br>Use the Composition Lessons this week to catch up on any writing assignments that you haven't had a chance to finish, lessons in this or another course, or explore Extra Helpings.</p>","","","Lesson","0","FALSE"
"alveary-recXtDJumB0O83W4t","Import is Current","alveary-recP880VIyBnHaDM7","21","1","20m Grammar/Comp: Grade 7 - Lesson 81","<p>➜ ⬚ 15m COMPOSITION ASSIGNMENT #1 - Expository &amp; Opinion<br>Explain and give your thoughts:</p><p>From your reading in Ourselves, how is the Beauty Sense used well?<br>OR<br>Why do you think it is so hard to add an amendment to the Constitution? Why did the framers of the Constitution add the clause so that there could be amendments added?&quot;</p><p>➜ ⬚ 15m COMPOSITION ASSIGNMENT #2 - Dialogue<br>Imagine two different characters from your books meeting each other and write a conversation between them.</p><br><h2>Additional Notes</h2>
<p>────────────────────</p>
<p>• REFERENCE<br>Comp #1<br>Ethics: Part 1 (Lesson 21)<br>Book: Ourselves<br>OR<br>American Government: Grade 7 (Lesson 21)<br>Book: Our Rugged Constitution</p>","","","Lesson","0","FALSE"
"alveary-recXtDJumB0O83W4t","Import is Current","alveary-recPY46IPkUtx90MQ","21","2","20m Grammar/Comp: Grade 7 - Lesson 82","<p>Comparison Paragraphs<br>⍞ Materials: Practice Town, Paragraph Town<br> <br>➜ WARM-UP<br>Sentence 80</p><p>➜ READ, NARRATE, &amp; DISCUSS<br>p.82-84</p>","","","Lesson","0","FALSE"
"alveary-recXtDJumB0O83W4t","Import is Current","alveary-recBULEysPuZJOeqx","21","3","20m Grammar/Comp: Grade 7 - Lesson 83","<p>Composition<br>⍞ Materials: Practice Town<br> <br>➜ WARM-UP<br>Sentence 81</p><p>➜ PRACTICE<br>Write a paragraph comparing a bicycle to a tricycle. Include both similarities and differences.</p>","","","Lesson","0","FALSE"
"alveary-recXtDJumB0O83W4t","Import is Current","alveary-recccW2Bvrm5DyshD","21","4","20m Grammar/Comp: Grade 7 - Lesson 84","<p>➜ ⬚ 15m COMPOSITION ASSIGNMENT #1 - Expository &amp; Opinion<br>Explain and give your thoughts:</p><p>From your reading in Ourselves, how is the Beauty Sense used well?<br>OR<br>Why do you think it is so hard to add an amendment to the Constitution? Why did the framers of the Constitution add the clause so that there could be amendments added?&quot;</p><p>➜ ⬚ 15m COMPOSITION ASSIGNMENT #2 - Dialogue<br>Imagine two different characters from your books meeting each other and write a conversation between them.</p><br><h2>Additional Notes</h2>
<p>────────────────────</p>
<p>• REFERENCE<br>Comp #1<br>Ethics: Part 1 (Lesson 21)<br>Book: Ourselves<br>OR<br>American Government: Grade 7 (Lesson 21)<br>Book: Our Rugged Constitution</p>","","","Lesson","0","FALSE"
"alveary-recXtDJumB0O83W4t","Import is Current","alveary-recEDtsdNMUhCwpB9","22","1","20m Grammar/Comp: Grade 7 - Lesson 85","<p>➜ ⬚ 15m COMPOSITION ASSIGNMENT #1 - Letter <br>Write a letter to a family member or friend about something you've read this term.</p><p>➜ ⬚ 15m COMPOSITION ASSIGNMENT #2 - Student Choice/Opinion<br>Choose a discussion question from one of your lessons and write about it today. Think about your lessons in Paragraph Town and think about how you organize your thoughts as you write.</p>","","","Lesson","0","FALSE"
"alveary-recXtDJumB0O83W4t","Import is Current","alveary-recdC4ROQVHLMzYlO","22","2","20m Grammar/Comp: Grade 7 - Lesson 86","<p>Composition<br>⍞ Materials: Practice Town<br> <br>➜ WARM-UP<br>Sentence 82</p><p>➜ PRACTICE<br>Write two paragraphs about a subject, with each paragraph being about a different topic. (Example: If your subject is a lake near you, one paragraph could be about things above the water and the other could be about things under the water.) Connect the two paragraphs with appropriate words in the topic sentence of the second paragraph.</p>","","","Lesson","0","FALSE"
"alveary-recXtDJumB0O83W4t","Import is Current","alveary-recmukfTrJkxIhJv1","22","3","20m Grammar/Comp: Grade 7 - Lesson 87","<p>Composition<br> <br>➜ PRACTICE<br>Write two paragraphs about a subject, with one being descriptive and the other being expository. (Example: If your subject is an event, the first paragraph could tell what happened, and the second could tell why it happened.) Connect the two paragraphs with appropriate words in the topic sentence of the second paragraph.</p>","","","Lesson","0","FALSE"
"alveary-recXtDJumB0O83W4t","Import is Current","alveary-rec1IKksUbiWwnnzc","22","4","20m Grammar/Comp: Grade 7 - Lesson 88","<p>➜ ⬚ 15m COMPOSITION ASSIGNMENT #1 - Letter <br>Write a letter to a family member or friend about something you've read this term.</p><p>➜ ⬚ 15m COMPOSITION ASSIGNMENT #2 - Student Choice/Opinion<br>Choose a discussion question from one of your lessons and write about it today. Think about your lessons in Paragraph Town and think about how you organize your thoughts as you write.</p>","","","Lesson","0","FALSE"
"alveary-recXtDJumB0O83W4t","Import is Current","alveary-recYVKnQqNcr4rn83","23","1","20m Grammar/Comp: Grade 7 - Lesson 89","<p>➜ ⬚ 15m COMPOSITION ASSIGNMENT #1 - Reporting<br>Create a newspaper article letting the Roman people know about Zenobia. Add anything from her story that you'd think would be of great interest to the Roman populace.</p><p>➜ ⬚ 15m COMPOSITION ASSIGNMENT #2 - Sacred Poetry<br>Write your own Psalm to God or write a Psalm that talks about Him.</p><br><h2>Additional Notes</h2>
<p>────────────────────</p>
<p>• REFERENCE<br>Comp #1-2<br>Ancient History: Grade 7-9 (Lesson 21-22)<br>Book: A Short History of Ancient Rome</p>","","","Lesson","0","FALSE"
"alveary-recXtDJumB0O83W4t","Import is Current","alveary-recQzWraaYSpH1TpK","23","2","20m Grammar/Comp: Grade 7 - Lesson 90","<p>Composition<br> <br>➜ PRACTICE<br>Revise one of your narrations from this term into a second draft. Make sure that each paragraph only has one topic, that all the sentences in each paragraph support that topic, and that there are good connections between paragraphs.</p>","","","Lesson","0","FALSE"
"alveary-recXtDJumB0O83W4t","Import is Current","alveary-recjmprvWo1HlZsZu","23","3","20m Grammar/Comp: Grade 7 - Lesson 91","<p>Composition<br> <br>➜ PRACTICE<br>Evaluate the second narration draft you wrote. Check each sentence for structure, wordiness, clarity, and impact. Edit for spelling and mechanics, and write a final draft.</p>","","","Lesson","0","FALSE"
"alveary-recXtDJumB0O83W4t","Import is Current","alveary-recCL5Eb7dfTxkBSY","23","4","20m Grammar/Comp: Grade 7 - Lesson 92","<p>➜ ⬚ 15m COMPOSITION ASSIGNMENT #1 - Reporting<br>Create a newspaper article letting the Roman people know about Zenobia. Add anything from her story that you'd think would be of great interest to the Roman populace.</p><p>➜ ⬚ 15m COMPOSITION ASSIGNMENT #2 - Sacred Poetry<br>Write your own Psalm to God or write a Psalm that talks about Him.</p><br><h2>Additional Notes</h2>
<p>────────────────────</p>
<p>• REFERENCE<br>Comp #1-2<br>Ancient History: Grade 7-9 (Lesson 21-22)<br>Book: A Short History of Ancient Rome</p>","","","Lesson","0","FALSE"
"alveary-recXtDJumB0O83W4t","Import is Current","alveary-recQPH8RgMy73XAKo","24","1","20m Grammar/Comp: Grade 7 - Lesson 93","<p>Exam Week</p><p>➜ EXAMS<br>There are no exams for this course.</p>","<p>★ Grammar/Comp: Grade 7 — TERM 2 EXAM QUESTIONS<br>· Label parts of speech, parts of the sentence, phrases, and clauses. Write a comment.<br>Practice Town: Sentence 83</p><p>· Paragraph Town: Write two paragraphs on the subject of &quot;Chalk &amp; Pastels.&quot; The first paragraph should tell how they are similar, and the second paragraph should tell how they are different. (If you have no experience with either of these, choose two other art media.) Connect the two paragraphs using appropriate words in the topic sentence of the second paragraph.</p>","","Exam","0","FALSE"
"alveary-recXtDJumB0O83W4t","Import is Current","alveary-recWhBNEbCFsuhlbm","24","2","20m Grammar/Comp: Grade 7 - Lesson 94","<p>Exam Week</p><p>➜ EXAMS <br>Answer question(s) related to the course.</p><p>Questions will come from:<br>Practice Town</p>","<p>★ Grammar/Comp: Grade 7 — TERM 2 EXAM QUESTIONS<br>· Label parts of speech, parts of the sentence, phrases, and clauses. Write a comment.<br>Practice Town: Sentence 83</p><p>· Paragraph Town: Write two paragraphs on the subject of &quot;Chalk &amp; Pastels.&quot; The first paragraph should tell how they are similar, and the second paragraph should tell how they are different. (If you have no experience with either of these, choose two other art media.) Connect the two paragraphs using appropriate words in the topic sentence of the second paragraph.</p>","","Exam","0","FALSE"
"alveary-recXtDJumB0O83W4t","Import is Current","alveary-recicV6MayV4hSUXm","24","3","20m Grammar/Comp: Grade 7 - Lesson 95","<p>Exam Week</p><p>➜ EXAMS <br>Answer question(s) related to the course.</p><p>Questions will come from:<br>Paragraph Town</p>","<p>★ Grammar/Comp: Grade 7 — TERM 2 EXAM QUESTIONS<br>· Label parts of speech, parts of the sentence, phrases, and clauses. Write a comment.<br>Practice Town: Sentence 83</p><p>· Paragraph Town: Write two paragraphs on the subject of &quot;Chalk &amp; Pastels.&quot; The first paragraph should tell how they are similar, and the second paragraph should tell how they are different. (If you have no experience with either of these, choose two other art media.) Connect the two paragraphs using appropriate words in the topic sentence of the second paragraph.</p>","","Exam","0","FALSE"
"alveary-recXtDJumB0O83W4t","Import is Current","alveary-recBhpXXxmPXcVBmg","24","4","20m Grammar/Comp: Grade 7 - Lesson 96","<p>Exam Week</p><p>➜ EXAMS<br>There are no exams for this course.</p>","<p>★ Grammar/Comp: Grade 7 — TERM 2 EXAM QUESTIONS<br>· Label parts of speech, parts of the sentence, phrases, and clauses. Write a comment.<br>Practice Town: Sentence 83</p><p>· Paragraph Town: Write two paragraphs on the subject of &quot;Chalk &amp; Pastels.&quot; The first paragraph should tell how they are similar, and the second paragraph should tell how they are different. (If you have no experience with either of these, choose two other art media.) Connect the two paragraphs using appropriate words in the topic sentence of the second paragraph.</p>","","Exam","0","FALSE"
"alveary-recXtDJumB0O83W4t","Import is Current","alveary-recaUFv0xPBwynqeQ","25","1","20m Grammar/Comp: Grade 7 - Lesson 97","<p>➜ ⬚ 15m COMPOSITION ASSIGNMENT #1 - Interview<br>(American Students) Write an interview with Coach Joe Kennedy about his Supreme Court case.<br>OR <br>Write an interview with Frederick Douglass on what he remembers from his early childhood.</p><p>➜ ⬚ 15m COMPOSITION ASSIGNMENT #2 - Expository<br>When is Imagination a good servant? What does it act like when it is directed at Self?</p><br><h2>Additional Notes</h2>
<p>────────────────────</p>
<p>• REFERENCE<br>Comp #1<br>American Government: Grade 7 (Lesson 25)<br>Book: This Rugged Constitution<br>OR<br>General Lit (G7-8, Lesson 25)<br>Book: The Narrative of the Life of Frederick Douglass</p><p>Comp #2<br>Ethics: Part 1 (Lesson 25) <br>Book: Ourselves</p>","<p>★ TEACHER TIP<br>Make sure students are practicing typing skills and typing narrations regularly.</p>","","Lesson","0","FALSE"
"alveary-recXtDJumB0O83W4t","Import is Current","alveary-recnWQXyZ9ZefXhzY","25","2","20m Grammar/Comp: Grade 7 - Lesson 98","<p>Audience<br>⍞ Materials: Practice Town, Paragraph Town<br> <br>➜ WARM-UP <br>Sentence 84</p><p>➜ READ, NARRATE, &amp; DISCUSS<br>p.86</p><p>➜ DISCUSS<br>Both reading and writing are interactive activities between the writer and the reader. What does this mean when you are the reader? What does it mean when you are the writer?</p>","","","Lesson","0","FALSE"
"alveary-recXtDJumB0O83W4t","Import is Current","alveary-recZfqgGCGdDvR490","25","3","20m Grammar/Comp: Grade 7 - Lesson 99","<p>3 Levels of Organization<br>⍞ Materials: Practice Town, Paragraph Town<br> <br>➜ WARM-UP<br>Sentence 85</p><p>➜ READ, NARRATE, &amp; DISCUSS<br>p.88-89</p><p>➜ DISCUSS<br>In what ways is the passage on p.89 an illustration of itself? In other words, do the instructions follow their own rules?</p>","","","Lesson","0","FALSE"
"alveary-recXtDJumB0O83W4t","Import is Current","alveary-recplGy0HYjmiSc73","25","4","20m Grammar/Comp: Grade 7 - Lesson 100","<p>➜ ⬚ 15m COMPOSITION ASSIGNMENT #1 - Interview<br>(American Students) Write an interview with Coach Joe Kennedy about his Supreme Court case.<br>OR <br>Write an interview with Frederick Douglass on what he remembers from his early childhood.</p><p>➜ ⬚ 15m COMPOSITION ASSIGNMENT #2 - Expository<br>When is Imagination a good servant? What does it act like when it is directed at Self?</p><br><h2>Additional Notes</h2>
<p>────────────────────</p>
<p>• REFERENCE<br>Comp #1<br>American Government: Grade 7 (Lesson 25)<br>Book: This Rugged Constitution<br>OR<br>General Lit (G7-8, Lesson 25)<br>Book: The Narrative of the Life of Frederick Douglass</p><p>Comp #2<br>Ethics: Part 1 (Lesson 25)<br>Book: Ourselves</p>","<p>★ TEACHER TIP<br>Make sure students are practicing typing skills and typing narrations regularly.</p>","","Lesson","0","FALSE"
"alveary-recXtDJumB0O83W4t","Import is Current","alveary-recgd8lPu38k4oOrv","26","1","20m Grammar/Comp: Grade 7 - Lesson 101","<p>➜ ⬚ 15m COMPOSITION ASSIGNMENT #1 - Scene<br>Turn the first part of Gold Mountain, Elijah of Buxton, The Celebrated Jumping Frog of Calaveras County, or another book of your choice into a scene for a play! Look at one of Shakespeare's plays to see how to set up your scene. Remember that plays essentially rely on dialogue and stage directions to work. So, it may even help to try acting it out or imagining how you'd set it up in a room first. Feel free to look back at your books and use excerpts of dialogue from the book as you work on your scene.</p><p>➜ ⬚ 15m COMPOSITION ASSIGNMENT #2 - Questions<br>Continue working on your scene for a play.<br>OR<br>Write as many questions as you can about one of your readings. We can use the same questions for books that you might use for nature study to make observations about books and generate more questions: &quot;What do you notice?&quot; &quot;What do you wonder?&quot; and &quot;What does it remind you of?&quot; Don't worry if you think of a lot of questions and then draw a blank. Give yourself some time and keep thinking, and you'll probably come up with some new questions!</p><br><h2>Additional Notes</h2>
<p>────────────────────</p>
<p>• REFERENCE<br>Comp #1 and 2<br>History or Literature<br>Book: Gold Mountain, Elijah of Buxton, The Celebrated Jumping Frog of Calaveras County, or Book of Choice</p>","<p>★ TEACHER TIP<br>Some students may find it helpful to use external supports before writing, such as index cards that can be arranged and re-ordered. You can also encourage students to talk aloud as they write or use speech-to-text and then edit.</p>","","Lesson","0","FALSE"
"alveary-recXtDJumB0O83W4t","Import is Current","alveary-recUnCNapIEHV9X6x","26","2","20m Grammar/Comp: Grade 7 - Lesson 102","<p>Organization<br>⍞ Materials: Practice Town, Paragraph Town<br> <br>➜ WARM-UP<br>Sentence 86</p><p>➜ READ, NARRATE, &amp; DISCUSS<br>p.90-91</p><p>➜ DISCUSS<br>How are the sentences in the descriptive paragraph on p.90 organized?</p>","","","Lesson","0","FALSE"
"alveary-recXtDJumB0O83W4t","Import is Current","alveary-recSfQ87SpeWj1ivS","26","3","20m Grammar/Comp: Grade 7 - Lesson 103","<p>Organization<br>⍞ Materials: Practice Town, Paragraph Town<br> <br>➜ WARM-UP<br>Sentence 87</p><p>➜ READ, NARRATE, &amp; DISCUSS<br>p.92</p><p>➜ DISCUSS<br>How are the sentences in the descriptive paragraph organized?</p>","","","Lesson","0","FALSE"
"alveary-recXtDJumB0O83W4t","Import is Current","alveary-recGJrmhRSNSOPMAr","26","4","20m Grammar/Comp: Grade 7 - Lesson 104","<p>➜ ⬚ 15m COMPOSITION ASSIGNMENT #1 - Scene<br>Turn the first part of Gold Mountain, Elijah of Buxton, The Celebrated Jumping Frog of Calaveras County, or another book of your choice into a scene for a play! Look at one of Shakespeare's plays to see how to set up your scene. Remember that plays essentially rely on dialogue and stage directions to work. So, it may even help to try acting it out or imagining how you'd set it up in a room first. Feel free to look back at your books and use excerpts of dialogue from the book as you work on your scene.</p><p>➜ ⬚ 15m COMPOSITION ASSIGNMENT #2 - Questions<br>Continue working on your scene for a play.<br>OR<br>Write as many questions as you can about one of your readings. We can use the same questions for books that you might use for nature study to make observations about books and generate more questions: &quot;What do you notice?&quot; &quot;What do you wonder?&quot; and &quot;What does it remind you of?&quot; Don't worry if you think of a lot of questions and then draw a blank. Give yourself some time and keep thinking, and you'll probably come up with some new questions!</p><br><h2>Additional Notes</h2>
<p>────────────────────</p>
<p>• REFERENCE<br>Comp #1 and 2<br>History or Literature<br>Book: Gold Mountain, Elijah of Buxton, The Celebrated Jumping Frog of Calaveras County, or Book of Choice</p>","<p>★ TEACHER TIP<br>Some students may find it helpful to use external supports before writing, such as index cards that can be arranged and re-ordered. You can also encourage students to talk aloud as they write or use speech-to-text and then edit.</p>","","Lesson","0","FALSE"
"alveary-recXtDJumB0O83W4t","Import is Current","alveary-recQhoYt8YdvQC8ne","27","1","20m Grammar/Comp: Grade 7 - Lesson 105","<p>➜ ⬚ 15m COMPOSITION ASSIGNMENT #1 - Editing<br>Pick one of your favorite comparison assignments from Term 1 or 2. Today we're going to practice what you've been learning in Paragraph Town to revise your work.<br>• Type it if it isn't already typed. <br>• Read your work aloud and fix any initial grammar or spelling mistakes you see/hear. <br>• Use what you've learned from grammar to check for any other errors to correct (subject/verb, sentence fragments, etc.)<br>• Review comparison paragraphs and the different types of paragraphs in Paragraph Town. <br>• Now look back at your writing and see what you can do to make it an even clearer comparison paragraph. Do you have a topic sentence or connecting words? Do you have enough sentences in your paragraph? Try rearranging the sentences in a different order (you could physically write or print them out and cut them apart and try rearranging if you like). What order do you think might give the most natural progression of thought? Feel free to add or take away words, phrases, or sentences. Now is the time to revise, and often writers only keep a little bit of their initial work when they revisit it! That doesn't mean your first work was bad; you just know more and have new thoughts on how to make it better now that you've given it some time to rest!<br>• If you need more time, continue this exercise during Composition assignment #2 this week.</p><p>➜ ⬚ 15m COMPOSITION ASSIGNMENT #2 - Summary<br>Continue revising from Comp #1 if needed. <br>OR<br>Write a brief summary of a current event.</p>","<p>★ TEACHER TIP<br>Provide opportunities for students to explore other ways of narrating with technology, using applications such as PowerPoint or design software such as Canva.</p>","","Lesson","0","FALSE"
"alveary-recXtDJumB0O83W4t","Import is Current","alveary-rec1i9lQ6TKGBHcre","27","2","20m Grammar/Comp: Grade 7 - Lesson 106","<p>Sound<br>⍞ Materials: Practice Town, Paragraph Town<br> <br>➜ WARM-UP<br>Sentence 88</p><p>➜ READ, NARRATE, &amp; DISCUSS<br>p.94-97</p><p>➜ DISCUSS<br>Look back at the pages you just read. Find examples of the author using sound to enhance the meaning and beauty of his sentences.</p>","","","Lesson","0","FALSE"
"alveary-recXtDJumB0O83W4t","Import is Current","alveary-rec8LUQjDG3T1P0Yx","27","3","20m Grammar/Comp: Grade 7 - Lesson 107","<p>Review<br>⍞ Materials: Practice Town, Paragraph Town<br> <br>➜ WARM-UP<br>Sentence 89</p><p>➜ READ, NARRATE, &amp; DISCUSS<br>p.98-99</p><p>➜ DISCUSS<br>Reread Fishmeal's essay carefully. Find examples of the elements of good writing we have learned about this year.</p>","","","Lesson","0","FALSE"
"alveary-recXtDJumB0O83W4t","Import is Current","alveary-rec5g1inNOlOE4tv4","27","4","20m Grammar/Comp: Grade 7 - Lesson 108","<p>➜ ⬚ 15m COMPOSITION ASSIGNMENT #1 - Editing<br>Pick one of your favorite comparison assignments from Term 1 or 2. Today we're going to practice what you've been learning in Paragraph Town to revise your work.<br>• Type it if it isn't already typed. <br>• Read your work aloud and fix any initial grammar or spelling mistakes you see/hear. <br>• Use what you've learned from grammar to check for any other errors to correct (subject/verb, sentence fragments, etc.)<br>• Review comparison paragraphs and the different types of paragraphs in Paragraph Town. <br>• Now look back at your writing and see what you can do to make it an even clearer comparison paragraph. Do you have a topic sentence or connecting words? Do you have enough sentences in your paragraph? Try rearranging the sentences in a different order (you could physically write or print them out and cut them apart and try rearranging if you like). What order do you think might give the most natural progression of thought? Feel free to add or take away words, phrases, or sentences. Now is the time to revise, and often writers only keep a little bit of their initial work when they revisit it! That doesn't mean your first work was bad; you just know more and have new thoughts on how to make it better now that you've given it some time to rest!<br>• If you need more time, continue this exercise during Composition assignment #2 this week.</p><p>➜ ⬚ 15m COMPOSITION ASSIGNMENT #2 - Summary<br>Continue revising from Comp #1 if needed. <br>OR<br>Write a brief summary of a current event.</p>","","","Lesson","0","FALSE"
"alveary-recXtDJumB0O83W4t","Import is Current","alveary-recLRfCqi7GoyKdzX","28","1","20m Grammar/Comp: Grade 7 - Lesson 109","<p>➜ ⬚ 15m COMPOSITION ASSIGNMENT #1 - Character Sketch<br>How does Douglass teach himself to read and write? What obstacles does he face, and what does he learn about his own situation from what he reads?<br>OR <br>Write a character sketch of someone you've met in another book this term.</p><p>➜ ⬚ 15m COMPOSITION ASSIGNMENT #2 - Expository<br>What is Reason, and how does it work?</p><br><h2>Additional Notes</h2>
<p>────────────────────</p>
<p>• REFERENCE<br>Comp #1<br>General Lit (G7-8, Lesson 28)<br>Book: Narrative of the Life of Frederick Douglass</p><p>Comp #2<br>Ethics: Part 1 (Lesson 28)<br>Book: Ourselves</p>","","","Lesson","0","FALSE"
"alveary-recXtDJumB0O83W4t","Import is Current","alveary-recvrfcLBIwUKstJ3","28","2","20m Grammar/Comp: Grade 7 - Lesson 110","<p>Reflection<br>⍞ Materials: Practice Town, Paragraph Town<br> <br>➜ WARM-UP<br>Sentence 90</p><p>➜ READ, NARRATE, &amp; DISCUSS<br>p.100-102</p><p>➜ PRACTICE<br>Reflect on what you have learned about paragraphs this year. How has this knowledge changed you as a reader and as a writer? Write two paragraphs on this topic. Be sure to include connection words between them.</p>","","","Lesson","0","FALSE"
"alveary-recXtDJumB0O83W4t","Import is Current","alveary-recA8Lq7Ud4jVuRGc","28","3","20m Grammar/Comp: Grade 7 - Lesson 111","<p>Composition<br>⍞ Materials: Practice Town<br> <br>➜ WARM-UP<br>Sentence 91</p><p>➜ PRACTICE<br>For the next few weeks, we will be writing expository paragraphs on a topic. For today, brainstorm a list of things that interest you. Some ideas might be people or events you have read about in school, hobbies, sports you enjoy, or even something you would like to find out more about. Try to list 3-7 possibilities. Which appeals most to you? About which of them do you think you have the most to say?</p>","","","Lesson","0","FALSE"
"alveary-recXtDJumB0O83W4t","Import is Current","alveary-recMZFV7AZevJ6Vcb","28","4","20m Grammar/Comp: Grade 7 - Lesson 112","<p>➜ ⬚ 15m COMPOSITION ASSIGNMENT #1 - Character Sketch<br>How does Douglass teach himself to read and write? What obstacles does he face, and what does he learn about his own situation from what he reads?<br>OR <br>Write a character sketch of someone you've met in another book this term.</p><p>➜ ⬚ 15m COMPOSITION ASSIGNMENT #2 - Expository<br>What is Reason, and how does it work?</p><br><h2>Additional Notes</h2>
<p>────────────────────</p>
<p>• REFERENCE<br>Comp #1<br>General Lit (G7-8, Lesson 28)<br>Book: Narrative of the Life of Frederick Douglass</p><p>Comp #2<br>Ethics: Part 1 (Lesson 28)<br>Book: Ourselves</p>","","","Lesson","0","FALSE"
"alveary-recXtDJumB0O83W4t","Import is Current","alveary-recBA3rttZhWSxxZz","29","1","20m Grammar/Comp: Grade 7 - Lesson 113","<p>➜ ⬚ 15m COMPOSITION ASSIGNMENT #1 - Opinion<br>Pick a discussion question from a recent lesson and write your thoughts on it. Try to write one well-constructed paragraph answering the question.</p><p>➜ ⬚ 15m COMPOSITION ASSIGNMENT #2 - Poem/Sketch<br>Write a poem about a favorite scene in one of your books, OR draw/sketch a comic-strip style retelling of the same section.</p>","","","Lesson","0","FALSE"
"alveary-recXtDJumB0O83W4t","Import is Current","alveary-recnOMEG4xAv2aBvb","29","2","20m Grammar/Comp: Grade 7 - Lesson 114","<p>Composition<br>⍞ Materials: Practice Town<br> <br>➜ WARM-UP<br>Sentence 92</p><p>➜ PRACTICE<br>Look at your list of possible topics and choose one. What are three things you could discuss about that topic? Make a list and put them in a logical order.</p><p>Example: Dogs<br>--Types of dogs<br>--Benefits of owning a dog<br>--Responsibilities of owning a dog</p>","","","Lesson","0","FALSE"
"alveary-recXtDJumB0O83W4t","Import is Current","alveary-rec5UqiWbHkXCOadi","29","3","20m Grammar/Comp: Grade 7 - Lesson 115","<p>Composition<br>⍞ Materials: Practice Town, Paragraph Town<br> <br>➜ WARM-UP<br>Sentence 93</p><p>➜ PRACTICE<br>Under each topic, list 3-7 things you want to say about it (see p.64 for example). Consider the sequence. What would be the best order to put your ideas in so that your writing is clear to a reader?</p>","","","Lesson","0","FALSE"
"alveary-recXtDJumB0O83W4t","Import is Current","alveary-rec0SOliiyTxTteVt","29","4","20m Grammar/Comp: Grade 7 - Lesson 116","<p>➜ ⬚ 15m COMPOSITION ASSIGNMENT #1 - Opinion<br>Pick a discussion question from a recent lesson and write your thoughts on it. Try to write one well-constructed paragraph answering the question.</p><p>➜ ⬚ 15m COMPOSITION ASSIGNMENT #2 - Poem/Sketch<br>Write a poem about a favorite scene in one of your books, OR draw/sketch a comic-strip style retelling of the same section.</p>","","","Lesson","0","FALSE"
"alveary-recXtDJumB0O83W4t","Import is Current","alveary-rec82Q5xfnehY5T6w","30","1","20m Grammar/Comp: Grade 7 - Lesson 117","<p>➜ ⬚ 15m COMPOSITION ASSIGNMENT #1 - Poetry - Found Verse</p><p>➜ INTRO<br>Have you ever heard of &quot;found poetry&quot;? Learn more with the article below.<br>∞ Article Link: Found Poetry</p><p>➜ WRITE<br>Poets have used historical texts like William Bradford's History of Plimoth Plantation, newspapers, novels, and more to create found poems. The act of rearranging words, pulling words from different places together, and thinking about key images in a text is essentially a way to think more deeply about what you have read. For this assignment, just pick one passage from one of your favorite books as your source text. Use Little Women/Sir Gibbie if there isn't another book that comes to mind.</p><p>• Decide your selected passage (keep it short - no more than 1-2 pages).<br>• Highlight words or phrases you particularly like and/or which seem particularly important to the passage.<br>• Type or write those words on a separate piece of paper and use them to write a poem.<br>• You may choose whether to limit yourself to ONLY words found in your text or whether you want to add some of your own words as well.</p><p>➜ ⬚ 15m COMPOSITION ASSIGNMENT #2 - Found Verse Construction<br>Continue with your found verse project today, either by hand or online, by taking the words and phrases you underlined or highlighted and putting them onto a separate piece of paper or a separate Google Doc. Play with the words to make your own found verse version of the passage you chose. Experiment with different line breaks and feel free to get rid of a phrase you had initially underlined or add a new one in. Read your work aloud to check if it flows logically and makes sense. Then read it to someone else and see what they think!</p><br><h2>Additional Notes</h2>
<p>────────────────────</p>
<p>• REFERENCE<br>Comp #1 and #2<br>Literature Reading Selections</p>","","https://planning.alveary.org/links.html?id=recXtDJumB0O83W4t&term=3&week=30","Lesson","0","FALSE"
"alveary-recXtDJumB0O83W4t","Import is Current","alveary-rec0werz2OK4Pn9yk","30","2","20m Grammar/Comp: Grade 7 - Lesson 118","<p>⬚ 20m Grammar/Comp: Grade 7 - Lesson 59<br>Composition<br>⍞ Materials: Practice Town<br> <br>➜ WARM-UP<br>Sentence 94</p><p>➜ PRACTICE<br>Write your first paragraph, using the outline you made last time as a guide.</p><p>Some rules for formal writing:<br>-Do not write in first person. (In other words, do not use the pronouns &quot;I&quot; or &quot;me.&quot;)<br>-Do not use contractions (can't, don't, etc.)<br>-Do not copy or paraphrase from another work.</p>","","","Lesson","0","FALSE"
"alveary-recXtDJumB0O83W4t","Import is Current","alveary-recCdH23jIwSpBRmg","30","3","20m Grammar/Comp: Grade 7 - Lesson 119","<p>Composition<br>⍞ Materials: Practice Town<br> <br>➜ WARM-UP<br>Sentence 95</p><p>➜ PRACTICE<br>Write your second paragraph.</p><p>More Rules:<br>-Your topic sentence must both tell what this paragraph is about AND link back to the previous paragraph.<br>-Indent or skip a line to show a change in paragraphs.<br>-Follow the punctuation rules you have learned. Refer to Grammar Town if needed.</p>","","","Lesson","0","FALSE"
"alveary-recXtDJumB0O83W4t","Import is Current","alveary-recT0B4xDS3ubBZSw","30","4","20m Grammar/Comp: Grade 7 - Lesson 120","<p>➜ ⬚ 15m COMPOSITION ASSIGNMENT #1 - Poetry - Found Verse</p><p>➜ INTRO<br>Have you ever heard of &quot;found poetry&quot;? Learn more with the article below.<br>∞ Article Link: Found Poetry</p><p>➜ WRITE<br>Poets have used historical texts like William Bradford's History of Plimoth Plantation, newspapers, novels, and more to create found poems. The act of rearranging words, pulling words from different places together, and thinking about key images in a text is essentially a way to think more deeply about what you have read. For this assignment, just pick one passage from one of your favorite books as your source text. Use Little Women/Sir Gibbie if there isn't another book that comes to mind.</p><p>• Decide your selected passage (keep it short - no more than 1-2 pages).<br>• Highlight words or phrases you particularly like and/or which seem particularly important to the passage.<br>• Type or write those words on a separate piece of paper and use them to write a poem.<br>• You may choose whether to limit yourself to ONLY words found in your text or whether you want to add some of your own words as well.</p><p>➜ ⬚ 15m COMPOSITION ASSIGNMENT #2 - Found Verse Construction<br>Continue with your found verse project today, either by hand or online, by taking the words and phrases you underlined or highlighted and putting them onto a separate piece of paper or a separate Google Doc. Play with the words to make your own found verse version of the passage you chose. Experiment with different line breaks and feel free to get rid of a phrase you had initially underlined or add a new one in. Read your work aloud to check if it flows logically and makes sense. Then read it to someone else and see what they think!</p><br><h2>Additional Notes</h2>
<p>────────────────────</p>
<p>• REFERENCE<br>Comp #1 and #2<br>Literature Reading Selections</p>","","https://planning.alveary.org/links.html?id=recXtDJumB0O83W4t&term=3&week=30","Lesson","0","FALSE"
"alveary-recXtDJumB0O83W4t","Import is Current","alveary-rec7BFwh9onIhGKq7","31","1","20m Grammar/Comp: Grade 7 - Lesson 121","<p>➜ ⬚ 15m COMPOSITION ASSIGNMENT #1 - Point of View<br>You are Gaius Gracchus. Your brother is dead, his friends were executed, and you have just had a dream where Tiberius tells you, &quot;Brother, why dost thou prolong time...we were both predestined to one manner of life and death&quot; (p.191). How do you feel about the dream?<br>OR<br>Choose a character from a novel you have read this week and write a diary entry in their voice.</p><p>➜ ⬚ 15m COMPOSITION ASSIGNMENT #2 - Poem/Expository<br>Compose your own poem about a current event today.<br>OR<br>Give some examples of Reason working its way out in your life or in your community.</p><br><h2>Additional Notes</h2>
<p>────────────────────</p>
<p>• REFERENCE<br>Comp #1<br>Plutarch (Lesson 31)</p><p>Comp #2<br>Ethics: Part 1 (Lesson 30)<br>Book: Ourselves</p>","","","Lesson","0","FALSE"
"alveary-recXtDJumB0O83W4t","Import is Current","alveary-recVwCELHq9o7apOf","31","2","20m Grammar/Comp: Grade 7 - Lesson 122","<p>Composition<br>⍞ Materials: Practice Town<br> <br>➜ WARM-UP<br>Sentence 96</p><p>➜ PRACTICE<br>Write your third paragraph, following the rules already discussed.</p>","","","Lesson","0","FALSE"
"alveary-recXtDJumB0O83W4t","Import is Current","alveary-rec2rw47fUBMrOcgU","31","3","20m Grammar/Comp: Grade 7 - Lesson 123","<p>Composition<br>⍞ Materials: Practice Town<br> <br>➜ WARM-UP<br>Sentence 97</p><p>➜ PRACTICE<br>Read aloud all three paragraphs you wrote, listening for logic and flow. Does everything make sense? Would organizing in a different way make it better? Think about your word choices. Are they vivid and accurate? Have you thought of something you would like to add? Where would be the best place to put it?</p><p>Write your second draft.</p>","","","Lesson","0","FALSE"
"alveary-recXtDJumB0O83W4t","Import is Current","alveary-recFOHXtj01kK9Qhb","31","4","20m Grammar/Comp: Grade 7 - Lesson 124","<p>➜ ⬚ 15m COMPOSITION ASSIGNMENT #1 - Point of View<br>You are Gaius Gracchus. Your brother is dead, his friends were executed, and you have just had a dream where Tiberius tells you, &quot;Brother, why dost thou prolong time...we were both predestined to one manner of life and death&quot; (p.191). How do you feel about the dream?<br>OR<br>Choose a character from a novel you have read this week and write a diary entry in their voice.</p><p>➜ ⬚ 15m COMPOSITION ASSIGNMENT #2 - Poem/Expository<br>Compose your own poem about a current event today.<br>OR<br>Give some examples of Reason working its way out in your life or in your community.</p><br><h2>Additional Notes</h2>
<p>────────────────────</p>
<p>• REFERENCE<br>Comp #1<br>Plutarch (Lesson 31)</p><p>Comp #2<br>Ethics: Part 1 (Lesson 30)<br>Book: Ourselves</p>","","","Lesson","0","FALSE"
"alveary-recXtDJumB0O83W4t","Import is Current","alveary-recTF43xsVsds7VF8","32","1","20m Grammar/Comp: Grade 7 - Lesson 125","<p>➜ ⬚ 15m COMPOSITION ASSIGNMENT #1 - Draft Descriptive Paragraph<br>Using what you know about descriptive paragraphs from Paragraph Town, write a descriptive paragraph about something you observed in a science lab, a nature walk, a building or house you have seen, or a scene from one of your other books. Focus today on writing as many details as possible. Next assignment, you'll have time to edit and revise. It's often hard to think about grammar and the concepts you've learned from Paragraph Town while also trying to get details down on paper, so we'll separate that process into two different steps, as many writers do.</p><p>➜ ⬚ 15m COMPOSITION ASSIGNMENT #2 - Revise Descriptive Paragraph<br>Now, review how descriptive paragraphs work in Paragraph Town and revise your work from Comp Assignment #1.<br>• Type your work if you haven't already. <br>• Look at your paragraph and see if you can improve its structure. Does it need a topic sentence, connecting words, another sentence or two added, a sentence taken away, or moved to a different place in the paragraph? Do you have enough detail that someone can imagine what you're describing? Add more if not!<br>• Read your work aloud and check grammar and spelling.</p>","","","Lesson","0","FALSE"
"alveary-recXtDJumB0O83W4t","Import is Current","alveary-recvJfSbD0iS7CKbL","32","2","20m Grammar/Comp: Grade 7 - Lesson 126","<p>Composition<br>⍞ Materials: Practice Town<br> <br>➜ WARM-UP<br>Sentence 98</p><p>➜ PRACTICE<br>Today is editing day! Check for things like spelling, capitalization, punctuation, misplaced modifiers, wordiness, etc. Read the piece aloud again and consider the sounds. How could you use sound to make your piece more beautiful? Use a thesaurus to find just the right words.</p><p>Write your final draft.</p>","","","Lesson","0","FALSE"
"alveary-recXtDJumB0O83W4t","Import is Current","alveary-rec02sbNYIbU06krP","32","3","20m Grammar/Comp: Grade 7 - Lesson 127","<p>Composition<br>⍞ Materials: Practice Town<br> <br>➜ WARM-UP<br>Sentence 99</p><p>➜ PRACTICE<br>Use today to finish your writing project. If you are finished, you may draw an illustration.</p>","","","Lesson","0","FALSE"
"alveary-recXtDJumB0O83W4t","Import is Current","alveary-recqqE086yGoRvdOq","32","4","20m Grammar/Comp: Grade 7 - Lesson 128","<p>➜ ⬚ 15m COMPOSITION ASSIGNMENT #1 - Draft Descriptive Paragraph<br>Using what you know about Descriptive paragraphs from Paragraph Town, write a descriptive paragraph about something you observed in a science lab, a nature walk, a building or house you have seen, or a scene from one of your other books. Focus today on writing as many details as possible. Next assignment, you'll have time to edit and revise. It's often hard to think about grammar and the concepts you've learned from Paragraph Town while also trying to get details down on paper, so we'll separate that process into two different steps, as many writers do.</p><p>➜ ⬚ 15m COMPOSITION ASSIGNMENT #2 - Revise Descriptive Paragraph<br>Now, review how descriptive paragraphs work in Paragraph Town and revise your work from Comp Assignment #1.<br>• Type your work if you haven't already. <br>• Look at your paragraph and see if you can improve its structure. Does it need a topic sentence, connecting words, another sentence or two added, a sentence taken away, or moved to a different place in the paragraph? Do you have enough detail that someone can imagine what you're describing? Add more if not!<br>• Read your work aloud and check grammar and spelling.</p>","","","Lesson","0","FALSE"
"alveary-recXtDJumB0O83W4t","Import is Current","alveary-recD8svXhFgjD8wwk","33","1","20m Grammar/Comp: Grade 7 - Lesson 129","<p>➜ ⬚ 15m COMPOSITION ASSIGNMENT #1 - Letter Writing<br>Write a letter to a family member or a real or imaginary friend telling them about a book you read this year and why you liked it. Give them a brief overview of what the book is about and then tell them why you enjoyed it.</p><p>➜ ⬚ 15m COMPOSITION ASSIGNMENT #2 <br>Continue working on your letter from Assignment #1 if desired. <br>OR<br>Choose a discussion question from one of your lessons to write on. <br>OR <br>Retell a scene from a recent reading as a poem, a scene from a play, or a comic strip.</p>","","","Lesson","0","FALSE"
"alveary-recXtDJumB0O83W4t","Import is Current","alveary-recI4Fylhi6BwBzG2","33","2","20m Grammar/Comp: Grade 7 - Lesson 130","<p>Composition<br> <br>➜ PRACTICE<br>The piece you wrote before is formal academic writing. Choose one of the paragraphs and rewrite it as informally as possible. Some ways to write informally are:<br>-Write in first person<br>-Use contractions<br>-Use colloquialisms (like &quot;dude&quot; or &quot;cool&quot;)<br>-Use exclamations and interjections</p><p>Examples:<br>The morning sunrise was wondrous to behold. (formal)<br>Dude! You wouldn't believe the sick sunrise I saw this morning! (informal)</p>","","","Lesson","0","FALSE"
"alveary-recXtDJumB0O83W4t","Import is Current","alveary-rece6jNlIKZpkrOOy","33","3","20m Grammar/Comp: Grade 7 - Lesson 131","<p>Composition<br>⍞ Materials: Paragraph Town<br> <br>➜ PRACTICE<br>For the next few weeks, you will work on a well-written narration. Choose one of your recent readings that you found interesting. The structure will be:</p><p>Paragraph 1: Give a synopsis of the content.<br>Paragraph 2: Make connections with other readings, subjects, or experiences.<br>Paragraph 3: Tell what you found most interesting, what you are wondering now, and what you would like to explore further.</p><p>Today, write your outline (see p.64).</p>","","","Lesson","0","FALSE"
"alveary-recXtDJumB0O83W4t","Import is Current","alveary-recCVAfkVm5xPJS7x","33","4","20m Grammar/Comp: Grade 7 - Lesson 132","<p>➜ ⬚ 15m COMPOSITION ASSIGNMENT #1 - Letter Writing<br>Write a letter to a family member or a real or imaginary friend telling them about a book you read this year and why you liked it. Give them a brief overview of what the book is about and then tell them why you enjoyed it.</p><p>➜ ⬚ 15m COMPOSITION ASSIGNMENT #2<br>Continue working on your letter from Assignment #1 if desired. <br>OR<br>Choose a discussion question from one of your lessons to write on. <br>OR <br>Retell a scene from a recent reading as a poem, a scene from a play, or a comic strip.</p>","","","Lesson","0","FALSE"
"alveary-recXtDJumB0O83W4t","Import is Current","alveary-recdR1EKrdh0dy3wg","34","1","20m Grammar/Comp: Grade 7 - Lesson 133","<p>➜ ⬚ 15m COMPOSITION ASSIGNMENT #1 - Expository/Opinion<br>Describe some good and bad outcomes of the Desire for Wealth or Power. Have you seen any examples today?<br>OR<br>Write a letter from Paul Dunbar to his mother describing his life in England</p><p>➜ ⬚ 15m COMPOSITION ASSIGNMENT #2 - Catch Up Lesson<br>Catch-up Lesson, complete a previous composition assignment you missed, OR Choose a discussion question from a lesson to write on.</p><br><h2>Additional Notes</h2>
<p>────────────────────</p>
<p>• REFERENCE<br>Comp #1<br>Ethics: Part 1 (Lesson 34)<br>Book: Ourselves<br>OR<br>Book: Jump Back Paul</p>","","","Lesson","0","FALSE"
"alveary-recXtDJumB0O83W4t","Import is Current","alveary-recmdmR4VDADn9Vgf","34","2","20m Grammar/Comp: Grade 7 - Lesson 134","<p>Composition<br> <br>➜ PRACTICE<br>Narration Paragraph 1: The trickiest thing about retelling content is knowing which things to include. Too few details make it difficult to follow, while too many make it tedious to read. Find a balance. Look at your outline. Choose 5-7 things that are crucial to understanding the passage and decide how they should be ordered. Then write your first paragraph.</p>","","","Lesson","0","FALSE"
"alveary-recXtDJumB0O83W4t","Import is Current","alveary-recJ2LDxw41rJH3oV","34","3","20m Grammar/Comp: Grade 7 - Lesson 135","<p>Composition<br> <br>➜ PRACTICE<br>Narration Paragraph 2: Look at your outline. Now that you have had more time to think, are there other connections you want to include? What books, music, art, shows, experiences, historical events, news, or ideas did the passage make you think about? Choose 2-3 of the most important ones to focus on. The tricky thing will be to avoid writing in first person. Instead of &quot;This reminded me of...,&quot; try &quot;This story is similar to...&quot;</p><p>Write your second paragraph.</p>","","","Lesson","0","FALSE"
"alveary-recXtDJumB0O83W4t","Import is Current","alveary-rec2jKvpFdH6vpfp2","34","4","20m Grammar/Comp: Grade 7 - Lesson 136","<p>➜ ⬚ 15m COMPOSITION ASSIGNMENT #1 - Expository/Opinion<br>Describe some good and bad outcomes of the Desire for Wealth or Power. Have you seen any examples today?<br>OR<br>Write a letter from Paul Dunbar to his mother describing his life in England.</p><p>➜ ⬚ 15m COMPOSITION ASSIGNMENT #2 - Catch Up Lesson<br>Catch-up Lesson, complete a previous composition assignment you missed, OR Choose a discussion question from a lesson to write on.</p><br><h2>Additional Notes</h2>
<p>────────────────────</p>
<p>• REFERENCE<br>Comp #1<br>Ethics: Part 1 (Lesson 34)<br>Book: Ourselves<br>OR<br>Book: Jump Back Paul</p>","","","Lesson","0","FALSE"
"alveary-recXtDJumB0O83W4t","Import is Current","alveary-recwCXg64d4hBwgqF","35","1","20m Grammar/Comp: Grade 7 - Lesson 137","<p>➜ ⬚ 15m COMPOSITION ASSIGNMENT #1 - Cause and Effect<br>Outline Douglass's story and the circumstances that prompt him to begin speaking and working as an abolitionist.</p><p>➜ ⬚ 15m COMPOSITION ASSIGNMENT #2 - Catch Up Lesson<br>Use this time to catch up on lessons in this or another course or explore Extra Helpings.</p><br><h2>Additional Notes</h2>
<p>────────────────────</p>
<p>• REFERENCE<br>Comp #1<br>General Lit (G7-8, Lesson 35)<br>Book: Narrative of the Life of Frederick Douglass</p>","","","Lesson","0","FALSE"
"alveary-recXtDJumB0O83W4t","Import is Current","alveary-recRmHIZ7zYVH1xc3","35","2","20m Grammar/Comp: Grade 7 - Lesson 138","<p>Composition<br> <br>➜ PRACTICE<br>Narration Paragraph 3: Look at your outline. Are you still wondering the same things you were when you wrote it? If your thoughts have changed, replace them. The assignment specifically asks you to tell what you found most interesting and asks what you want to know more about, but try to write without using first person point-of-view. Instead of &quot;I want to know more about...&quot; try, &quot;It would be interesting to learn more about...&quot;</p><p>Write your third paragraph.</p>","","","Lesson","0","FALSE"
"alveary-recXtDJumB0O83W4t","Import is Current","alveary-rec0p6Hg5mvWyvbvf","35","3","20m Grammar/Comp: Grade 7 - Lesson 139","<p>Composition<br> <br>➜ PRACTICE<br>Reread your three paragraphs. Do your topic sentences connect your paragraphs? Is everything in a logical order? Did you choose words for clarity, accuracy, and beauty? Edit for spelling, punctuation, capitalization, indentation, etc.</p><p>Write your final draft.</p>","","","Lesson","0","FALSE"
"alveary-recXtDJumB0O83W4t","Import is Current","alveary-rec7y851eGdn4q77O","35","4","20m Grammar/Comp: Grade 7 - Lesson 140","<p>➜ ⬚ 15m COMPOSITION ASSIGNMENT #1 - Cause and Effect<br>Outline Douglas's story and the circumstances that prompt him to begin speaking and working as an abolitionist.</p><p>➜ ⬚ 15m COMPOSITION ASSIGNMENT #2 - Catch Up Lesson<br>Use this time to catch up on lessons in this or another course or explore Extra Helpings.</p><br><h2>Additional Notes</h2>
<p>────────────────────</p>
<p>• REFERENCE<br>Comp #1<br>General Lit (G7-8, Lesson 35)<br>Book: Narrative of the Life of Frederick Douglass</p>","","","Lesson","0","FALSE"
"alveary-recXtDJumB0O83W4t","Import is Current","alveary-recPV9qhHjGz6VBoi","36","1","20m Grammar/Comp: Grade 7 - Lesson 141","<p>Exam Week</p><p>➜ EXAMS<br>There are no exams for this course.</p>","<p>★ Grammar/Comp: Grade 7 — TERM 3 EXAM QUESTIONS<br>· Label parts of speech, parts of the sentence, phrases, and clauses. Write a comment.<br>Practice Town: Sentence 100</p><p>· Paragraph Town: Write at least two paragraphs discussing the most important ideas and/or events of the time period we studied this year. Start with an outline and include all of the elements of good writing you have learned. Be sure to edit.</p>","","Exam","0","FALSE"
"alveary-recXtDJumB0O83W4t","Import is Current","alveary-recvzfmLcFpJn8usW","36","2","20m Grammar/Comp: Grade 7 - Lesson 142","<p>Exam Week<br> <br>➜ EXAMS <br>Answer question(s) related to the course.</p><p>Questions will come from:<br>Practice Town</p>","<p>★ Grammar/Comp: Grade 7 — TERM 3 EXAM QUESTIONS<br>· Label parts of speech, parts of the sentence, phrases, and clauses. Write a comment.<br>Practice Town: Sentence 100</p><p>· Paragraph Town: Write at least two paragraphs discussing the most important ideas and/or events of the time period we studied this year. Start with an outline and include all of the elements of good writing you have learned. Be sure to edit.</p>","","Exam","0","FALSE"
"alveary-recXtDJumB0O83W4t","Import is Current","alveary-recXhbjbliAhleHOK","36","3","20m Grammar/Comp: Grade 7 - Lesson 143","<p>\Exam Week<br> <br>➜ EXAMS <br>Answer question(s) related to the course.</p><p>Questions will come from:<br>Paragraph Town</p>","<p>★ Grammar/Comp: Grade 7 — TERM 3 EXAM QUESTIONS<br>· Label parts of speech, parts of the sentence, phrases, and clauses. Write a comment.<br>Practice Town: Sentence 100</p><p>· Paragraph Town: Write at least two paragraphs discussing the most important ideas and/or events of the time period we studied this year. Start with an outline and include all of the elements of good writing you have learned. Be sure to edit.</p>","","Exam","0","FALSE"
"alveary-recXtDJumB0O83W4t","Import is Current","alveary-reca1R9CZZtxYf4dV","36","4","20m Grammar/Comp: Grade 7 - Lesson 144","<p>Exam Week</p><p>➜ EXAMS<br>There are no exams for this course.</p>","<p>★ Grammar/Comp: Grade 7 — TERM 3 EXAM QUESTIONS<br>· Label parts of speech, parts of the sentence, phrases, and clauses. Write a comment.<br>Practice Town: Sentence 100</p><p>· Paragraph Town: Write at least two paragraphs discussing the most important ideas and/or events of the time period we studied this year. Start with an outline and include all of the elements of good writing you have learned. Be sure to edit.</p>","","Exam","0","FALSE"
