"course_custom_id","syllabird_status","assignment_custom_id","assignment_week","assignment_day","assignment_name","assignment_description","assignment_teachersNote","assignment_linksUrl","assignment_type","assignment_duration","assignment_graded"
"alveary-recw3n8hXdAPGodOM","Import is Current","alveary-tracker-recw3n8hXdAPGodOM-1-1","1","1","m Written Narration: Grade 8 - Lesson 1","<p>➜ WRITTEN NARRATION TRACKER<br>Complete eight written narrations this week. The rest will be oral narrations to yourself or your teacher. See the intro pages of the lesson plans for ideas on how to keep narrations varied and interesting!</p><p>★ TEACHER TIP<br>Make sure students are practicing typing skills, and typing narrations and compositions regularly.</p>","","https://planning.alveary.org/links.html?id=recw3n8hXdAPGodOM","Lesson","0","FALSE"
"alveary-recw3n8hXdAPGodOM","Import is Current","alveary-tracker-recw3n8hXdAPGodOM-1-2","1","2","m Written Narration: Grade 8 - Lesson 2","<p>➜ WRITTEN NARRATION TRACKER<br>Complete eight written narrations this week. The rest will be oral narrations to yourself or your teacher. See the intro pages of the lesson plans for ideas on how to keep narrations varied and interesting!</p><p>★ TEACHER TIP<br>Make sure students are practicing typing skills, and typing narrations and compositions regularly.</p>","","https://planning.alveary.org/links.html?id=recw3n8hXdAPGodOM","Lesson","0","FALSE"
"alveary-recw3n8hXdAPGodOM","Import is Current","alveary-tracker-recw3n8hXdAPGodOM-1-3","1","3","m Written Narration: Grade 8 - Lesson 3","<p>➜ WRITTEN NARRATION TRACKER<br>Complete eight written narrations this week. The rest will be oral narrations to yourself or your teacher. See the intro pages of the lesson plans for ideas on how to keep narrations varied and interesting!</p><p>★ TEACHER TIP<br>Make sure students are practicing typing skills, and typing narrations and compositions regularly.</p>","","https://planning.alveary.org/links.html?id=recw3n8hXdAPGodOM","Lesson","0","FALSE"
"alveary-recw3n8hXdAPGodOM","Import is Current","alveary-tracker-recw3n8hXdAPGodOM-1-4","1","4","m Written Narration: Grade 8 - Lesson 4","<p>➜ WRITTEN NARRATION TRACKER<br>Complete eight written narrations this week. The rest will be oral narrations to yourself or your teacher. See the intro pages of the lesson plans for ideas on how to keep narrations varied and interesting!</p><p>★ TEACHER TIP<br>Make sure students are practicing typing skills, and typing narrations and compositions regularly.</p>","","https://planning.alveary.org/links.html?id=recw3n8hXdAPGodOM","Lesson","0","FALSE"
"alveary-recw3n8hXdAPGodOM","Import is Current","alveary-tracker-recw3n8hXdAPGodOM-1-5","1","5","m Written Narration: Grade 8 - Lesson 5","<p>➜ WRITTEN NARRATION TRACKER<br>Complete eight written narrations this week. The rest will be oral narrations to yourself or your teacher. See the intro pages of the lesson plans for ideas on how to keep narrations varied and interesting!</p><p>★ TEACHER TIP<br>Make sure students are practicing typing skills, and typing narrations and compositions regularly.</p>","","https://planning.alveary.org/links.html?id=recw3n8hXdAPGodOM","Lesson","0","FALSE"
"alveary-recw3n8hXdAPGodOM","Import is Current","alveary-tracker-recw3n8hXdAPGodOM-1-6","1","6","m Written Narration: Grade 8 - Lesson 6","<p>➜ WRITTEN NARRATION TRACKER<br>Complete eight written narrations this week. The rest will be oral narrations to yourself or your teacher. See the intro pages of the lesson plans for ideas on how to keep narrations varied and interesting!</p><p>★ TEACHER TIP<br>Make sure students are practicing typing skills, and typing narrations and compositions regularly.</p>","","https://planning.alveary.org/links.html?id=recw3n8hXdAPGodOM","Lesson","0","FALSE"
"alveary-recw3n8hXdAPGodOM","Import is Current","alveary-tracker-recw3n8hXdAPGodOM-1-7","1","7","m Written Narration: Grade 8 - Lesson 7","<p>➜ WRITTEN NARRATION TRACKER<br>Complete eight written narrations this week. The rest will be oral narrations to yourself or your teacher. See the intro pages of the lesson plans for ideas on how to keep narrations varied and interesting!</p><p>★ TEACHER TIP<br>Make sure students are practicing typing skills, and typing narrations and compositions regularly.</p>","","https://planning.alveary.org/links.html?id=recw3n8hXdAPGodOM","Lesson","0","FALSE"
"alveary-recw3n8hXdAPGodOM","Import is Current","alveary-tracker-recw3n8hXdAPGodOM-1-8","1","8","m Written Narration: Grade 8 - Lesson 8","<p>➜ WRITTEN NARRATION TRACKER<br>Complete eight written narrations this week. The rest will be oral narrations to yourself or your teacher. See the intro pages of the lesson plans for ideas on how to keep narrations varied and interesting!</p><p>★ TEACHER TIP<br>Make sure students are practicing typing skills, and typing narrations and compositions regularly.</p>","","https://planning.alveary.org/links.html?id=recw3n8hXdAPGodOM","Lesson","0","FALSE"
"alveary-recw3n8hXdAPGodOM","Import is Current","alveary-tracker-recw3n8hXdAPGodOM-2-1","2","1","m Written Narration: Grade 8 - Lesson 9","<p>➜ WRITTEN NARRATION TRACKER<br>Complete eight written narrations this week. The rest will be oral narrations to yourself or your teacher. See the intro pages of the lesson plans for ideas on how to keep narrations varied and interesting!</p><p>★ TEACHER TIP<br>Make sure students are practicing typing skills, and typing narrations and compositions regularly.</p>","","https://planning.alveary.org/links.html?id=recw3n8hXdAPGodOM","Lesson","0","FALSE"
"alveary-recw3n8hXdAPGodOM","Import is Current","alveary-tracker-recw3n8hXdAPGodOM-2-2","2","2","m Written Narration: Grade 8 - Lesson 10","<p>➜ WRITTEN NARRATION TRACKER<br>Complete eight written narrations this week. The rest will be oral narrations to yourself or your teacher. See the intro pages of the lesson plans for ideas on how to keep narrations varied and interesting!</p><p>★ TEACHER TIP<br>Make sure students are practicing typing skills, and typing narrations and compositions regularly.</p>","","https://planning.alveary.org/links.html?id=recw3n8hXdAPGodOM","Lesson","0","FALSE"
"alveary-recw3n8hXdAPGodOM","Import is Current","alveary-tracker-recw3n8hXdAPGodOM-2-3","2","3","m Written Narration: Grade 8 - Lesson 11","<p>➜ WRITTEN NARRATION TRACKER<br>Complete eight written narrations this week. The rest will be oral narrations to yourself or your teacher. See the intro pages of the lesson plans for ideas on how to keep narrations varied and interesting!</p><p>★ TEACHER TIP<br>Make sure students are practicing typing skills, and typing narrations and compositions regularly.</p>","","https://planning.alveary.org/links.html?id=recw3n8hXdAPGodOM","Lesson","0","FALSE"
"alveary-recw3n8hXdAPGodOM","Import is Current","alveary-tracker-recw3n8hXdAPGodOM-2-4","2","4","m Written Narration: Grade 8 - Lesson 12","<p>➜ WRITTEN NARRATION TRACKER<br>Complete eight written narrations this week. The rest will be oral narrations to yourself or your teacher. See the intro pages of the lesson plans for ideas on how to keep narrations varied and interesting!</p><p>★ TEACHER TIP<br>Make sure students are practicing typing skills, and typing narrations and compositions regularly.</p>","","https://planning.alveary.org/links.html?id=recw3n8hXdAPGodOM","Lesson","0","FALSE"
"alveary-recw3n8hXdAPGodOM","Import is Current","alveary-tracker-recw3n8hXdAPGodOM-2-5","2","5","m Written Narration: Grade 8 - Lesson 13","<p>➜ WRITTEN NARRATION TRACKER<br>Complete eight written narrations this week. The rest will be oral narrations to yourself or your teacher. See the intro pages of the lesson plans for ideas on how to keep narrations varied and interesting!</p><p>★ TEACHER TIP<br>Make sure students are practicing typing skills, and typing narrations and compositions regularly.</p>","","https://planning.alveary.org/links.html?id=recw3n8hXdAPGodOM","Lesson","0","FALSE"
"alveary-recw3n8hXdAPGodOM","Import is Current","alveary-tracker-recw3n8hXdAPGodOM-2-6","2","6","m Written Narration: Grade 8 - Lesson 14","<p>➜ WRITTEN NARRATION TRACKER<br>Complete eight written narrations this week. The rest will be oral narrations to yourself or your teacher. See the intro pages of the lesson plans for ideas on how to keep narrations varied and interesting!</p><p>★ TEACHER TIP<br>Make sure students are practicing typing skills, and typing narrations and compositions regularly.</p>","","https://planning.alveary.org/links.html?id=recw3n8hXdAPGodOM","Lesson","0","FALSE"
"alveary-recw3n8hXdAPGodOM","Import is Current","alveary-tracker-recw3n8hXdAPGodOM-2-7","2","7","m Written Narration: Grade 8 - Lesson 15","<p>➜ WRITTEN NARRATION TRACKER<br>Complete eight written narrations this week. The rest will be oral narrations to yourself or your teacher. See the intro pages of the lesson plans for ideas on how to keep narrations varied and interesting!</p><p>★ TEACHER TIP<br>Make sure students are practicing typing skills, and typing narrations and compositions regularly.</p>","","https://planning.alveary.org/links.html?id=recw3n8hXdAPGodOM","Lesson","0","FALSE"
"alveary-recw3n8hXdAPGodOM","Import is Current","alveary-tracker-recw3n8hXdAPGodOM-2-8","2","8","m Written Narration: Grade 8 - Lesson 16","<p>➜ WRITTEN NARRATION TRACKER<br>Complete eight written narrations this week. The rest will be oral narrations to yourself or your teacher. See the intro pages of the lesson plans for ideas on how to keep narrations varied and interesting!</p><p>★ TEACHER TIP<br>Make sure students are practicing typing skills, and typing narrations and compositions regularly.</p>","","https://planning.alveary.org/links.html?id=recw3n8hXdAPGodOM","Lesson","0","FALSE"
"alveary-recw3n8hXdAPGodOM","Import is Current","alveary-tracker-recw3n8hXdAPGodOM-3-1","3","1","m Written Narration: Grade 8 - Lesson 17","<p>➜ WRITTEN NARRATION TRACKER<br>Complete eight written narrations this week. The rest will be oral narrations to yourself or your teacher. See the intro pages of the lesson plans for ideas on how to keep narrations varied and interesting!</p><p>★ TEACHER TIP<br>Make sure students are practicing typing skills, and typing narrations and compositions regularly.</p>","","https://planning.alveary.org/links.html?id=recw3n8hXdAPGodOM","Lesson","0","FALSE"
"alveary-recw3n8hXdAPGodOM","Import is Current","alveary-tracker-recw3n8hXdAPGodOM-3-2","3","2","m Written Narration: Grade 8 - Lesson 18","<p>➜ WRITTEN NARRATION TRACKER<br>Complete eight written narrations this week. The rest will be oral narrations to yourself or your teacher. See the intro pages of the lesson plans for ideas on how to keep narrations varied and interesting!</p><p>★ TEACHER TIP<br>Make sure students are practicing typing skills, and typing narrations and compositions regularly.</p>","","https://planning.alveary.org/links.html?id=recw3n8hXdAPGodOM","Lesson","0","FALSE"
"alveary-recw3n8hXdAPGodOM","Import is Current","alveary-tracker-recw3n8hXdAPGodOM-3-3","3","3","m Written Narration: Grade 8 - Lesson 19","<p>➜ WRITTEN NARRATION TRACKER<br>Complete eight written narrations this week. The rest will be oral narrations to yourself or your teacher. See the intro pages of the lesson plans for ideas on how to keep narrations varied and interesting!</p><p>★ TEACHER TIP<br>Make sure students are practicing typing skills, and typing narrations and compositions regularly.</p>","","https://planning.alveary.org/links.html?id=recw3n8hXdAPGodOM","Lesson","0","FALSE"
"alveary-recw3n8hXdAPGodOM","Import is Current","alveary-tracker-recw3n8hXdAPGodOM-3-4","3","4","m Written Narration: Grade 8 - Lesson 20","<p>➜ WRITTEN NARRATION TRACKER<br>Complete eight written narrations this week. The rest will be oral narrations to yourself or your teacher. See the intro pages of the lesson plans for ideas on how to keep narrations varied and interesting!</p><p>★ TEACHER TIP<br>Make sure students are practicing typing skills, and typing narrations and compositions regularly.</p>","","https://planning.alveary.org/links.html?id=recw3n8hXdAPGodOM","Lesson","0","FALSE"
"alveary-recw3n8hXdAPGodOM","Import is Current","alveary-tracker-recw3n8hXdAPGodOM-3-5","3","5","m Written Narration: Grade 8 - Lesson 21","<p>➜ WRITTEN NARRATION TRACKER<br>Complete eight written narrations this week. The rest will be oral narrations to yourself or your teacher. See the intro pages of the lesson plans for ideas on how to keep narrations varied and interesting!</p><p>★ TEACHER TIP<br>Make sure students are practicing typing skills, and typing narrations and compositions regularly.</p>","","https://planning.alveary.org/links.html?id=recw3n8hXdAPGodOM","Lesson","0","FALSE"
"alveary-recw3n8hXdAPGodOM","Import is Current","alveary-tracker-recw3n8hXdAPGodOM-3-6","3","6","m Written Narration: Grade 8 - Lesson 22","<p>➜ WRITTEN NARRATION TRACKER<br>Complete eight written narrations this week. The rest will be oral narrations to yourself or your teacher. See the intro pages of the lesson plans for ideas on how to keep narrations varied and interesting!</p><p>★ TEACHER TIP<br>Make sure students are practicing typing skills, and typing narrations and compositions regularly.</p>","","https://planning.alveary.org/links.html?id=recw3n8hXdAPGodOM","Lesson","0","FALSE"
"alveary-recw3n8hXdAPGodOM","Import is Current","alveary-tracker-recw3n8hXdAPGodOM-3-7","3","7","m Written Narration: Grade 8 - Lesson 23","<p>➜ WRITTEN NARRATION TRACKER<br>Complete eight written narrations this week. The rest will be oral narrations to yourself or your teacher. See the intro pages of the lesson plans for ideas on how to keep narrations varied and interesting!</p><p>★ TEACHER TIP<br>Make sure students are practicing typing skills, and typing narrations and compositions regularly.</p>","","https://planning.alveary.org/links.html?id=recw3n8hXdAPGodOM","Lesson","0","FALSE"
"alveary-recw3n8hXdAPGodOM","Import is Current","alveary-tracker-recw3n8hXdAPGodOM-3-8","3","8","m Written Narration: Grade 8 - Lesson 24","<p>➜ WRITTEN NARRATION TRACKER<br>Complete eight written narrations this week. The rest will be oral narrations to yourself or your teacher. See the intro pages of the lesson plans for ideas on how to keep narrations varied and interesting!</p><p>★ TEACHER TIP<br>Make sure students are practicing typing skills, and typing narrations and compositions regularly.</p>","","https://planning.alveary.org/links.html?id=recw3n8hXdAPGodOM","Lesson","0","FALSE"
"alveary-recw3n8hXdAPGodOM","Import is Current","alveary-tracker-recw3n8hXdAPGodOM-4-1","4","1","m Written Narration: Grade 8 - Lesson 25","<p>➜ WRITTEN NARRATION TRACKER<br>Complete eight written narrations this week. The rest will be oral narrations to yourself or your teacher. See the intro pages of the lesson plans for ideas on how to keep narrations varied and interesting!</p><p>★ TEACHER TIP<br>Make sure students are practicing typing skills, and typing narrations and compositions regularly.</p>","","https://planning.alveary.org/links.html?id=recw3n8hXdAPGodOM","Lesson","0","FALSE"
"alveary-recw3n8hXdAPGodOM","Import is Current","alveary-tracker-recw3n8hXdAPGodOM-4-2","4","2","m Written Narration: Grade 8 - Lesson 26","<p>➜ WRITTEN NARRATION TRACKER<br>Complete eight written narrations this week. The rest will be oral narrations to yourself or your teacher. See the intro pages of the lesson plans for ideas on how to keep narrations varied and interesting!</p><p>★ TEACHER TIP<br>Make sure students are practicing typing skills, and typing narrations and compositions regularly.</p>","","https://planning.alveary.org/links.html?id=recw3n8hXdAPGodOM","Lesson","0","FALSE"
"alveary-recw3n8hXdAPGodOM","Import is Current","alveary-tracker-recw3n8hXdAPGodOM-4-3","4","3","m Written Narration: Grade 8 - Lesson 27","<p>➜ WRITTEN NARRATION TRACKER<br>Complete eight written narrations this week. The rest will be oral narrations to yourself or your teacher. See the intro pages of the lesson plans for ideas on how to keep narrations varied and interesting!</p><p>★ TEACHER TIP<br>Make sure students are practicing typing skills, and typing narrations and compositions regularly.</p>","","https://planning.alveary.org/links.html?id=recw3n8hXdAPGodOM","Lesson","0","FALSE"
"alveary-recw3n8hXdAPGodOM","Import is Current","alveary-tracker-recw3n8hXdAPGodOM-4-4","4","4","m Written Narration: Grade 8 - Lesson 28","<p>➜ WRITTEN NARRATION TRACKER<br>Complete eight written narrations this week. The rest will be oral narrations to yourself or your teacher. See the intro pages of the lesson plans for ideas on how to keep narrations varied and interesting!</p><p>★ TEACHER TIP<br>Make sure students are practicing typing skills, and typing narrations and compositions regularly.</p>","","https://planning.alveary.org/links.html?id=recw3n8hXdAPGodOM","Lesson","0","FALSE"
"alveary-recw3n8hXdAPGodOM","Import is Current","alveary-tracker-recw3n8hXdAPGodOM-4-5","4","5","m Written Narration: Grade 8 - Lesson 29","<p>➜ WRITTEN NARRATION TRACKER<br>Complete eight written narrations this week. The rest will be oral narrations to yourself or your teacher. See the intro pages of the lesson plans for ideas on how to keep narrations varied and interesting!</p><p>★ TEACHER TIP<br>Make sure students are practicing typing skills, and typing narrations and compositions regularly.</p>","","https://planning.alveary.org/links.html?id=recw3n8hXdAPGodOM","Lesson","0","FALSE"
"alveary-recw3n8hXdAPGodOM","Import is Current","alveary-tracker-recw3n8hXdAPGodOM-4-6","4","6","m Written Narration: Grade 8 - Lesson 30","<p>➜ WRITTEN NARRATION TRACKER<br>Complete eight written narrations this week. The rest will be oral narrations to yourself or your teacher. See the intro pages of the lesson plans for ideas on how to keep narrations varied and interesting!</p><p>★ TEACHER TIP<br>Make sure students are practicing typing skills, and typing narrations and compositions regularly.</p>","","https://planning.alveary.org/links.html?id=recw3n8hXdAPGodOM","Lesson","0","FALSE"
"alveary-recw3n8hXdAPGodOM","Import is Current","alveary-tracker-recw3n8hXdAPGodOM-4-7","4","7","m Written Narration: Grade 8 - Lesson 31","<p>➜ WRITTEN NARRATION TRACKER<br>Complete eight written narrations this week. The rest will be oral narrations to yourself or your teacher. See the intro pages of the lesson plans for ideas on how to keep narrations varied and interesting!</p><p>★ TEACHER TIP<br>Make sure students are practicing typing skills, and typing narrations and compositions regularly.</p>","","https://planning.alveary.org/links.html?id=recw3n8hXdAPGodOM","Lesson","0","FALSE"
"alveary-recw3n8hXdAPGodOM","Import is Current","alveary-tracker-recw3n8hXdAPGodOM-4-8","4","8","m Written Narration: Grade 8 - Lesson 32","<p>➜ WRITTEN NARRATION TRACKER<br>Complete eight written narrations this week. The rest will be oral narrations to yourself or your teacher. See the intro pages of the lesson plans for ideas on how to keep narrations varied and interesting!</p><p>★ TEACHER TIP<br>Make sure students are practicing typing skills, and typing narrations and compositions regularly.</p>","","https://planning.alveary.org/links.html?id=recw3n8hXdAPGodOM","Lesson","0","FALSE"
"alveary-recw3n8hXdAPGodOM","Import is Current","alveary-tracker-recw3n8hXdAPGodOM-5-1","5","1","m Written Narration: Grade 8 - Lesson 33","<p>➜ WRITTEN NARRATION TRACKER<br>Complete eight written narrations this week. The rest will be oral narrations to yourself or your teacher. See the intro pages of the lesson plans for ideas on how to keep narrations varied and interesting!</p><p>★ TEACHER TIP<br>Make sure students are practicing typing skills, and typing narrations and compositions regularly.</p>","","https://planning.alveary.org/links.html?id=recw3n8hXdAPGodOM","Lesson","0","FALSE"
"alveary-recw3n8hXdAPGodOM","Import is Current","alveary-tracker-recw3n8hXdAPGodOM-5-2","5","2","m Written Narration: Grade 8 - Lesson 34","<p>➜ WRITTEN NARRATION TRACKER<br>Complete eight written narrations this week. The rest will be oral narrations to yourself or your teacher. See the intro pages of the lesson plans for ideas on how to keep narrations varied and interesting!</p><p>★ TEACHER TIP<br>Make sure students are practicing typing skills, and typing narrations and compositions regularly.</p>","","https://planning.alveary.org/links.html?id=recw3n8hXdAPGodOM","Lesson","0","FALSE"
"alveary-recw3n8hXdAPGodOM","Import is Current","alveary-tracker-recw3n8hXdAPGodOM-5-3","5","3","m Written Narration: Grade 8 - Lesson 35","<p>➜ WRITTEN NARRATION TRACKER<br>Complete eight written narrations this week. The rest will be oral narrations to yourself or your teacher. See the intro pages of the lesson plans for ideas on how to keep narrations varied and interesting!</p><p>★ TEACHER TIP<br>Make sure students are practicing typing skills, and typing narrations and compositions regularly.</p>","","https://planning.alveary.org/links.html?id=recw3n8hXdAPGodOM","Lesson","0","FALSE"
"alveary-recw3n8hXdAPGodOM","Import is Current","alveary-tracker-recw3n8hXdAPGodOM-5-4","5","4","m Written Narration: Grade 8 - Lesson 36","<p>➜ WRITTEN NARRATION TRACKER<br>Complete eight written narrations this week. The rest will be oral narrations to yourself or your teacher. See the intro pages of the lesson plans for ideas on how to keep narrations varied and interesting!</p><p>★ TEACHER TIP<br>Make sure students are practicing typing skills, and typing narrations and compositions regularly.</p>","","https://planning.alveary.org/links.html?id=recw3n8hXdAPGodOM","Lesson","0","FALSE"
"alveary-recw3n8hXdAPGodOM","Import is Current","alveary-tracker-recw3n8hXdAPGodOM-5-5","5","5","m Written Narration: Grade 8 - Lesson 37","<p>➜ WRITTEN NARRATION TRACKER<br>Complete eight written narrations this week. The rest will be oral narrations to yourself or your teacher. See the intro pages of the lesson plans for ideas on how to keep narrations varied and interesting!</p><p>★ TEACHER TIP<br>Make sure students are practicing typing skills, and typing narrations and compositions regularly.</p>","","https://planning.alveary.org/links.html?id=recw3n8hXdAPGodOM","Lesson","0","FALSE"
"alveary-recw3n8hXdAPGodOM","Import is Current","alveary-tracker-recw3n8hXdAPGodOM-5-6","5","6","m Written Narration: Grade 8 - Lesson 38","<p>➜ WRITTEN NARRATION TRACKER<br>Complete eight written narrations this week. The rest will be oral narrations to yourself or your teacher. See the intro pages of the lesson plans for ideas on how to keep narrations varied and interesting!</p><p>★ TEACHER TIP<br>Make sure students are practicing typing skills, and typing narrations and compositions regularly.</p>","","https://planning.alveary.org/links.html?id=recw3n8hXdAPGodOM","Lesson","0","FALSE"
"alveary-recw3n8hXdAPGodOM","Import is Current","alveary-tracker-recw3n8hXdAPGodOM-5-7","5","7","m Written Narration: Grade 8 - Lesson 39","<p>➜ WRITTEN NARRATION TRACKER<br>Complete eight written narrations this week. The rest will be oral narrations to yourself or your teacher. See the intro pages of the lesson plans for ideas on how to keep narrations varied and interesting!</p><p>★ TEACHER TIP<br>Make sure students are practicing typing skills, and typing narrations and compositions regularly.</p>","","https://planning.alveary.org/links.html?id=recw3n8hXdAPGodOM","Lesson","0","FALSE"
"alveary-recw3n8hXdAPGodOM","Import is Current","alveary-tracker-recw3n8hXdAPGodOM-5-8","5","8","m Written Narration: Grade 8 - Lesson 40","<p>➜ WRITTEN NARRATION TRACKER<br>Complete eight written narrations this week. The rest will be oral narrations to yourself or your teacher. See the intro pages of the lesson plans for ideas on how to keep narrations varied and interesting!</p><p>★ TEACHER TIP<br>Make sure students are practicing typing skills, and typing narrations and compositions regularly.</p>","","https://planning.alveary.org/links.html?id=recw3n8hXdAPGodOM","Lesson","0","FALSE"
"alveary-recw3n8hXdAPGodOM","Import is Current","alveary-tracker-recw3n8hXdAPGodOM-6-1","6","1","m Written Narration: Grade 8 - Lesson 41","<p>➜ WRITTEN NARRATION TRACKER<br>Complete eight written narrations this week. The rest will be oral narrations to yourself or your teacher. See the intro pages of the lesson plans for ideas on how to keep narrations varied and interesting!</p><p>★ TEACHER TIP<br>Make sure students are practicing typing skills, and typing narrations and compositions regularly.</p>","","https://planning.alveary.org/links.html?id=recw3n8hXdAPGodOM","Lesson","0","FALSE"
"alveary-recw3n8hXdAPGodOM","Import is Current","alveary-tracker-recw3n8hXdAPGodOM-6-2","6","2","m Written Narration: Grade 8 - Lesson 42","<p>➜ WRITTEN NARRATION TRACKER<br>Complete eight written narrations this week. The rest will be oral narrations to yourself or your teacher. See the intro pages of the lesson plans for ideas on how to keep narrations varied and interesting!</p><p>★ TEACHER TIP<br>Make sure students are practicing typing skills, and typing narrations and compositions regularly.</p>","","https://planning.alveary.org/links.html?id=recw3n8hXdAPGodOM","Lesson","0","FALSE"
"alveary-recw3n8hXdAPGodOM","Import is Current","alveary-tracker-recw3n8hXdAPGodOM-6-3","6","3","m Written Narration: Grade 8 - Lesson 43","<p>➜ WRITTEN NARRATION TRACKER<br>Complete eight written narrations this week. The rest will be oral narrations to yourself or your teacher. See the intro pages of the lesson plans for ideas on how to keep narrations varied and interesting!</p><p>★ TEACHER TIP<br>Make sure students are practicing typing skills, and typing narrations and compositions regularly.</p>","","https://planning.alveary.org/links.html?id=recw3n8hXdAPGodOM","Lesson","0","FALSE"
"alveary-recw3n8hXdAPGodOM","Import is Current","alveary-tracker-recw3n8hXdAPGodOM-6-4","6","4","m Written Narration: Grade 8 - Lesson 44","<p>➜ WRITTEN NARRATION TRACKER<br>Complete eight written narrations this week. The rest will be oral narrations to yourself or your teacher. See the intro pages of the lesson plans for ideas on how to keep narrations varied and interesting!</p><p>★ TEACHER TIP<br>Make sure students are practicing typing skills, and typing narrations and compositions regularly.</p>","","https://planning.alveary.org/links.html?id=recw3n8hXdAPGodOM","Lesson","0","FALSE"
"alveary-recw3n8hXdAPGodOM","Import is Current","alveary-tracker-recw3n8hXdAPGodOM-6-5","6","5","m Written Narration: Grade 8 - Lesson 45","<p>➜ WRITTEN NARRATION TRACKER<br>Complete eight written narrations this week. The rest will be oral narrations to yourself or your teacher. See the intro pages of the lesson plans for ideas on how to keep narrations varied and interesting!</p><p>★ TEACHER TIP<br>Make sure students are practicing typing skills, and typing narrations and compositions regularly.</p>","","https://planning.alveary.org/links.html?id=recw3n8hXdAPGodOM","Lesson","0","FALSE"
"alveary-recw3n8hXdAPGodOM","Import is Current","alveary-tracker-recw3n8hXdAPGodOM-6-6","6","6","m Written Narration: Grade 8 - Lesson 46","<p>➜ WRITTEN NARRATION TRACKER<br>Complete eight written narrations this week. The rest will be oral narrations to yourself or your teacher. See the intro pages of the lesson plans for ideas on how to keep narrations varied and interesting!</p><p>★ TEACHER TIP<br>Make sure students are practicing typing skills, and typing narrations and compositions regularly.</p>","","https://planning.alveary.org/links.html?id=recw3n8hXdAPGodOM","Lesson","0","FALSE"
"alveary-recw3n8hXdAPGodOM","Import is Current","alveary-tracker-recw3n8hXdAPGodOM-6-7","6","7","m Written Narration: Grade 8 - Lesson 47","<p>➜ WRITTEN NARRATION TRACKER<br>Complete eight written narrations this week. The rest will be oral narrations to yourself or your teacher. See the intro pages of the lesson plans for ideas on how to keep narrations varied and interesting!</p><p>★ TEACHER TIP<br>Make sure students are practicing typing skills, and typing narrations and compositions regularly.</p>","","https://planning.alveary.org/links.html?id=recw3n8hXdAPGodOM","Lesson","0","FALSE"
"alveary-recw3n8hXdAPGodOM","Import is Current","alveary-tracker-recw3n8hXdAPGodOM-6-8","6","8","m Written Narration: Grade 8 - Lesson 48","<p>➜ WRITTEN NARRATION TRACKER<br>Complete eight written narrations this week. The rest will be oral narrations to yourself or your teacher. See the intro pages of the lesson plans for ideas on how to keep narrations varied and interesting!</p><p>★ TEACHER TIP<br>Make sure students are practicing typing skills, and typing narrations and compositions regularly.</p>","","https://planning.alveary.org/links.html?id=recw3n8hXdAPGodOM","Lesson","0","FALSE"
"alveary-recw3n8hXdAPGodOM","Import is Current","alveary-tracker-recw3n8hXdAPGodOM-7-1","7","1","m Written Narration: Grade 8 - Lesson 49","<p>➜ WRITTEN NARRATION TRACKER<br>Complete eight written narrations this week. The rest will be oral narrations to yourself or your teacher. See the intro pages of the lesson plans for ideas on how to keep narrations varied and interesting!</p><p>★ TEACHER TIP<br>Make sure students are practicing typing skills, and typing narrations and compositions regularly.</p>","","https://planning.alveary.org/links.html?id=recw3n8hXdAPGodOM","Lesson","0","FALSE"
"alveary-recw3n8hXdAPGodOM","Import is Current","alveary-tracker-recw3n8hXdAPGodOM-7-2","7","2","m Written Narration: Grade 8 - Lesson 50","<p>➜ WRITTEN NARRATION TRACKER<br>Complete eight written narrations this week. The rest will be oral narrations to yourself or your teacher. See the intro pages of the lesson plans for ideas on how to keep narrations varied and interesting!</p><p>★ TEACHER TIP<br>Make sure students are practicing typing skills, and typing narrations and compositions regularly.</p>","","https://planning.alveary.org/links.html?id=recw3n8hXdAPGodOM","Lesson","0","FALSE"
"alveary-recw3n8hXdAPGodOM","Import is Current","alveary-tracker-recw3n8hXdAPGodOM-7-3","7","3","m Written Narration: Grade 8 - Lesson 51","<p>➜ WRITTEN NARRATION TRACKER<br>Complete eight written narrations this week. The rest will be oral narrations to yourself or your teacher. See the intro pages of the lesson plans for ideas on how to keep narrations varied and interesting!</p><p>★ TEACHER TIP<br>Make sure students are practicing typing skills, and typing narrations and compositions regularly.</p>","","https://planning.alveary.org/links.html?id=recw3n8hXdAPGodOM","Lesson","0","FALSE"
"alveary-recw3n8hXdAPGodOM","Import is Current","alveary-tracker-recw3n8hXdAPGodOM-7-4","7","4","m Written Narration: Grade 8 - Lesson 52","<p>➜ WRITTEN NARRATION TRACKER<br>Complete eight written narrations this week. The rest will be oral narrations to yourself or your teacher. See the intro pages of the lesson plans for ideas on how to keep narrations varied and interesting!</p><p>★ TEACHER TIP<br>Make sure students are practicing typing skills, and typing narrations and compositions regularly.</p>","","https://planning.alveary.org/links.html?id=recw3n8hXdAPGodOM","Lesson","0","FALSE"
"alveary-recw3n8hXdAPGodOM","Import is Current","alveary-tracker-recw3n8hXdAPGodOM-7-5","7","5","m Written Narration: Grade 8 - Lesson 53","<p>➜ WRITTEN NARRATION TRACKER<br>Complete eight written narrations this week. The rest will be oral narrations to yourself or your teacher. See the intro pages of the lesson plans for ideas on how to keep narrations varied and interesting!</p><p>★ TEACHER TIP<br>Make sure students are practicing typing skills, and typing narrations and compositions regularly.</p>","","https://planning.alveary.org/links.html?id=recw3n8hXdAPGodOM","Lesson","0","FALSE"
"alveary-recw3n8hXdAPGodOM","Import is Current","alveary-tracker-recw3n8hXdAPGodOM-7-6","7","6","m Written Narration: Grade 8 - Lesson 54","<p>➜ WRITTEN NARRATION TRACKER<br>Complete eight written narrations this week. The rest will be oral narrations to yourself or your teacher. See the intro pages of the lesson plans for ideas on how to keep narrations varied and interesting!</p><p>★ TEACHER TIP<br>Make sure students are practicing typing skills, and typing narrations and compositions regularly.</p>","","https://planning.alveary.org/links.html?id=recw3n8hXdAPGodOM","Lesson","0","FALSE"
"alveary-recw3n8hXdAPGodOM","Import is Current","alveary-tracker-recw3n8hXdAPGodOM-7-7","7","7","m Written Narration: Grade 8 - Lesson 55","<p>➜ WRITTEN NARRATION TRACKER<br>Complete eight written narrations this week. The rest will be oral narrations to yourself or your teacher. See the intro pages of the lesson plans for ideas on how to keep narrations varied and interesting!</p><p>★ TEACHER TIP<br>Make sure students are practicing typing skills, and typing narrations and compositions regularly.</p>","","https://planning.alveary.org/links.html?id=recw3n8hXdAPGodOM","Lesson","0","FALSE"
"alveary-recw3n8hXdAPGodOM","Import is Current","alveary-tracker-recw3n8hXdAPGodOM-7-8","7","8","m Written Narration: Grade 8 - Lesson 56","<p>➜ WRITTEN NARRATION TRACKER<br>Complete eight written narrations this week. The rest will be oral narrations to yourself or your teacher. See the intro pages of the lesson plans for ideas on how to keep narrations varied and interesting!</p><p>★ TEACHER TIP<br>Make sure students are practicing typing skills, and typing narrations and compositions regularly.</p>","","https://planning.alveary.org/links.html?id=recw3n8hXdAPGodOM","Lesson","0","FALSE"
"alveary-recw3n8hXdAPGodOM","Import is Current","alveary-tracker-recw3n8hXdAPGodOM-8-1","8","1","m Written Narration: Grade 8 - Lesson 57","<p>➜ WRITTEN NARRATION TRACKER<br>Complete eight written narrations this week. The rest will be oral narrations to yourself or your teacher. See the intro pages of the lesson plans for ideas on how to keep narrations varied and interesting!</p><p>★ TEACHER TIP<br>Make sure students are practicing typing skills, and typing narrations and compositions regularly.</p>","","https://planning.alveary.org/links.html?id=recw3n8hXdAPGodOM","Lesson","0","FALSE"
"alveary-recw3n8hXdAPGodOM","Import is Current","alveary-tracker-recw3n8hXdAPGodOM-8-2","8","2","m Written Narration: Grade 8 - Lesson 58","<p>➜ WRITTEN NARRATION TRACKER<br>Complete eight written narrations this week. The rest will be oral narrations to yourself or your teacher. See the intro pages of the lesson plans for ideas on how to keep narrations varied and interesting!</p><p>★ TEACHER TIP<br>Make sure students are practicing typing skills, and typing narrations and compositions regularly.</p>","","https://planning.alveary.org/links.html?id=recw3n8hXdAPGodOM","Lesson","0","FALSE"
"alveary-recw3n8hXdAPGodOM","Import is Current","alveary-tracker-recw3n8hXdAPGodOM-8-3","8","3","m Written Narration: Grade 8 - Lesson 59","<p>➜ WRITTEN NARRATION TRACKER<br>Complete eight written narrations this week. The rest will be oral narrations to yourself or your teacher. See the intro pages of the lesson plans for ideas on how to keep narrations varied and interesting!</p><p>★ TEACHER TIP<br>Make sure students are practicing typing skills, and typing narrations and compositions regularly.</p>","","https://planning.alveary.org/links.html?id=recw3n8hXdAPGodOM","Lesson","0","FALSE"
"alveary-recw3n8hXdAPGodOM","Import is Current","alveary-tracker-recw3n8hXdAPGodOM-8-4","8","4","m Written Narration: Grade 8 - Lesson 60","<p>➜ WRITTEN NARRATION TRACKER<br>Complete eight written narrations this week. The rest will be oral narrations to yourself or your teacher. See the intro pages of the lesson plans for ideas on how to keep narrations varied and interesting!</p><p>★ TEACHER TIP<br>Make sure students are practicing typing skills, and typing narrations and compositions regularly.</p>","","https://planning.alveary.org/links.html?id=recw3n8hXdAPGodOM","Lesson","0","FALSE"
"alveary-recw3n8hXdAPGodOM","Import is Current","alveary-tracker-recw3n8hXdAPGodOM-8-5","8","5","m Written Narration: Grade 8 - Lesson 61","<p>➜ WRITTEN NARRATION TRACKER<br>Complete eight written narrations this week. The rest will be oral narrations to yourself or your teacher. See the intro pages of the lesson plans for ideas on how to keep narrations varied and interesting!</p><p>★ TEACHER TIP<br>Make sure students are practicing typing skills, and typing narrations and compositions regularly.</p>","","https://planning.alveary.org/links.html?id=recw3n8hXdAPGodOM","Lesson","0","FALSE"
"alveary-recw3n8hXdAPGodOM","Import is Current","alveary-tracker-recw3n8hXdAPGodOM-8-6","8","6","m Written Narration: Grade 8 - Lesson 62","<p>➜ WRITTEN NARRATION TRACKER<br>Complete eight written narrations this week. The rest will be oral narrations to yourself or your teacher. See the intro pages of the lesson plans for ideas on how to keep narrations varied and interesting!</p><p>★ TEACHER TIP<br>Make sure students are practicing typing skills, and typing narrations and compositions regularly.</p>","","https://planning.alveary.org/links.html?id=recw3n8hXdAPGodOM","Lesson","0","FALSE"
"alveary-recw3n8hXdAPGodOM","Import is Current","alveary-tracker-recw3n8hXdAPGodOM-8-7","8","7","m Written Narration: Grade 8 - Lesson 63","<p>➜ WRITTEN NARRATION TRACKER<br>Complete eight written narrations this week. The rest will be oral narrations to yourself or your teacher. See the intro pages of the lesson plans for ideas on how to keep narrations varied and interesting!</p><p>★ TEACHER TIP<br>Make sure students are practicing typing skills, and typing narrations and compositions regularly.</p>","","https://planning.alveary.org/links.html?id=recw3n8hXdAPGodOM","Lesson","0","FALSE"
"alveary-recw3n8hXdAPGodOM","Import is Current","alveary-tracker-recw3n8hXdAPGodOM-8-8","8","8","m Written Narration: Grade 8 - Lesson 64","<p>➜ WRITTEN NARRATION TRACKER<br>Complete eight written narrations this week. The rest will be oral narrations to yourself or your teacher. See the intro pages of the lesson plans for ideas on how to keep narrations varied and interesting!</p><p>★ TEACHER TIP<br>Make sure students are practicing typing skills, and typing narrations and compositions regularly.</p>","","https://planning.alveary.org/links.html?id=recw3n8hXdAPGodOM","Lesson","0","FALSE"
"alveary-recw3n8hXdAPGodOM","Import is Current","alveary-tracker-recw3n8hXdAPGodOM-9-1","9","1","m Written Narration: Grade 8 - Lesson 65","<p>➜ WRITTEN NARRATION TRACKER<br>Complete eight written narrations this week. The rest will be oral narrations to yourself or your teacher. See the intro pages of the lesson plans for ideas on how to keep narrations varied and interesting!</p><p>★ TEACHER TIP<br>Make sure students are practicing typing skills, and typing narrations and compositions regularly.</p>","","https://planning.alveary.org/links.html?id=recw3n8hXdAPGodOM","Lesson","0","FALSE"
"alveary-recw3n8hXdAPGodOM","Import is Current","alveary-tracker-recw3n8hXdAPGodOM-9-2","9","2","m Written Narration: Grade 8 - Lesson 66","<p>➜ WRITTEN NARRATION TRACKER<br>Complete eight written narrations this week. The rest will be oral narrations to yourself or your teacher. See the intro pages of the lesson plans for ideas on how to keep narrations varied and interesting!</p><p>★ TEACHER TIP<br>Make sure students are practicing typing skills, and typing narrations and compositions regularly.</p>","","https://planning.alveary.org/links.html?id=recw3n8hXdAPGodOM","Lesson","0","FALSE"
"alveary-recw3n8hXdAPGodOM","Import is Current","alveary-tracker-recw3n8hXdAPGodOM-9-3","9","3","m Written Narration: Grade 8 - Lesson 67","<p>➜ WRITTEN NARRATION TRACKER<br>Complete eight written narrations this week. The rest will be oral narrations to yourself or your teacher. See the intro pages of the lesson plans for ideas on how to keep narrations varied and interesting!</p><p>★ TEACHER TIP<br>Make sure students are practicing typing skills, and typing narrations and compositions regularly.</p>","","https://planning.alveary.org/links.html?id=recw3n8hXdAPGodOM","Lesson","0","FALSE"
"alveary-recw3n8hXdAPGodOM","Import is Current","alveary-tracker-recw3n8hXdAPGodOM-9-4","9","4","m Written Narration: Grade 8 - Lesson 68","<p>➜ WRITTEN NARRATION TRACKER<br>Complete eight written narrations this week. The rest will be oral narrations to yourself or your teacher. See the intro pages of the lesson plans for ideas on how to keep narrations varied and interesting!</p><p>★ TEACHER TIP<br>Make sure students are practicing typing skills, and typing narrations and compositions regularly.</p>","","https://planning.alveary.org/links.html?id=recw3n8hXdAPGodOM","Lesson","0","FALSE"
"alveary-recw3n8hXdAPGodOM","Import is Current","alveary-tracker-recw3n8hXdAPGodOM-9-5","9","5","m Written Narration: Grade 8 - Lesson 69","<p>➜ WRITTEN NARRATION TRACKER<br>Complete eight written narrations this week. The rest will be oral narrations to yourself or your teacher. See the intro pages of the lesson plans for ideas on how to keep narrations varied and interesting!</p><p>★ TEACHER TIP<br>Make sure students are practicing typing skills, and typing narrations and compositions regularly.</p>","","https://planning.alveary.org/links.html?id=recw3n8hXdAPGodOM","Lesson","0","FALSE"
"alveary-recw3n8hXdAPGodOM","Import is Current","alveary-tracker-recw3n8hXdAPGodOM-9-6","9","6","m Written Narration: Grade 8 - Lesson 70","<p>➜ WRITTEN NARRATION TRACKER<br>Complete eight written narrations this week. The rest will be oral narrations to yourself or your teacher. See the intro pages of the lesson plans for ideas on how to keep narrations varied and interesting!</p><p>★ TEACHER TIP<br>Make sure students are practicing typing skills, and typing narrations and compositions regularly.</p>","","https://planning.alveary.org/links.html?id=recw3n8hXdAPGodOM","Lesson","0","FALSE"
"alveary-recw3n8hXdAPGodOM","Import is Current","alveary-tracker-recw3n8hXdAPGodOM-9-7","9","7","m Written Narration: Grade 8 - Lesson 71","<p>➜ WRITTEN NARRATION TRACKER<br>Complete eight written narrations this week. The rest will be oral narrations to yourself or your teacher. See the intro pages of the lesson plans for ideas on how to keep narrations varied and interesting!</p><p>★ TEACHER TIP<br>Make sure students are practicing typing skills, and typing narrations and compositions regularly.</p>","","https://planning.alveary.org/links.html?id=recw3n8hXdAPGodOM","Lesson","0","FALSE"
"alveary-recw3n8hXdAPGodOM","Import is Current","alveary-tracker-recw3n8hXdAPGodOM-9-8","9","8","m Written Narration: Grade 8 - Lesson 72","<p>➜ WRITTEN NARRATION TRACKER<br>Complete eight written narrations this week. The rest will be oral narrations to yourself or your teacher. See the intro pages of the lesson plans for ideas on how to keep narrations varied and interesting!</p><p>★ TEACHER TIP<br>Make sure students are practicing typing skills, and typing narrations and compositions regularly.</p>","","https://planning.alveary.org/links.html?id=recw3n8hXdAPGodOM","Lesson","0","FALSE"
"alveary-recw3n8hXdAPGodOM","Import is Current","alveary-tracker-recw3n8hXdAPGodOM-10-1","10","1","m Written Narration: Grade 8 - Lesson 73","<p>➜ WRITTEN NARRATION TRACKER<br>Complete eight written narrations this week. The rest will be oral narrations to yourself or your teacher. See the intro pages of the lesson plans for ideas on how to keep narrations varied and interesting!</p><p>★ TEACHER TIP<br>Make sure students are practicing typing skills, and typing narrations and compositions regularly.</p>","","https://planning.alveary.org/links.html?id=recw3n8hXdAPGodOM","Lesson","0","FALSE"
"alveary-recw3n8hXdAPGodOM","Import is Current","alveary-tracker-recw3n8hXdAPGodOM-10-2","10","2","m Written Narration: Grade 8 - Lesson 74","<p>➜ WRITTEN NARRATION TRACKER<br>Complete eight written narrations this week. The rest will be oral narrations to yourself or your teacher. See the intro pages of the lesson plans for ideas on how to keep narrations varied and interesting!</p><p>★ TEACHER TIP<br>Make sure students are practicing typing skills, and typing narrations and compositions regularly.</p>","","https://planning.alveary.org/links.html?id=recw3n8hXdAPGodOM","Lesson","0","FALSE"
"alveary-recw3n8hXdAPGodOM","Import is Current","alveary-tracker-recw3n8hXdAPGodOM-10-3","10","3","m Written Narration: Grade 8 - Lesson 75","<p>➜ WRITTEN NARRATION TRACKER<br>Complete eight written narrations this week. The rest will be oral narrations to yourself or your teacher. See the intro pages of the lesson plans for ideas on how to keep narrations varied and interesting!</p><p>★ TEACHER TIP<br>Make sure students are practicing typing skills, and typing narrations and compositions regularly.</p>","","https://planning.alveary.org/links.html?id=recw3n8hXdAPGodOM","Lesson","0","FALSE"
"alveary-recw3n8hXdAPGodOM","Import is Current","alveary-tracker-recw3n8hXdAPGodOM-10-4","10","4","m Written Narration: Grade 8 - Lesson 76","<p>➜ WRITTEN NARRATION TRACKER<br>Complete eight written narrations this week. The rest will be oral narrations to yourself or your teacher. See the intro pages of the lesson plans for ideas on how to keep narrations varied and interesting!</p><p>★ TEACHER TIP<br>Make sure students are practicing typing skills, and typing narrations and compositions regularly.</p>","","https://planning.alveary.org/links.html?id=recw3n8hXdAPGodOM","Lesson","0","FALSE"
"alveary-recw3n8hXdAPGodOM","Import is Current","alveary-tracker-recw3n8hXdAPGodOM-10-5","10","5","m Written Narration: Grade 8 - Lesson 77","<p>➜ WRITTEN NARRATION TRACKER<br>Complete eight written narrations this week. The rest will be oral narrations to yourself or your teacher. See the intro pages of the lesson plans for ideas on how to keep narrations varied and interesting!</p><p>★ TEACHER TIP<br>Make sure students are practicing typing skills, and typing narrations and compositions regularly.</p>","","https://planning.alveary.org/links.html?id=recw3n8hXdAPGodOM","Lesson","0","FALSE"
"alveary-recw3n8hXdAPGodOM","Import is Current","alveary-tracker-recw3n8hXdAPGodOM-10-6","10","6","m Written Narration: Grade 8 - Lesson 78","<p>➜ WRITTEN NARRATION TRACKER<br>Complete eight written narrations this week. The rest will be oral narrations to yourself or your teacher. See the intro pages of the lesson plans for ideas on how to keep narrations varied and interesting!</p><p>★ TEACHER TIP<br>Make sure students are practicing typing skills, and typing narrations and compositions regularly.</p>","","https://planning.alveary.org/links.html?id=recw3n8hXdAPGodOM","Lesson","0","FALSE"
"alveary-recw3n8hXdAPGodOM","Import is Current","alveary-tracker-recw3n8hXdAPGodOM-10-7","10","7","m Written Narration: Grade 8 - Lesson 79","<p>➜ WRITTEN NARRATION TRACKER<br>Complete eight written narrations this week. The rest will be oral narrations to yourself or your teacher. See the intro pages of the lesson plans for ideas on how to keep narrations varied and interesting!</p><p>★ TEACHER TIP<br>Make sure students are practicing typing skills, and typing narrations and compositions regularly.</p>","","https://planning.alveary.org/links.html?id=recw3n8hXdAPGodOM","Lesson","0","FALSE"
"alveary-recw3n8hXdAPGodOM","Import is Current","alveary-tracker-recw3n8hXdAPGodOM-10-8","10","8","m Written Narration: Grade 8 - Lesson 80","<p>➜ WRITTEN NARRATION TRACKER<br>Complete eight written narrations this week. The rest will be oral narrations to yourself or your teacher. See the intro pages of the lesson plans for ideas on how to keep narrations varied and interesting!</p><p>★ TEACHER TIP<br>Make sure students are practicing typing skills, and typing narrations and compositions regularly.</p>","","https://planning.alveary.org/links.html?id=recw3n8hXdAPGodOM","Lesson","0","FALSE"
"alveary-recw3n8hXdAPGodOM","Import is Current","alveary-tracker-recw3n8hXdAPGodOM-11-1","11","1","m Written Narration: Grade 8 - Lesson 81","<p>➜ WRITTEN NARRATION TRACKER<br>Complete eight written narrations this week. The rest will be oral narrations to yourself or your teacher. See the intro pages of the lesson plans for ideas on how to keep narrations varied and interesting!</p><p>★ TEACHER TIP<br>Make sure students are practicing typing skills, and typing narrations and compositions regularly.</p>","","https://planning.alveary.org/links.html?id=recw3n8hXdAPGodOM","Lesson","0","FALSE"
"alveary-recw3n8hXdAPGodOM","Import is Current","alveary-tracker-recw3n8hXdAPGodOM-11-2","11","2","m Written Narration: Grade 8 - Lesson 82","<p>➜ WRITTEN NARRATION TRACKER<br>Complete eight written narrations this week. The rest will be oral narrations to yourself or your teacher. See the intro pages of the lesson plans for ideas on how to keep narrations varied and interesting!</p><p>★ TEACHER TIP<br>Make sure students are practicing typing skills, and typing narrations and compositions regularly.</p>","","https://planning.alveary.org/links.html?id=recw3n8hXdAPGodOM","Lesson","0","FALSE"
"alveary-recw3n8hXdAPGodOM","Import is Current","alveary-tracker-recw3n8hXdAPGodOM-11-3","11","3","m Written Narration: Grade 8 - Lesson 83","<p>➜ WRITTEN NARRATION TRACKER<br>Complete eight written narrations this week. The rest will be oral narrations to yourself or your teacher. See the intro pages of the lesson plans for ideas on how to keep narrations varied and interesting!</p><p>★ TEACHER TIP<br>Make sure students are practicing typing skills, and typing narrations and compositions regularly.</p>","","https://planning.alveary.org/links.html?id=recw3n8hXdAPGodOM","Lesson","0","FALSE"
"alveary-recw3n8hXdAPGodOM","Import is Current","alveary-tracker-recw3n8hXdAPGodOM-11-4","11","4","m Written Narration: Grade 8 - Lesson 84","<p>➜ WRITTEN NARRATION TRACKER<br>Complete eight written narrations this week. The rest will be oral narrations to yourself or your teacher. See the intro pages of the lesson plans for ideas on how to keep narrations varied and interesting!</p><p>★ TEACHER TIP<br>Make sure students are practicing typing skills, and typing narrations and compositions regularly.</p>","","https://planning.alveary.org/links.html?id=recw3n8hXdAPGodOM","Lesson","0","FALSE"
"alveary-recw3n8hXdAPGodOM","Import is Current","alveary-tracker-recw3n8hXdAPGodOM-11-5","11","5","m Written Narration: Grade 8 - Lesson 85","<p>➜ WRITTEN NARRATION TRACKER<br>Complete eight written narrations this week. The rest will be oral narrations to yourself or your teacher. See the intro pages of the lesson plans for ideas on how to keep narrations varied and interesting!</p><p>★ TEACHER TIP<br>Make sure students are practicing typing skills, and typing narrations and compositions regularly.</p>","","https://planning.alveary.org/links.html?id=recw3n8hXdAPGodOM","Lesson","0","FALSE"
"alveary-recw3n8hXdAPGodOM","Import is Current","alveary-tracker-recw3n8hXdAPGodOM-11-6","11","6","m Written Narration: Grade 8 - Lesson 86","<p>➜ WRITTEN NARRATION TRACKER<br>Complete eight written narrations this week. The rest will be oral narrations to yourself or your teacher. See the intro pages of the lesson plans for ideas on how to keep narrations varied and interesting!</p><p>★ TEACHER TIP<br>Make sure students are practicing typing skills, and typing narrations and compositions regularly.</p>","","https://planning.alveary.org/links.html?id=recw3n8hXdAPGodOM","Lesson","0","FALSE"
"alveary-recw3n8hXdAPGodOM","Import is Current","alveary-tracker-recw3n8hXdAPGodOM-11-7","11","7","m Written Narration: Grade 8 - Lesson 87","<p>➜ WRITTEN NARRATION TRACKER<br>Complete eight written narrations this week. The rest will be oral narrations to yourself or your teacher. See the intro pages of the lesson plans for ideas on how to keep narrations varied and interesting!</p><p>★ TEACHER TIP<br>Make sure students are practicing typing skills, and typing narrations and compositions regularly.</p>","","https://planning.alveary.org/links.html?id=recw3n8hXdAPGodOM","Lesson","0","FALSE"
"alveary-recw3n8hXdAPGodOM","Import is Current","alveary-tracker-recw3n8hXdAPGodOM-11-8","11","8","m Written Narration: Grade 8 - Lesson 88","<p>➜ WRITTEN NARRATION TRACKER<br>Complete eight written narrations this week. The rest will be oral narrations to yourself or your teacher. See the intro pages of the lesson plans for ideas on how to keep narrations varied and interesting!</p><p>★ TEACHER TIP<br>Make sure students are practicing typing skills, and typing narrations and compositions regularly.</p>","","https://planning.alveary.org/links.html?id=recw3n8hXdAPGodOM","Lesson","0","FALSE"
"alveary-recw3n8hXdAPGodOM","Import is Current","alveary-tracker-recw3n8hXdAPGodOM-12-1","12","1","m Written Narration: Grade 8 - Lesson 89","<p>➜ EXAMS<br>Answer question(s) related to course.</p>","","https://planning.alveary.org/links.html?id=recw3n8hXdAPGodOM","Exam","0","FALSE"
"alveary-recw3n8hXdAPGodOM","Import is Current","alveary-tracker-recw3n8hXdAPGodOM-12-2","12","2","m Written Narration: Grade 8 - Lesson 90","<p>➜ EXAMS<br>Answer question(s) related to course.</p>","","https://planning.alveary.org/links.html?id=recw3n8hXdAPGodOM","Exam","0","FALSE"
"alveary-recw3n8hXdAPGodOM","Import is Current","alveary-tracker-recw3n8hXdAPGodOM-12-3","12","3","m Written Narration: Grade 8 - Lesson 91","<p>➜ EXAMS<br>Answer question(s) related to course.</p>","","https://planning.alveary.org/links.html?id=recw3n8hXdAPGodOM","Exam","0","FALSE"
"alveary-recw3n8hXdAPGodOM","Import is Current","alveary-tracker-recw3n8hXdAPGodOM-12-4","12","4","m Written Narration: Grade 8 - Lesson 92","<p>➜ EXAMS<br>Answer question(s) related to course.</p>","","https://planning.alveary.org/links.html?id=recw3n8hXdAPGodOM","Exam","0","FALSE"
"alveary-recw3n8hXdAPGodOM","Import is Current","alveary-tracker-recw3n8hXdAPGodOM-12-5","12","5","m Written Narration: Grade 8 - Lesson 93","<p>➜ EXAMS<br>Answer question(s) related to course.</p>","","https://planning.alveary.org/links.html?id=recw3n8hXdAPGodOM","Exam","0","FALSE"
"alveary-recw3n8hXdAPGodOM","Import is Current","alveary-tracker-recw3n8hXdAPGodOM-12-6","12","6","m Written Narration: Grade 8 - Lesson 94","<p>➜ EXAMS<br>Answer question(s) related to course.</p>","","https://planning.alveary.org/links.html?id=recw3n8hXdAPGodOM","Exam","0","FALSE"
"alveary-recw3n8hXdAPGodOM","Import is Current","alveary-tracker-recw3n8hXdAPGodOM-12-7","12","7","m Written Narration: Grade 8 - Lesson 95","<p>➜ EXAMS<br>Answer question(s) related to course.</p>","","https://planning.alveary.org/links.html?id=recw3n8hXdAPGodOM","Exam","0","FALSE"
"alveary-recw3n8hXdAPGodOM","Import is Current","alveary-tracker-recw3n8hXdAPGodOM-12-8","12","8","m Written Narration: Grade 8 - Lesson 96","<p>➜ EXAMS<br>Answer question(s) related to course.</p>","","https://planning.alveary.org/links.html?id=recw3n8hXdAPGodOM","Exam","0","FALSE"
"alveary-recw3n8hXdAPGodOM","Import is Current","alveary-tracker-recw3n8hXdAPGodOM-13-1","13","1","m Written Narration: Grade 8 - Lesson 97","<p>➜ WRITTEN NARRATION TRACKER<br>Complete eight written narrations this week. The rest will be oral narrations to yourself or your teacher. See the intro pages of the lesson plans for ideas on how to keep narrations varied and interesting!</p><p>★ TEACHER TIP<br>Make sure students are practicing typing skills, and typing narrations and compositions regularly.</p>","","https://planning.alveary.org/links.html?id=recw3n8hXdAPGodOM","Lesson","0","FALSE"
"alveary-recw3n8hXdAPGodOM","Import is Current","alveary-tracker-recw3n8hXdAPGodOM-13-2","13","2","m Written Narration: Grade 8 - Lesson 98","<p>➜ WRITTEN NARRATION TRACKER<br>Complete eight written narrations this week. The rest will be oral narrations to yourself or your teacher. See the intro pages of the lesson plans for ideas on how to keep narrations varied and interesting!</p><p>★ TEACHER TIP<br>Make sure students are practicing typing skills, and typing narrations and compositions regularly.</p>","","https://planning.alveary.org/links.html?id=recw3n8hXdAPGodOM","Lesson","0","FALSE"
"alveary-recw3n8hXdAPGodOM","Import is Current","alveary-tracker-recw3n8hXdAPGodOM-13-3","13","3","m Written Narration: Grade 8 - Lesson 99","<p>➜ WRITTEN NARRATION TRACKER<br>Complete eight written narrations this week. The rest will be oral narrations to yourself or your teacher. See the intro pages of the lesson plans for ideas on how to keep narrations varied and interesting!</p><p>★ TEACHER TIP<br>Make sure students are practicing typing skills, and typing narrations and compositions regularly.</p>","","https://planning.alveary.org/links.html?id=recw3n8hXdAPGodOM","Lesson","0","FALSE"
"alveary-recw3n8hXdAPGodOM","Import is Current","alveary-tracker-recw3n8hXdAPGodOM-13-4","13","4","m Written Narration: Grade 8 - Lesson 100","<p>➜ WRITTEN NARRATION TRACKER<br>Complete eight written narrations this week. The rest will be oral narrations to yourself or your teacher. See the intro pages of the lesson plans for ideas on how to keep narrations varied and interesting!</p><p>★ TEACHER TIP<br>Make sure students are practicing typing skills, and typing narrations and compositions regularly.</p>","","https://planning.alveary.org/links.html?id=recw3n8hXdAPGodOM","Lesson","0","FALSE"
"alveary-recw3n8hXdAPGodOM","Import is Current","alveary-tracker-recw3n8hXdAPGodOM-13-5","13","5","m Written Narration: Grade 8 - Lesson 101","<p>➜ WRITTEN NARRATION TRACKER<br>Complete eight written narrations this week. The rest will be oral narrations to yourself or your teacher. See the intro pages of the lesson plans for ideas on how to keep narrations varied and interesting!</p><p>★ TEACHER TIP<br>Make sure students are practicing typing skills, and typing narrations and compositions regularly.</p>","","https://planning.alveary.org/links.html?id=recw3n8hXdAPGodOM","Lesson","0","FALSE"
"alveary-recw3n8hXdAPGodOM","Import is Current","alveary-tracker-recw3n8hXdAPGodOM-13-6","13","6","m Written Narration: Grade 8 - Lesson 102","<p>➜ WRITTEN NARRATION TRACKER<br>Complete eight written narrations this week. The rest will be oral narrations to yourself or your teacher. See the intro pages of the lesson plans for ideas on how to keep narrations varied and interesting!</p><p>★ TEACHER TIP<br>Make sure students are practicing typing skills, and typing narrations and compositions regularly.</p>","","https://planning.alveary.org/links.html?id=recw3n8hXdAPGodOM","Lesson","0","FALSE"
"alveary-recw3n8hXdAPGodOM","Import is Current","alveary-tracker-recw3n8hXdAPGodOM-13-7","13","7","m Written Narration: Grade 8 - Lesson 103","<p>➜ WRITTEN NARRATION TRACKER<br>Complete eight written narrations this week. The rest will be oral narrations to yourself or your teacher. See the intro pages of the lesson plans for ideas on how to keep narrations varied and interesting!</p><p>★ TEACHER TIP<br>Make sure students are practicing typing skills, and typing narrations and compositions regularly.</p>","","https://planning.alveary.org/links.html?id=recw3n8hXdAPGodOM","Lesson","0","FALSE"
"alveary-recw3n8hXdAPGodOM","Import is Current","alveary-tracker-recw3n8hXdAPGodOM-13-8","13","8","m Written Narration: Grade 8 - Lesson 104","<p>➜ WRITTEN NARRATION TRACKER<br>Complete eight written narrations this week. The rest will be oral narrations to yourself or your teacher. See the intro pages of the lesson plans for ideas on how to keep narrations varied and interesting!</p><p>★ TEACHER TIP<br>Make sure students are practicing typing skills, and typing narrations and compositions regularly.</p>","","https://planning.alveary.org/links.html?id=recw3n8hXdAPGodOM","Lesson","0","FALSE"
"alveary-recw3n8hXdAPGodOM","Import is Current","alveary-tracker-recw3n8hXdAPGodOM-14-1","14","1","m Written Narration: Grade 8 - Lesson 105","<p>➜ WRITTEN NARRATION TRACKER<br>Complete eight written narrations this week. The rest will be oral narrations to yourself or your teacher. See the intro pages of the lesson plans for ideas on how to keep narrations varied and interesting!</p><p>★ TEACHER TIP<br>Make sure students are practicing typing skills, and typing narrations and compositions regularly.</p>","","https://planning.alveary.org/links.html?id=recw3n8hXdAPGodOM","Lesson","0","FALSE"
"alveary-recw3n8hXdAPGodOM","Import is Current","alveary-tracker-recw3n8hXdAPGodOM-14-2","14","2","m Written Narration: Grade 8 - Lesson 106","<p>➜ WRITTEN NARRATION TRACKER<br>Complete eight written narrations this week. The rest will be oral narrations to yourself or your teacher. See the intro pages of the lesson plans for ideas on how to keep narrations varied and interesting!</p><p>★ TEACHER TIP<br>Make sure students are practicing typing skills, and typing narrations and compositions regularly.</p>","","https://planning.alveary.org/links.html?id=recw3n8hXdAPGodOM","Lesson","0","FALSE"
"alveary-recw3n8hXdAPGodOM","Import is Current","alveary-tracker-recw3n8hXdAPGodOM-14-3","14","3","m Written Narration: Grade 8 - Lesson 107","<p>➜ WRITTEN NARRATION TRACKER<br>Complete eight written narrations this week. The rest will be oral narrations to yourself or your teacher. See the intro pages of the lesson plans for ideas on how to keep narrations varied and interesting!</p><p>★ TEACHER TIP<br>Make sure students are practicing typing skills, and typing narrations and compositions regularly.</p>","","https://planning.alveary.org/links.html?id=recw3n8hXdAPGodOM","Lesson","0","FALSE"
"alveary-recw3n8hXdAPGodOM","Import is Current","alveary-tracker-recw3n8hXdAPGodOM-14-4","14","4","m Written Narration: Grade 8 - Lesson 108","<p>➜ WRITTEN NARRATION TRACKER<br>Complete eight written narrations this week. The rest will be oral narrations to yourself or your teacher. See the intro pages of the lesson plans for ideas on how to keep narrations varied and interesting!</p><p>★ TEACHER TIP<br>Make sure students are practicing typing skills, and typing narrations and compositions regularly.</p>","","https://planning.alveary.org/links.html?id=recw3n8hXdAPGodOM","Lesson","0","FALSE"
"alveary-recw3n8hXdAPGodOM","Import is Current","alveary-tracker-recw3n8hXdAPGodOM-14-5","14","5","m Written Narration: Grade 8 - Lesson 109","<p>➜ WRITTEN NARRATION TRACKER<br>Complete eight written narrations this week. The rest will be oral narrations to yourself or your teacher. See the intro pages of the lesson plans for ideas on how to keep narrations varied and interesting!</p><p>★ TEACHER TIP<br>Make sure students are practicing typing skills, and typing narrations and compositions regularly.</p>","","https://planning.alveary.org/links.html?id=recw3n8hXdAPGodOM","Lesson","0","FALSE"
"alveary-recw3n8hXdAPGodOM","Import is Current","alveary-tracker-recw3n8hXdAPGodOM-14-6","14","6","m Written Narration: Grade 8 - Lesson 110","<p>➜ WRITTEN NARRATION TRACKER<br>Complete eight written narrations this week. The rest will be oral narrations to yourself or your teacher. See the intro pages of the lesson plans for ideas on how to keep narrations varied and interesting!</p><p>★ TEACHER TIP<br>Make sure students are practicing typing skills, and typing narrations and compositions regularly.</p>","","https://planning.alveary.org/links.html?id=recw3n8hXdAPGodOM","Lesson","0","FALSE"
"alveary-recw3n8hXdAPGodOM","Import is Current","alveary-tracker-recw3n8hXdAPGodOM-14-7","14","7","m Written Narration: Grade 8 - Lesson 111","<p>➜ WRITTEN NARRATION TRACKER<br>Complete eight written narrations this week. The rest will be oral narrations to yourself or your teacher. See the intro pages of the lesson plans for ideas on how to keep narrations varied and interesting!</p><p>★ TEACHER TIP<br>Make sure students are practicing typing skills, and typing narrations and compositions regularly.</p>","","https://planning.alveary.org/links.html?id=recw3n8hXdAPGodOM","Lesson","0","FALSE"
"alveary-recw3n8hXdAPGodOM","Import is Current","alveary-tracker-recw3n8hXdAPGodOM-14-8","14","8","m Written Narration: Grade 8 - Lesson 112","<p>➜ WRITTEN NARRATION TRACKER<br>Complete eight written narrations this week. The rest will be oral narrations to yourself or your teacher. See the intro pages of the lesson plans for ideas on how to keep narrations varied and interesting!</p><p>★ TEACHER TIP<br>Make sure students are practicing typing skills, and typing narrations and compositions regularly.</p>","","https://planning.alveary.org/links.html?id=recw3n8hXdAPGodOM","Lesson","0","FALSE"
"alveary-recw3n8hXdAPGodOM","Import is Current","alveary-tracker-recw3n8hXdAPGodOM-15-1","15","1","m Written Narration: Grade 8 - Lesson 113","<p>➜ WRITTEN NARRATION TRACKER<br>Complete eight written narrations this week. The rest will be oral narrations to yourself or your teacher. See the intro pages of the lesson plans for ideas on how to keep narrations varied and interesting!</p><p>★ TEACHER TIP<br>Make sure students are practicing typing skills, and typing narrations and compositions regularly.</p>","","https://planning.alveary.org/links.html?id=recw3n8hXdAPGodOM","Lesson","0","FALSE"
"alveary-recw3n8hXdAPGodOM","Import is Current","alveary-tracker-recw3n8hXdAPGodOM-15-2","15","2","m Written Narration: Grade 8 - Lesson 114","<p>➜ WRITTEN NARRATION TRACKER<br>Complete eight written narrations this week. The rest will be oral narrations to yourself or your teacher. See the intro pages of the lesson plans for ideas on how to keep narrations varied and interesting!</p><p>★ TEACHER TIP<br>Make sure students are practicing typing skills, and typing narrations and compositions regularly.</p>","","https://planning.alveary.org/links.html?id=recw3n8hXdAPGodOM","Lesson","0","FALSE"
"alveary-recw3n8hXdAPGodOM","Import is Current","alveary-tracker-recw3n8hXdAPGodOM-15-3","15","3","m Written Narration: Grade 8 - Lesson 115","<p>➜ WRITTEN NARRATION TRACKER<br>Complete eight written narrations this week. The rest will be oral narrations to yourself or your teacher. See the intro pages of the lesson plans for ideas on how to keep narrations varied and interesting!</p><p>★ TEACHER TIP<br>Make sure students are practicing typing skills, and typing narrations and compositions regularly.</p>","","https://planning.alveary.org/links.html?id=recw3n8hXdAPGodOM","Lesson","0","FALSE"
"alveary-recw3n8hXdAPGodOM","Import is Current","alveary-tracker-recw3n8hXdAPGodOM-15-4","15","4","m Written Narration: Grade 8 - Lesson 116","<p>➜ WRITTEN NARRATION TRACKER<br>Complete eight written narrations this week. The rest will be oral narrations to yourself or your teacher. See the intro pages of the lesson plans for ideas on how to keep narrations varied and interesting!</p><p>★ TEACHER TIP<br>Make sure students are practicing typing skills, and typing narrations and compositions regularly.</p>","","https://planning.alveary.org/links.html?id=recw3n8hXdAPGodOM","Lesson","0","FALSE"
"alveary-recw3n8hXdAPGodOM","Import is Current","alveary-tracker-recw3n8hXdAPGodOM-15-5","15","5","m Written Narration: Grade 8 - Lesson 117","<p>➜ WRITTEN NARRATION TRACKER<br>Complete eight written narrations this week. The rest will be oral narrations to yourself or your teacher. See the intro pages of the lesson plans for ideas on how to keep narrations varied and interesting!</p><p>★ TEACHER TIP<br>Make sure students are practicing typing skills, and typing narrations and compositions regularly.</p>","","https://planning.alveary.org/links.html?id=recw3n8hXdAPGodOM","Lesson","0","FALSE"
"alveary-recw3n8hXdAPGodOM","Import is Current","alveary-tracker-recw3n8hXdAPGodOM-15-6","15","6","m Written Narration: Grade 8 - Lesson 118","<p>➜ WRITTEN NARRATION TRACKER<br>Complete eight written narrations this week. The rest will be oral narrations to yourself or your teacher. See the intro pages of the lesson plans for ideas on how to keep narrations varied and interesting!</p><p>★ TEACHER TIP<br>Make sure students are practicing typing skills, and typing narrations and compositions regularly.</p>","","https://planning.alveary.org/links.html?id=recw3n8hXdAPGodOM","Lesson","0","FALSE"
"alveary-recw3n8hXdAPGodOM","Import is Current","alveary-tracker-recw3n8hXdAPGodOM-15-7","15","7","m Written Narration: Grade 8 - Lesson 119","<p>➜ WRITTEN NARRATION TRACKER<br>Complete eight written narrations this week. The rest will be oral narrations to yourself or your teacher. See the intro pages of the lesson plans for ideas on how to keep narrations varied and interesting!</p><p>★ TEACHER TIP<br>Make sure students are practicing typing skills, and typing narrations and compositions regularly.</p>","","https://planning.alveary.org/links.html?id=recw3n8hXdAPGodOM","Lesson","0","FALSE"
"alveary-recw3n8hXdAPGodOM","Import is Current","alveary-tracker-recw3n8hXdAPGodOM-15-8","15","8","m Written Narration: Grade 8 - Lesson 120","<p>➜ WRITTEN NARRATION TRACKER<br>Complete eight written narrations this week. The rest will be oral narrations to yourself or your teacher. See the intro pages of the lesson plans for ideas on how to keep narrations varied and interesting!</p><p>★ TEACHER TIP<br>Make sure students are practicing typing skills, and typing narrations and compositions regularly.</p>","","https://planning.alveary.org/links.html?id=recw3n8hXdAPGodOM","Lesson","0","FALSE"
"alveary-recw3n8hXdAPGodOM","Import is Current","alveary-tracker-recw3n8hXdAPGodOM-16-1","16","1","m Written Narration: Grade 8 - Lesson 121","<p>➜ WRITTEN NARRATION TRACKER<br>Complete eight written narrations this week. The rest will be oral narrations to yourself or your teacher. See the intro pages of the lesson plans for ideas on how to keep narrations varied and interesting!</p><p>★ TEACHER TIP<br>Make sure students are practicing typing skills, and typing narrations and compositions regularly.</p>","","https://planning.alveary.org/links.html?id=recw3n8hXdAPGodOM","Lesson","0","FALSE"
"alveary-recw3n8hXdAPGodOM","Import is Current","alveary-tracker-recw3n8hXdAPGodOM-16-2","16","2","m Written Narration: Grade 8 - Lesson 122","<p>➜ WRITTEN NARRATION TRACKER<br>Complete eight written narrations this week. The rest will be oral narrations to yourself or your teacher. See the intro pages of the lesson plans for ideas on how to keep narrations varied and interesting!</p><p>★ TEACHER TIP<br>Make sure students are practicing typing skills, and typing narrations and compositions regularly.</p>","","https://planning.alveary.org/links.html?id=recw3n8hXdAPGodOM","Lesson","0","FALSE"
"alveary-recw3n8hXdAPGodOM","Import is Current","alveary-tracker-recw3n8hXdAPGodOM-16-3","16","3","m Written Narration: Grade 8 - Lesson 123","<p>➜ WRITTEN NARRATION TRACKER<br>Complete eight written narrations this week. The rest will be oral narrations to yourself or your teacher. See the intro pages of the lesson plans for ideas on how to keep narrations varied and interesting!</p><p>★ TEACHER TIP<br>Make sure students are practicing typing skills, and typing narrations and compositions regularly.</p>","","https://planning.alveary.org/links.html?id=recw3n8hXdAPGodOM","Lesson","0","FALSE"
"alveary-recw3n8hXdAPGodOM","Import is Current","alveary-tracker-recw3n8hXdAPGodOM-16-4","16","4","m Written Narration: Grade 8 - Lesson 124","<p>➜ WRITTEN NARRATION TRACKER<br>Complete eight written narrations this week. The rest will be oral narrations to yourself or your teacher. See the intro pages of the lesson plans for ideas on how to keep narrations varied and interesting!</p><p>★ TEACHER TIP<br>Make sure students are practicing typing skills, and typing narrations and compositions regularly.</p>","","https://planning.alveary.org/links.html?id=recw3n8hXdAPGodOM","Lesson","0","FALSE"
"alveary-recw3n8hXdAPGodOM","Import is Current","alveary-tracker-recw3n8hXdAPGodOM-16-5","16","5","m Written Narration: Grade 8 - Lesson 125","<p>➜ WRITTEN NARRATION TRACKER<br>Complete eight written narrations this week. The rest will be oral narrations to yourself or your teacher. See the intro pages of the lesson plans for ideas on how to keep narrations varied and interesting!</p><p>★ TEACHER TIP<br>Make sure students are practicing typing skills, and typing narrations and compositions regularly.</p>","","https://planning.alveary.org/links.html?id=recw3n8hXdAPGodOM","Lesson","0","FALSE"
"alveary-recw3n8hXdAPGodOM","Import is Current","alveary-tracker-recw3n8hXdAPGodOM-16-6","16","6","m Written Narration: Grade 8 - Lesson 126","<p>➜ WRITTEN NARRATION TRACKER<br>Complete eight written narrations this week. The rest will be oral narrations to yourself or your teacher. See the intro pages of the lesson plans for ideas on how to keep narrations varied and interesting!</p><p>★ TEACHER TIP<br>Make sure students are practicing typing skills, and typing narrations and compositions regularly.</p>","","https://planning.alveary.org/links.html?id=recw3n8hXdAPGodOM","Lesson","0","FALSE"
"alveary-recw3n8hXdAPGodOM","Import is Current","alveary-tracker-recw3n8hXdAPGodOM-16-7","16","7","m Written Narration: Grade 8 - Lesson 127","<p>➜ WRITTEN NARRATION TRACKER<br>Complete eight written narrations this week. The rest will be oral narrations to yourself or your teacher. See the intro pages of the lesson plans for ideas on how to keep narrations varied and interesting!</p><p>★ TEACHER TIP<br>Make sure students are practicing typing skills, and typing narrations and compositions regularly.</p>","","https://planning.alveary.org/links.html?id=recw3n8hXdAPGodOM","Lesson","0","FALSE"
"alveary-recw3n8hXdAPGodOM","Import is Current","alveary-tracker-recw3n8hXdAPGodOM-16-8","16","8","m Written Narration: Grade 8 - Lesson 128","<p>➜ WRITTEN NARRATION TRACKER<br>Complete eight written narrations this week. The rest will be oral narrations to yourself or your teacher. See the intro pages of the lesson plans for ideas on how to keep narrations varied and interesting!</p><p>★ TEACHER TIP<br>Make sure students are practicing typing skills, and typing narrations and compositions regularly.</p>","","https://planning.alveary.org/links.html?id=recw3n8hXdAPGodOM","Lesson","0","FALSE"
"alveary-recw3n8hXdAPGodOM","Import is Current","alveary-tracker-recw3n8hXdAPGodOM-17-1","17","1","m Written Narration: Grade 8 - Lesson 129","<p>➜ WRITTEN NARRATION TRACKER<br>Complete eight written narrations this week. The rest will be oral narrations to yourself or your teacher. See the intro pages of the lesson plans for ideas on how to keep narrations varied and interesting!</p><p>★ TEACHER TIP<br>Make sure students are practicing typing skills, and typing narrations and compositions regularly.</p>","","https://planning.alveary.org/links.html?id=recw3n8hXdAPGodOM","Lesson","0","FALSE"
"alveary-recw3n8hXdAPGodOM","Import is Current","alveary-tracker-recw3n8hXdAPGodOM-17-2","17","2","m Written Narration: Grade 8 - Lesson 130","<p>➜ WRITTEN NARRATION TRACKER<br>Complete eight written narrations this week. The rest will be oral narrations to yourself or your teacher. See the intro pages of the lesson plans for ideas on how to keep narrations varied and interesting!</p><p>★ TEACHER TIP<br>Make sure students are practicing typing skills, and typing narrations and compositions regularly.</p>","","https://planning.alveary.org/links.html?id=recw3n8hXdAPGodOM","Lesson","0","FALSE"
"alveary-recw3n8hXdAPGodOM","Import is Current","alveary-tracker-recw3n8hXdAPGodOM-17-3","17","3","m Written Narration: Grade 8 - Lesson 131","<p>➜ WRITTEN NARRATION TRACKER<br>Complete eight written narrations this week. The rest will be oral narrations to yourself or your teacher. See the intro pages of the lesson plans for ideas on how to keep narrations varied and interesting!</p><p>★ TEACHER TIP<br>Make sure students are practicing typing skills, and typing narrations and compositions regularly.</p>","","https://planning.alveary.org/links.html?id=recw3n8hXdAPGodOM","Lesson","0","FALSE"
"alveary-recw3n8hXdAPGodOM","Import is Current","alveary-tracker-recw3n8hXdAPGodOM-17-4","17","4","m Written Narration: Grade 8 - Lesson 132","<p>➜ WRITTEN NARRATION TRACKER<br>Complete eight written narrations this week. The rest will be oral narrations to yourself or your teacher. See the intro pages of the lesson plans for ideas on how to keep narrations varied and interesting!</p><p>★ TEACHER TIP<br>Make sure students are practicing typing skills, and typing narrations and compositions regularly.</p>","","https://planning.alveary.org/links.html?id=recw3n8hXdAPGodOM","Lesson","0","FALSE"
"alveary-recw3n8hXdAPGodOM","Import is Current","alveary-tracker-recw3n8hXdAPGodOM-17-5","17","5","m Written Narration: Grade 8 - Lesson 133","<p>➜ WRITTEN NARRATION TRACKER<br>Complete eight written narrations this week. The rest will be oral narrations to yourself or your teacher. See the intro pages of the lesson plans for ideas on how to keep narrations varied and interesting!</p><p>★ TEACHER TIP<br>Make sure students are practicing typing skills, and typing narrations and compositions regularly.</p>","","https://planning.alveary.org/links.html?id=recw3n8hXdAPGodOM","Lesson","0","FALSE"
"alveary-recw3n8hXdAPGodOM","Import is Current","alveary-tracker-recw3n8hXdAPGodOM-17-6","17","6","m Written Narration: Grade 8 - Lesson 134","<p>➜ WRITTEN NARRATION TRACKER<br>Complete eight written narrations this week. The rest will be oral narrations to yourself or your teacher. See the intro pages of the lesson plans for ideas on how to keep narrations varied and interesting!</p><p>★ TEACHER TIP<br>Make sure students are practicing typing skills, and typing narrations and compositions regularly.</p>","","https://planning.alveary.org/links.html?id=recw3n8hXdAPGodOM","Lesson","0","FALSE"
"alveary-recw3n8hXdAPGodOM","Import is Current","alveary-tracker-recw3n8hXdAPGodOM-17-7","17","7","m Written Narration: Grade 8 - Lesson 135","<p>➜ WRITTEN NARRATION TRACKER<br>Complete eight written narrations this week. The rest will be oral narrations to yourself or your teacher. See the intro pages of the lesson plans for ideas on how to keep narrations varied and interesting!</p><p>★ TEACHER TIP<br>Make sure students are practicing typing skills, and typing narrations and compositions regularly.</p>","","https://planning.alveary.org/links.html?id=recw3n8hXdAPGodOM","Lesson","0","FALSE"
"alveary-recw3n8hXdAPGodOM","Import is Current","alveary-tracker-recw3n8hXdAPGodOM-17-8","17","8","m Written Narration: Grade 8 - Lesson 136","<p>➜ WRITTEN NARRATION TRACKER<br>Complete eight written narrations this week. The rest will be oral narrations to yourself or your teacher. See the intro pages of the lesson plans for ideas on how to keep narrations varied and interesting!</p><p>★ TEACHER TIP<br>Make sure students are practicing typing skills, and typing narrations and compositions regularly.</p>","","https://planning.alveary.org/links.html?id=recw3n8hXdAPGodOM","Lesson","0","FALSE"
"alveary-recw3n8hXdAPGodOM","Import is Current","alveary-tracker-recw3n8hXdAPGodOM-18-1","18","1","m Written Narration: Grade 8 - Lesson 137","<p>➜ WRITTEN NARRATION TRACKER<br>Complete eight written narrations this week. The rest will be oral narrations to yourself or your teacher. See the intro pages of the lesson plans for ideas on how to keep narrations varied and interesting!</p><p>★ TEACHER TIP<br>Make sure students are practicing typing skills, and typing narrations and compositions regularly.</p>","","https://planning.alveary.org/links.html?id=recw3n8hXdAPGodOM","Lesson","0","FALSE"
"alveary-recw3n8hXdAPGodOM","Import is Current","alveary-tracker-recw3n8hXdAPGodOM-18-2","18","2","m Written Narration: Grade 8 - Lesson 138","<p>➜ WRITTEN NARRATION TRACKER<br>Complete eight written narrations this week. The rest will be oral narrations to yourself or your teacher. See the intro pages of the lesson plans for ideas on how to keep narrations varied and interesting!</p><p>★ TEACHER TIP<br>Make sure students are practicing typing skills, and typing narrations and compositions regularly.</p>","","https://planning.alveary.org/links.html?id=recw3n8hXdAPGodOM","Lesson","0","FALSE"
"alveary-recw3n8hXdAPGodOM","Import is Current","alveary-tracker-recw3n8hXdAPGodOM-18-3","18","3","m Written Narration: Grade 8 - Lesson 139","<p>➜ WRITTEN NARRATION TRACKER<br>Complete eight written narrations this week. The rest will be oral narrations to yourself or your teacher. See the intro pages of the lesson plans for ideas on how to keep narrations varied and interesting!</p><p>★ TEACHER TIP<br>Make sure students are practicing typing skills, and typing narrations and compositions regularly.</p>","","https://planning.alveary.org/links.html?id=recw3n8hXdAPGodOM","Lesson","0","FALSE"
"alveary-recw3n8hXdAPGodOM","Import is Current","alveary-tracker-recw3n8hXdAPGodOM-18-4","18","4","m Written Narration: Grade 8 - Lesson 140","<p>➜ WRITTEN NARRATION TRACKER<br>Complete eight written narrations this week. The rest will be oral narrations to yourself or your teacher. See the intro pages of the lesson plans for ideas on how to keep narrations varied and interesting!</p><p>★ TEACHER TIP<br>Make sure students are practicing typing skills, and typing narrations and compositions regularly.</p>","","https://planning.alveary.org/links.html?id=recw3n8hXdAPGodOM","Lesson","0","FALSE"
"alveary-recw3n8hXdAPGodOM","Import is Current","alveary-tracker-recw3n8hXdAPGodOM-18-5","18","5","m Written Narration: Grade 8 - Lesson 141","<p>➜ WRITTEN NARRATION TRACKER<br>Complete eight written narrations this week. The rest will be oral narrations to yourself or your teacher. See the intro pages of the lesson plans for ideas on how to keep narrations varied and interesting!</p><p>★ TEACHER TIP<br>Make sure students are practicing typing skills, and typing narrations and compositions regularly.</p>","","https://planning.alveary.org/links.html?id=recw3n8hXdAPGodOM","Lesson","0","FALSE"
"alveary-recw3n8hXdAPGodOM","Import is Current","alveary-tracker-recw3n8hXdAPGodOM-18-6","18","6","m Written Narration: Grade 8 - Lesson 142","<p>➜ WRITTEN NARRATION TRACKER<br>Complete eight written narrations this week. The rest will be oral narrations to yourself or your teacher. See the intro pages of the lesson plans for ideas on how to keep narrations varied and interesting!</p><p>★ TEACHER TIP<br>Make sure students are practicing typing skills, and typing narrations and compositions regularly.</p>","","https://planning.alveary.org/links.html?id=recw3n8hXdAPGodOM","Lesson","0","FALSE"
"alveary-recw3n8hXdAPGodOM","Import is Current","alveary-tracker-recw3n8hXdAPGodOM-18-7","18","7","m Written Narration: Grade 8 - Lesson 143","<p>➜ WRITTEN NARRATION TRACKER<br>Complete eight written narrations this week. The rest will be oral narrations to yourself or your teacher. See the intro pages of the lesson plans for ideas on how to keep narrations varied and interesting!</p><p>★ TEACHER TIP<br>Make sure students are practicing typing skills, and typing narrations and compositions regularly.</p>","","https://planning.alveary.org/links.html?id=recw3n8hXdAPGodOM","Lesson","0","FALSE"
"alveary-recw3n8hXdAPGodOM","Import is Current","alveary-tracker-recw3n8hXdAPGodOM-18-8","18","8","m Written Narration: Grade 8 - Lesson 144","<p>➜ WRITTEN NARRATION TRACKER<br>Complete eight written narrations this week. The rest will be oral narrations to yourself or your teacher. See the intro pages of the lesson plans for ideas on how to keep narrations varied and interesting!</p><p>★ TEACHER TIP<br>Make sure students are practicing typing skills, and typing narrations and compositions regularly.</p>","","https://planning.alveary.org/links.html?id=recw3n8hXdAPGodOM","Lesson","0","FALSE"
"alveary-recw3n8hXdAPGodOM","Import is Current","alveary-tracker-recw3n8hXdAPGodOM-19-1","19","1","m Written Narration: Grade 8 - Lesson 145","<p>➜ WRITTEN NARRATION TRACKER<br>Complete eight written narrations this week. The rest will be oral narrations to yourself or your teacher. See the intro pages of the lesson plans for ideas on how to keep narrations varied and interesting!</p><p>★ TEACHER TIP<br>Make sure students are practicing typing skills, and typing narrations and compositions regularly.</p>","","https://planning.alveary.org/links.html?id=recw3n8hXdAPGodOM","Lesson","0","FALSE"
"alveary-recw3n8hXdAPGodOM","Import is Current","alveary-tracker-recw3n8hXdAPGodOM-19-2","19","2","m Written Narration: Grade 8 - Lesson 146","<p>➜ WRITTEN NARRATION TRACKER<br>Complete eight written narrations this week. The rest will be oral narrations to yourself or your teacher. See the intro pages of the lesson plans for ideas on how to keep narrations varied and interesting!</p><p>★ TEACHER TIP<br>Make sure students are practicing typing skills, and typing narrations and compositions regularly.</p>","","https://planning.alveary.org/links.html?id=recw3n8hXdAPGodOM","Lesson","0","FALSE"
"alveary-recw3n8hXdAPGodOM","Import is Current","alveary-tracker-recw3n8hXdAPGodOM-19-3","19","3","m Written Narration: Grade 8 - Lesson 147","<p>➜ WRITTEN NARRATION TRACKER<br>Complete eight written narrations this week. The rest will be oral narrations to yourself or your teacher. See the intro pages of the lesson plans for ideas on how to keep narrations varied and interesting!</p><p>★ TEACHER TIP<br>Make sure students are practicing typing skills, and typing narrations and compositions regularly.</p>","","https://planning.alveary.org/links.html?id=recw3n8hXdAPGodOM","Lesson","0","FALSE"
"alveary-recw3n8hXdAPGodOM","Import is Current","alveary-tracker-recw3n8hXdAPGodOM-19-4","19","4","m Written Narration: Grade 8 - Lesson 148","<p>➜ WRITTEN NARRATION TRACKER<br>Complete eight written narrations this week. The rest will be oral narrations to yourself or your teacher. See the intro pages of the lesson plans for ideas on how to keep narrations varied and interesting!</p><p>★ TEACHER TIP<br>Make sure students are practicing typing skills, and typing narrations and compositions regularly.</p>","","https://planning.alveary.org/links.html?id=recw3n8hXdAPGodOM","Lesson","0","FALSE"
"alveary-recw3n8hXdAPGodOM","Import is Current","alveary-tracker-recw3n8hXdAPGodOM-19-5","19","5","m Written Narration: Grade 8 - Lesson 149","<p>➜ WRITTEN NARRATION TRACKER<br>Complete eight written narrations this week. The rest will be oral narrations to yourself or your teacher. See the intro pages of the lesson plans for ideas on how to keep narrations varied and interesting!</p><p>★ TEACHER TIP<br>Make sure students are practicing typing skills, and typing narrations and compositions regularly.</p>","","https://planning.alveary.org/links.html?id=recw3n8hXdAPGodOM","Lesson","0","FALSE"
"alveary-recw3n8hXdAPGodOM","Import is Current","alveary-tracker-recw3n8hXdAPGodOM-19-6","19","6","m Written Narration: Grade 8 - Lesson 150","<p>➜ WRITTEN NARRATION TRACKER<br>Complete eight written narrations this week. The rest will be oral narrations to yourself or your teacher. See the intro pages of the lesson plans for ideas on how to keep narrations varied and interesting!</p><p>★ TEACHER TIP<br>Make sure students are practicing typing skills, and typing narrations and compositions regularly.</p>","","https://planning.alveary.org/links.html?id=recw3n8hXdAPGodOM","Lesson","0","FALSE"
"alveary-recw3n8hXdAPGodOM","Import is Current","alveary-tracker-recw3n8hXdAPGodOM-19-7","19","7","m Written Narration: Grade 8 - Lesson 151","<p>➜ WRITTEN NARRATION TRACKER<br>Complete eight written narrations this week. The rest will be oral narrations to yourself or your teacher. See the intro pages of the lesson plans for ideas on how to keep narrations varied and interesting!</p><p>★ TEACHER TIP<br>Make sure students are practicing typing skills, and typing narrations and compositions regularly.</p>","","https://planning.alveary.org/links.html?id=recw3n8hXdAPGodOM","Lesson","0","FALSE"
"alveary-recw3n8hXdAPGodOM","Import is Current","alveary-tracker-recw3n8hXdAPGodOM-19-8","19","8","m Written Narration: Grade 8 - Lesson 152","<p>➜ WRITTEN NARRATION TRACKER<br>Complete eight written narrations this week. The rest will be oral narrations to yourself or your teacher. See the intro pages of the lesson plans for ideas on how to keep narrations varied and interesting!</p><p>★ TEACHER TIP<br>Make sure students are practicing typing skills, and typing narrations and compositions regularly.</p>","","https://planning.alveary.org/links.html?id=recw3n8hXdAPGodOM","Lesson","0","FALSE"
"alveary-recw3n8hXdAPGodOM","Import is Current","alveary-tracker-recw3n8hXdAPGodOM-20-1","20","1","m Written Narration: Grade 8 - Lesson 153","<p>➜ WRITTEN NARRATION TRACKER<br>Complete eight written narrations this week. The rest will be oral narrations to yourself or your teacher. See the intro pages of the lesson plans for ideas on how to keep narrations varied and interesting!</p><p>★ TEACHER TIP<br>Make sure students are practicing typing skills, and typing narrations and compositions regularly.</p>","","https://planning.alveary.org/links.html?id=recw3n8hXdAPGodOM","Lesson","0","FALSE"
"alveary-recw3n8hXdAPGodOM","Import is Current","alveary-tracker-recw3n8hXdAPGodOM-20-2","20","2","m Written Narration: Grade 8 - Lesson 154","<p>➜ WRITTEN NARRATION TRACKER<br>Complete eight written narrations this week. The rest will be oral narrations to yourself or your teacher. See the intro pages of the lesson plans for ideas on how to keep narrations varied and interesting!</p><p>★ TEACHER TIP<br>Make sure students are practicing typing skills, and typing narrations and compositions regularly.</p>","","https://planning.alveary.org/links.html?id=recw3n8hXdAPGodOM","Lesson","0","FALSE"
"alveary-recw3n8hXdAPGodOM","Import is Current","alveary-tracker-recw3n8hXdAPGodOM-20-3","20","3","m Written Narration: Grade 8 - Lesson 155","<p>➜ WRITTEN NARRATION TRACKER<br>Complete eight written narrations this week. The rest will be oral narrations to yourself or your teacher. See the intro pages of the lesson plans for ideas on how to keep narrations varied and interesting!</p><p>★ TEACHER TIP<br>Make sure students are practicing typing skills, and typing narrations and compositions regularly.</p>","","https://planning.alveary.org/links.html?id=recw3n8hXdAPGodOM","Lesson","0","FALSE"
"alveary-recw3n8hXdAPGodOM","Import is Current","alveary-tracker-recw3n8hXdAPGodOM-20-4","20","4","m Written Narration: Grade 8 - Lesson 156","<p>➜ WRITTEN NARRATION TRACKER<br>Complete eight written narrations this week. The rest will be oral narrations to yourself or your teacher. See the intro pages of the lesson plans for ideas on how to keep narrations varied and interesting!</p><p>★ TEACHER TIP<br>Make sure students are practicing typing skills, and typing narrations and compositions regularly.</p>","","https://planning.alveary.org/links.html?id=recw3n8hXdAPGodOM","Lesson","0","FALSE"
"alveary-recw3n8hXdAPGodOM","Import is Current","alveary-tracker-recw3n8hXdAPGodOM-20-5","20","5","m Written Narration: Grade 8 - Lesson 157","<p>➜ WRITTEN NARRATION TRACKER<br>Complete eight written narrations this week. The rest will be oral narrations to yourself or your teacher. See the intro pages of the lesson plans for ideas on how to keep narrations varied and interesting!</p><p>★ TEACHER TIP<br>Make sure students are practicing typing skills, and typing narrations and compositions regularly.</p>","","https://planning.alveary.org/links.html?id=recw3n8hXdAPGodOM","Lesson","0","FALSE"
"alveary-recw3n8hXdAPGodOM","Import is Current","alveary-tracker-recw3n8hXdAPGodOM-20-6","20","6","m Written Narration: Grade 8 - Lesson 158","<p>➜ WRITTEN NARRATION TRACKER<br>Complete eight written narrations this week. The rest will be oral narrations to yourself or your teacher. See the intro pages of the lesson plans for ideas on how to keep narrations varied and interesting!</p><p>★ TEACHER TIP<br>Make sure students are practicing typing skills, and typing narrations and compositions regularly.</p>","","https://planning.alveary.org/links.html?id=recw3n8hXdAPGodOM","Lesson","0","FALSE"
"alveary-recw3n8hXdAPGodOM","Import is Current","alveary-tracker-recw3n8hXdAPGodOM-20-7","20","7","m Written Narration: Grade 8 - Lesson 159","<p>➜ WRITTEN NARRATION TRACKER<br>Complete eight written narrations this week. The rest will be oral narrations to yourself or your teacher. See the intro pages of the lesson plans for ideas on how to keep narrations varied and interesting!</p><p>★ TEACHER TIP<br>Make sure students are practicing typing skills, and typing narrations and compositions regularly.</p>","","https://planning.alveary.org/links.html?id=recw3n8hXdAPGodOM","Lesson","0","FALSE"
"alveary-recw3n8hXdAPGodOM","Import is Current","alveary-tracker-recw3n8hXdAPGodOM-20-8","20","8","m Written Narration: Grade 8 - Lesson 160","<p>➜ WRITTEN NARRATION TRACKER<br>Complete eight written narrations this week. The rest will be oral narrations to yourself or your teacher. See the intro pages of the lesson plans for ideas on how to keep narrations varied and interesting!</p><p>★ TEACHER TIP<br>Make sure students are practicing typing skills, and typing narrations and compositions regularly.</p>","","https://planning.alveary.org/links.html?id=recw3n8hXdAPGodOM","Lesson","0","FALSE"
"alveary-recw3n8hXdAPGodOM","Import is Current","alveary-tracker-recw3n8hXdAPGodOM-21-1","21","1","m Written Narration: Grade 8 - Lesson 161","<p>➜ WRITTEN NARRATION TRACKER<br>Complete eight written narrations this week. The rest will be oral narrations to yourself or your teacher. See the intro pages of the lesson plans for ideas on how to keep narrations varied and interesting!</p><p>★ TEACHER TIP<br>Make sure students are practicing typing skills, and typing narrations and compositions regularly.</p>","","https://planning.alveary.org/links.html?id=recw3n8hXdAPGodOM","Lesson","0","FALSE"
"alveary-recw3n8hXdAPGodOM","Import is Current","alveary-tracker-recw3n8hXdAPGodOM-21-2","21","2","m Written Narration: Grade 8 - Lesson 162","<p>➜ WRITTEN NARRATION TRACKER<br>Complete eight written narrations this week. The rest will be oral narrations to yourself or your teacher. See the intro pages of the lesson plans for ideas on how to keep narrations varied and interesting!</p><p>★ TEACHER TIP<br>Make sure students are practicing typing skills, and typing narrations and compositions regularly.</p>","","https://planning.alveary.org/links.html?id=recw3n8hXdAPGodOM","Lesson","0","FALSE"
"alveary-recw3n8hXdAPGodOM","Import is Current","alveary-tracker-recw3n8hXdAPGodOM-21-3","21","3","m Written Narration: Grade 8 - Lesson 163","<p>➜ WRITTEN NARRATION TRACKER<br>Complete eight written narrations this week. The rest will be oral narrations to yourself or your teacher. See the intro pages of the lesson plans for ideas on how to keep narrations varied and interesting!</p><p>★ TEACHER TIP<br>Make sure students are practicing typing skills, and typing narrations and compositions regularly.</p>","","https://planning.alveary.org/links.html?id=recw3n8hXdAPGodOM","Lesson","0","FALSE"
"alveary-recw3n8hXdAPGodOM","Import is Current","alveary-tracker-recw3n8hXdAPGodOM-21-4","21","4","m Written Narration: Grade 8 - Lesson 164","<p>➜ WRITTEN NARRATION TRACKER<br>Complete eight written narrations this week. The rest will be oral narrations to yourself or your teacher. See the intro pages of the lesson plans for ideas on how to keep narrations varied and interesting!</p><p>★ TEACHER TIP<br>Make sure students are practicing typing skills, and typing narrations and compositions regularly.</p>","","https://planning.alveary.org/links.html?id=recw3n8hXdAPGodOM","Lesson","0","FALSE"
"alveary-recw3n8hXdAPGodOM","Import is Current","alveary-tracker-recw3n8hXdAPGodOM-21-5","21","5","m Written Narration: Grade 8 - Lesson 165","<p>➜ WRITTEN NARRATION TRACKER<br>Complete eight written narrations this week. The rest will be oral narrations to yourself or your teacher. See the intro pages of the lesson plans for ideas on how to keep narrations varied and interesting!</p><p>★ TEACHER TIP<br>Make sure students are practicing typing skills, and typing narrations and compositions regularly.</p>","","https://planning.alveary.org/links.html?id=recw3n8hXdAPGodOM","Lesson","0","FALSE"
"alveary-recw3n8hXdAPGodOM","Import is Current","alveary-tracker-recw3n8hXdAPGodOM-21-6","21","6","m Written Narration: Grade 8 - Lesson 166","<p>➜ WRITTEN NARRATION TRACKER<br>Complete eight written narrations this week. The rest will be oral narrations to yourself or your teacher. See the intro pages of the lesson plans for ideas on how to keep narrations varied and interesting!</p><p>★ TEACHER TIP<br>Make sure students are practicing typing skills, and typing narrations and compositions regularly.</p>","","https://planning.alveary.org/links.html?id=recw3n8hXdAPGodOM","Lesson","0","FALSE"
"alveary-recw3n8hXdAPGodOM","Import is Current","alveary-tracker-recw3n8hXdAPGodOM-21-7","21","7","m Written Narration: Grade 8 - Lesson 167","<p>➜ WRITTEN NARRATION TRACKER<br>Complete eight written narrations this week. The rest will be oral narrations to yourself or your teacher. See the intro pages of the lesson plans for ideas on how to keep narrations varied and interesting!</p><p>★ TEACHER TIP<br>Make sure students are practicing typing skills, and typing narrations and compositions regularly.</p>","","https://planning.alveary.org/links.html?id=recw3n8hXdAPGodOM","Lesson","0","FALSE"
"alveary-recw3n8hXdAPGodOM","Import is Current","alveary-tracker-recw3n8hXdAPGodOM-21-8","21","8","m Written Narration: Grade 8 - Lesson 168","<p>➜ WRITTEN NARRATION TRACKER<br>Complete eight written narrations this week. The rest will be oral narrations to yourself or your teacher. See the intro pages of the lesson plans for ideas on how to keep narrations varied and interesting!</p><p>★ TEACHER TIP<br>Make sure students are practicing typing skills, and typing narrations and compositions regularly.</p>","","https://planning.alveary.org/links.html?id=recw3n8hXdAPGodOM","Lesson","0","FALSE"
"alveary-recw3n8hXdAPGodOM","Import is Current","alveary-tracker-recw3n8hXdAPGodOM-22-1","22","1","m Written Narration: Grade 8 - Lesson 169","<p>➜ WRITTEN NARRATION TRACKER<br>Complete eight written narrations this week. The rest will be oral narrations to yourself or your teacher. See the intro pages of the lesson plans for ideas on how to keep narrations varied and interesting!</p><p>★ TEACHER TIP<br>Make sure students are practicing typing skills, and typing narrations and compositions regularly.</p>","","https://planning.alveary.org/links.html?id=recw3n8hXdAPGodOM","Lesson","0","FALSE"
"alveary-recw3n8hXdAPGodOM","Import is Current","alveary-tracker-recw3n8hXdAPGodOM-22-2","22","2","m Written Narration: Grade 8 - Lesson 170","<p>➜ WRITTEN NARRATION TRACKER<br>Complete eight written narrations this week. The rest will be oral narrations to yourself or your teacher. See the intro pages of the lesson plans for ideas on how to keep narrations varied and interesting!</p><p>★ TEACHER TIP<br>Make sure students are practicing typing skills, and typing narrations and compositions regularly.</p>","","https://planning.alveary.org/links.html?id=recw3n8hXdAPGodOM","Lesson","0","FALSE"
"alveary-recw3n8hXdAPGodOM","Import is Current","alveary-tracker-recw3n8hXdAPGodOM-22-3","22","3","m Written Narration: Grade 8 - Lesson 171","<p>➜ WRITTEN NARRATION TRACKER<br>Complete eight written narrations this week. The rest will be oral narrations to yourself or your teacher. See the intro pages of the lesson plans for ideas on how to keep narrations varied and interesting!</p><p>★ TEACHER TIP<br>Make sure students are practicing typing skills, and typing narrations and compositions regularly.</p>","","https://planning.alveary.org/links.html?id=recw3n8hXdAPGodOM","Lesson","0","FALSE"
"alveary-recw3n8hXdAPGodOM","Import is Current","alveary-tracker-recw3n8hXdAPGodOM-22-4","22","4","m Written Narration: Grade 8 - Lesson 172","<p>➜ WRITTEN NARRATION TRACKER<br>Complete eight written narrations this week. The rest will be oral narrations to yourself or your teacher. See the intro pages of the lesson plans for ideas on how to keep narrations varied and interesting!</p><p>★ TEACHER TIP<br>Make sure students are practicing typing skills, and typing narrations and compositions regularly.</p>","","https://planning.alveary.org/links.html?id=recw3n8hXdAPGodOM","Lesson","0","FALSE"
"alveary-recw3n8hXdAPGodOM","Import is Current","alveary-tracker-recw3n8hXdAPGodOM-22-5","22","5","m Written Narration: Grade 8 - Lesson 173","<p>➜ WRITTEN NARRATION TRACKER<br>Complete eight written narrations this week. The rest will be oral narrations to yourself or your teacher. See the intro pages of the lesson plans for ideas on how to keep narrations varied and interesting!</p><p>★ TEACHER TIP<br>Make sure students are practicing typing skills, and typing narrations and compositions regularly.</p>","","https://planning.alveary.org/links.html?id=recw3n8hXdAPGodOM","Lesson","0","FALSE"
"alveary-recw3n8hXdAPGodOM","Import is Current","alveary-tracker-recw3n8hXdAPGodOM-22-6","22","6","m Written Narration: Grade 8 - Lesson 174","<p>➜ WRITTEN NARRATION TRACKER<br>Complete eight written narrations this week. The rest will be oral narrations to yourself or your teacher. See the intro pages of the lesson plans for ideas on how to keep narrations varied and interesting!</p><p>★ TEACHER TIP<br>Make sure students are practicing typing skills, and typing narrations and compositions regularly.</p>","","https://planning.alveary.org/links.html?id=recw3n8hXdAPGodOM","Lesson","0","FALSE"
"alveary-recw3n8hXdAPGodOM","Import is Current","alveary-tracker-recw3n8hXdAPGodOM-22-7","22","7","m Written Narration: Grade 8 - Lesson 175","<p>➜ WRITTEN NARRATION TRACKER<br>Complete eight written narrations this week. The rest will be oral narrations to yourself or your teacher. See the intro pages of the lesson plans for ideas on how to keep narrations varied and interesting!</p><p>★ TEACHER TIP<br>Make sure students are practicing typing skills, and typing narrations and compositions regularly.</p>","","https://planning.alveary.org/links.html?id=recw3n8hXdAPGodOM","Lesson","0","FALSE"
"alveary-recw3n8hXdAPGodOM","Import is Current","alveary-tracker-recw3n8hXdAPGodOM-22-8","22","8","m Written Narration: Grade 8 - Lesson 176","<p>➜ WRITTEN NARRATION TRACKER<br>Complete eight written narrations this week. The rest will be oral narrations to yourself or your teacher. See the intro pages of the lesson plans for ideas on how to keep narrations varied and interesting!</p><p>★ TEACHER TIP<br>Make sure students are practicing typing skills, and typing narrations and compositions regularly.</p>","","https://planning.alveary.org/links.html?id=recw3n8hXdAPGodOM","Lesson","0","FALSE"
"alveary-recw3n8hXdAPGodOM","Import is Current","alveary-tracker-recw3n8hXdAPGodOM-23-1","23","1","m Written Narration: Grade 8 - Lesson 177","<p>➜ WRITTEN NARRATION TRACKER<br>Complete eight written narrations this week. The rest will be oral narrations to yourself or your teacher. See the intro pages of the lesson plans for ideas on how to keep narrations varied and interesting!</p><p>★ TEACHER TIP<br>Make sure students are practicing typing skills, and typing narrations and compositions regularly.</p>","","https://planning.alveary.org/links.html?id=recw3n8hXdAPGodOM","Lesson","0","FALSE"
"alveary-recw3n8hXdAPGodOM","Import is Current","alveary-tracker-recw3n8hXdAPGodOM-23-2","23","2","m Written Narration: Grade 8 - Lesson 178","<p>➜ WRITTEN NARRATION TRACKER<br>Complete eight written narrations this week. The rest will be oral narrations to yourself or your teacher. See the intro pages of the lesson plans for ideas on how to keep narrations varied and interesting!</p><p>★ TEACHER TIP<br>Make sure students are practicing typing skills, and typing narrations and compositions regularly.</p>","","https://planning.alveary.org/links.html?id=recw3n8hXdAPGodOM","Lesson","0","FALSE"
"alveary-recw3n8hXdAPGodOM","Import is Current","alveary-tracker-recw3n8hXdAPGodOM-23-3","23","3","m Written Narration: Grade 8 - Lesson 179","<p>➜ WRITTEN NARRATION TRACKER<br>Complete eight written narrations this week. The rest will be oral narrations to yourself or your teacher. See the intro pages of the lesson plans for ideas on how to keep narrations varied and interesting!</p><p>★ TEACHER TIP<br>Make sure students are practicing typing skills, and typing narrations and compositions regularly.</p>","","https://planning.alveary.org/links.html?id=recw3n8hXdAPGodOM","Lesson","0","FALSE"
"alveary-recw3n8hXdAPGodOM","Import is Current","alveary-tracker-recw3n8hXdAPGodOM-23-4","23","4","m Written Narration: Grade 8 - Lesson 180","<p>➜ WRITTEN NARRATION TRACKER<br>Complete eight written narrations this week. The rest will be oral narrations to yourself or your teacher. See the intro pages of the lesson plans for ideas on how to keep narrations varied and interesting!</p><p>★ TEACHER TIP<br>Make sure students are practicing typing skills, and typing narrations and compositions regularly.</p>","","https://planning.alveary.org/links.html?id=recw3n8hXdAPGodOM","Lesson","0","FALSE"
"alveary-recw3n8hXdAPGodOM","Import is Current","alveary-tracker-recw3n8hXdAPGodOM-23-5","23","5","m Written Narration: Grade 8 - Lesson 181","<p>➜ WRITTEN NARRATION TRACKER<br>Complete eight written narrations this week. The rest will be oral narrations to yourself or your teacher. See the intro pages of the lesson plans for ideas on how to keep narrations varied and interesting!</p><p>★ TEACHER TIP<br>Make sure students are practicing typing skills, and typing narrations and compositions regularly.</p>","","https://planning.alveary.org/links.html?id=recw3n8hXdAPGodOM","Lesson","0","FALSE"
"alveary-recw3n8hXdAPGodOM","Import is Current","alveary-tracker-recw3n8hXdAPGodOM-23-6","23","6","m Written Narration: Grade 8 - Lesson 182","<p>➜ WRITTEN NARRATION TRACKER<br>Complete eight written narrations this week. The rest will be oral narrations to yourself or your teacher. See the intro pages of the lesson plans for ideas on how to keep narrations varied and interesting!</p><p>★ TEACHER TIP<br>Make sure students are practicing typing skills, and typing narrations and compositions regularly.</p>","","https://planning.alveary.org/links.html?id=recw3n8hXdAPGodOM","Lesson","0","FALSE"
"alveary-recw3n8hXdAPGodOM","Import is Current","alveary-tracker-recw3n8hXdAPGodOM-23-7","23","7","m Written Narration: Grade 8 - Lesson 183","<p>➜ WRITTEN NARRATION TRACKER<br>Complete eight written narrations this week. The rest will be oral narrations to yourself or your teacher. See the intro pages of the lesson plans for ideas on how to keep narrations varied and interesting!</p><p>★ TEACHER TIP<br>Make sure students are practicing typing skills, and typing narrations and compositions regularly.</p>","","https://planning.alveary.org/links.html?id=recw3n8hXdAPGodOM","Lesson","0","FALSE"
"alveary-recw3n8hXdAPGodOM","Import is Current","alveary-tracker-recw3n8hXdAPGodOM-23-8","23","8","m Written Narration: Grade 8 - Lesson 184","<p>➜ WRITTEN NARRATION TRACKER<br>Complete eight written narrations this week. The rest will be oral narrations to yourself or your teacher. See the intro pages of the lesson plans for ideas on how to keep narrations varied and interesting!</p><p>★ TEACHER TIP<br>Make sure students are practicing typing skills, and typing narrations and compositions regularly.</p>","","https://planning.alveary.org/links.html?id=recw3n8hXdAPGodOM","Lesson","0","FALSE"
"alveary-recw3n8hXdAPGodOM","Import is Current","alveary-tracker-recw3n8hXdAPGodOM-24-1","24","1","m Written Narration: Grade 8 - Lesson 185","<p>➜ EXAMS<br>Answer question(s) related to course.</p>","","https://planning.alveary.org/links.html?id=recw3n8hXdAPGodOM","Exam","0","FALSE"
"alveary-recw3n8hXdAPGodOM","Import is Current","alveary-tracker-recw3n8hXdAPGodOM-24-2","24","2","m Written Narration: Grade 8 - Lesson 186","<p>➜ EXAMS<br>Answer question(s) related to course.</p>","","https://planning.alveary.org/links.html?id=recw3n8hXdAPGodOM","Exam","0","FALSE"
"alveary-recw3n8hXdAPGodOM","Import is Current","alveary-tracker-recw3n8hXdAPGodOM-24-3","24","3","m Written Narration: Grade 8 - Lesson 187","<p>➜ EXAMS<br>Answer question(s) related to course.</p>","","https://planning.alveary.org/links.html?id=recw3n8hXdAPGodOM","Exam","0","FALSE"
"alveary-recw3n8hXdAPGodOM","Import is Current","alveary-tracker-recw3n8hXdAPGodOM-24-4","24","4","m Written Narration: Grade 8 - Lesson 188","<p>➜ EXAMS<br>Answer question(s) related to course.</p>","","https://planning.alveary.org/links.html?id=recw3n8hXdAPGodOM","Exam","0","FALSE"
"alveary-recw3n8hXdAPGodOM","Import is Current","alveary-tracker-recw3n8hXdAPGodOM-24-5","24","5","m Written Narration: Grade 8 - Lesson 189","<p>➜ EXAMS<br>Answer question(s) related to course.</p>","","https://planning.alveary.org/links.html?id=recw3n8hXdAPGodOM","Exam","0","FALSE"
"alveary-recw3n8hXdAPGodOM","Import is Current","alveary-tracker-recw3n8hXdAPGodOM-24-6","24","6","m Written Narration: Grade 8 - Lesson 190","<p>➜ EXAMS<br>Answer question(s) related to course.</p>","","https://planning.alveary.org/links.html?id=recw3n8hXdAPGodOM","Exam","0","FALSE"
"alveary-recw3n8hXdAPGodOM","Import is Current","alveary-tracker-recw3n8hXdAPGodOM-24-7","24","7","m Written Narration: Grade 8 - Lesson 191","<p>➜ EXAMS<br>Answer question(s) related to course.</p>","","https://planning.alveary.org/links.html?id=recw3n8hXdAPGodOM","Exam","0","FALSE"
"alveary-recw3n8hXdAPGodOM","Import is Current","alveary-tracker-recw3n8hXdAPGodOM-24-8","24","8","m Written Narration: Grade 8 - Lesson 192","<p>➜ EXAMS<br>Answer question(s) related to course.</p>","","https://planning.alveary.org/links.html?id=recw3n8hXdAPGodOM","Exam","0","FALSE"
"alveary-recw3n8hXdAPGodOM","Import is Current","alveary-tracker-recw3n8hXdAPGodOM-25-1","25","1","m Written Narration: Grade 8 - Lesson 193","<p>➜ WRITTEN NARRATION TRACKER<br>Complete eight written narrations this week. The rest will be oral narrations to yourself or your teacher. See the intro pages of the lesson plans for ideas on how to keep narrations varied and interesting!</p><p>★ TEACHER TIP<br>Make sure students are practicing typing skills, and typing narrations and compositions regularly.</p>","","https://planning.alveary.org/links.html?id=recw3n8hXdAPGodOM","Lesson","0","FALSE"
"alveary-recw3n8hXdAPGodOM","Import is Current","alveary-tracker-recw3n8hXdAPGodOM-25-2","25","2","m Written Narration: Grade 8 - Lesson 194","<p>➜ WRITTEN NARRATION TRACKER<br>Complete eight written narrations this week. The rest will be oral narrations to yourself or your teacher. See the intro pages of the lesson plans for ideas on how to keep narrations varied and interesting!</p><p>★ TEACHER TIP<br>Make sure students are practicing typing skills, and typing narrations and compositions regularly.</p>","","https://planning.alveary.org/links.html?id=recw3n8hXdAPGodOM","Lesson","0","FALSE"
"alveary-recw3n8hXdAPGodOM","Import is Current","alveary-tracker-recw3n8hXdAPGodOM-25-3","25","3","m Written Narration: Grade 8 - Lesson 195","<p>➜ WRITTEN NARRATION TRACKER<br>Complete eight written narrations this week. The rest will be oral narrations to yourself or your teacher. See the intro pages of the lesson plans for ideas on how to keep narrations varied and interesting!</p><p>★ TEACHER TIP<br>Make sure students are practicing typing skills, and typing narrations and compositions regularly.</p>","","https://planning.alveary.org/links.html?id=recw3n8hXdAPGodOM","Lesson","0","FALSE"
"alveary-recw3n8hXdAPGodOM","Import is Current","alveary-tracker-recw3n8hXdAPGodOM-25-4","25","4","m Written Narration: Grade 8 - Lesson 196","<p>➜ WRITTEN NARRATION TRACKER<br>Complete eight written narrations this week. The rest will be oral narrations to yourself or your teacher. See the intro pages of the lesson plans for ideas on how to keep narrations varied and interesting!</p><p>★ TEACHER TIP<br>Make sure students are practicing typing skills, and typing narrations and compositions regularly.</p>","","https://planning.alveary.org/links.html?id=recw3n8hXdAPGodOM","Lesson","0","FALSE"
"alveary-recw3n8hXdAPGodOM","Import is Current","alveary-tracker-recw3n8hXdAPGodOM-25-5","25","5","m Written Narration: Grade 8 - Lesson 197","<p>➜ WRITTEN NARRATION TRACKER<br>Complete eight written narrations this week. The rest will be oral narrations to yourself or your teacher. See the intro pages of the lesson plans for ideas on how to keep narrations varied and interesting!</p><p>★ TEACHER TIP<br>Make sure students are practicing typing skills, and typing narrations and compositions regularly.</p>","","https://planning.alveary.org/links.html?id=recw3n8hXdAPGodOM","Lesson","0","FALSE"
"alveary-recw3n8hXdAPGodOM","Import is Current","alveary-tracker-recw3n8hXdAPGodOM-25-6","25","6","m Written Narration: Grade 8 - Lesson 198","<p>➜ WRITTEN NARRATION TRACKER<br>Complete eight written narrations this week. The rest will be oral narrations to yourself or your teacher. See the intro pages of the lesson plans for ideas on how to keep narrations varied and interesting!</p><p>★ TEACHER TIP<br>Make sure students are practicing typing skills, and typing narrations and compositions regularly.</p>","","https://planning.alveary.org/links.html?id=recw3n8hXdAPGodOM","Lesson","0","FALSE"
"alveary-recw3n8hXdAPGodOM","Import is Current","alveary-tracker-recw3n8hXdAPGodOM-25-7","25","7","m Written Narration: Grade 8 - Lesson 199","<p>➜ WRITTEN NARRATION TRACKER<br>Complete eight written narrations this week. The rest will be oral narrations to yourself or your teacher. See the intro pages of the lesson plans for ideas on how to keep narrations varied and interesting!</p><p>★ TEACHER TIP<br>Make sure students are practicing typing skills, and typing narrations and compositions regularly.</p>","","https://planning.alveary.org/links.html?id=recw3n8hXdAPGodOM","Lesson","0","FALSE"
"alveary-recw3n8hXdAPGodOM","Import is Current","alveary-tracker-recw3n8hXdAPGodOM-25-8","25","8","m Written Narration: Grade 8 - Lesson 200","<p>➜ WRITTEN NARRATION TRACKER<br>Complete eight written narrations this week. The rest will be oral narrations to yourself or your teacher. See the intro pages of the lesson plans for ideas on how to keep narrations varied and interesting!</p><p>★ TEACHER TIP<br>Make sure students are practicing typing skills, and typing narrations and compositions regularly.</p>","","https://planning.alveary.org/links.html?id=recw3n8hXdAPGodOM","Lesson","0","FALSE"
"alveary-recw3n8hXdAPGodOM","Import is Current","alveary-tracker-recw3n8hXdAPGodOM-26-1","26","1","m Written Narration: Grade 8 - Lesson 201","<p>➜ WRITTEN NARRATION TRACKER<br>Complete eight written narrations this week. The rest will be oral narrations to yourself or your teacher. See the intro pages of the lesson plans for ideas on how to keep narrations varied and interesting!</p><p>★ TEACHER TIP<br>Make sure students are practicing typing skills, and typing narrations and compositions regularly.</p>","","https://planning.alveary.org/links.html?id=recw3n8hXdAPGodOM","Lesson","0","FALSE"
"alveary-recw3n8hXdAPGodOM","Import is Current","alveary-tracker-recw3n8hXdAPGodOM-26-2","26","2","m Written Narration: Grade 8 - Lesson 202","<p>➜ WRITTEN NARRATION TRACKER<br>Complete eight written narrations this week. The rest will be oral narrations to yourself or your teacher. See the intro pages of the lesson plans for ideas on how to keep narrations varied and interesting!</p><p>★ TEACHER TIP<br>Make sure students are practicing typing skills, and typing narrations and compositions regularly.</p>","","https://planning.alveary.org/links.html?id=recw3n8hXdAPGodOM","Lesson","0","FALSE"
"alveary-recw3n8hXdAPGodOM","Import is Current","alveary-tracker-recw3n8hXdAPGodOM-26-3","26","3","m Written Narration: Grade 8 - Lesson 203","<p>➜ WRITTEN NARRATION TRACKER<br>Complete eight written narrations this week. The rest will be oral narrations to yourself or your teacher. See the intro pages of the lesson plans for ideas on how to keep narrations varied and interesting!</p><p>★ TEACHER TIP<br>Make sure students are practicing typing skills, and typing narrations and compositions regularly.</p>","","https://planning.alveary.org/links.html?id=recw3n8hXdAPGodOM","Lesson","0","FALSE"
"alveary-recw3n8hXdAPGodOM","Import is Current","alveary-tracker-recw3n8hXdAPGodOM-26-4","26","4","m Written Narration: Grade 8 - Lesson 204","<p>➜ WRITTEN NARRATION TRACKER<br>Complete eight written narrations this week. The rest will be oral narrations to yourself or your teacher. See the intro pages of the lesson plans for ideas on how to keep narrations varied and interesting!</p><p>★ TEACHER TIP<br>Make sure students are practicing typing skills, and typing narrations and compositions regularly.</p>","","https://planning.alveary.org/links.html?id=recw3n8hXdAPGodOM","Lesson","0","FALSE"
"alveary-recw3n8hXdAPGodOM","Import is Current","alveary-tracker-recw3n8hXdAPGodOM-26-5","26","5","m Written Narration: Grade 8 - Lesson 205","<p>➜ WRITTEN NARRATION TRACKER<br>Complete eight written narrations this week. The rest will be oral narrations to yourself or your teacher. See the intro pages of the lesson plans for ideas on how to keep narrations varied and interesting!</p><p>★ TEACHER TIP<br>Make sure students are practicing typing skills, and typing narrations and compositions regularly.</p>","","https://planning.alveary.org/links.html?id=recw3n8hXdAPGodOM","Lesson","0","FALSE"
"alveary-recw3n8hXdAPGodOM","Import is Current","alveary-tracker-recw3n8hXdAPGodOM-26-6","26","6","m Written Narration: Grade 8 - Lesson 206","<p>➜ WRITTEN NARRATION TRACKER<br>Complete eight written narrations this week. The rest will be oral narrations to yourself or your teacher. See the intro pages of the lesson plans for ideas on how to keep narrations varied and interesting!</p><p>★ TEACHER TIP<br>Make sure students are practicing typing skills, and typing narrations and compositions regularly.</p>","","https://planning.alveary.org/links.html?id=recw3n8hXdAPGodOM","Lesson","0","FALSE"
"alveary-recw3n8hXdAPGodOM","Import is Current","alveary-tracker-recw3n8hXdAPGodOM-26-7","26","7","m Written Narration: Grade 8 - Lesson 207","<p>➜ WRITTEN NARRATION TRACKER<br>Complete eight written narrations this week. The rest will be oral narrations to yourself or your teacher. See the intro pages of the lesson plans for ideas on how to keep narrations varied and interesting!</p><p>★ TEACHER TIP<br>Make sure students are practicing typing skills, and typing narrations and compositions regularly.</p>","","https://planning.alveary.org/links.html?id=recw3n8hXdAPGodOM","Lesson","0","FALSE"
"alveary-recw3n8hXdAPGodOM","Import is Current","alveary-tracker-recw3n8hXdAPGodOM-26-8","26","8","m Written Narration: Grade 8 - Lesson 208","<p>➜ WRITTEN NARRATION TRACKER<br>Complete eight written narrations this week. The rest will be oral narrations to yourself or your teacher. See the intro pages of the lesson plans for ideas on how to keep narrations varied and interesting!</p><p>★ TEACHER TIP<br>Make sure students are practicing typing skills, and typing narrations and compositions regularly.</p>","","https://planning.alveary.org/links.html?id=recw3n8hXdAPGodOM","Lesson","0","FALSE"
"alveary-recw3n8hXdAPGodOM","Import is Current","alveary-tracker-recw3n8hXdAPGodOM-27-1","27","1","m Written Narration: Grade 8 - Lesson 209","<p>➜ WRITTEN NARRATION TRACKER<br>Complete eight written narrations this week. The rest will be oral narrations to yourself or your teacher. See the intro pages of the lesson plans for ideas on how to keep narrations varied and interesting!</p><p>★ TEACHER TIP<br>Make sure students are practicing typing skills, and typing narrations and compositions regularly.</p>","","https://planning.alveary.org/links.html?id=recw3n8hXdAPGodOM","Lesson","0","FALSE"
"alveary-recw3n8hXdAPGodOM","Import is Current","alveary-tracker-recw3n8hXdAPGodOM-27-2","27","2","m Written Narration: Grade 8 - Lesson 210","<p>➜ WRITTEN NARRATION TRACKER<br>Complete eight written narrations this week. The rest will be oral narrations to yourself or your teacher. See the intro pages of the lesson plans for ideas on how to keep narrations varied and interesting!</p><p>★ TEACHER TIP<br>Make sure students are practicing typing skills, and typing narrations and compositions regularly.</p>","","https://planning.alveary.org/links.html?id=recw3n8hXdAPGodOM","Lesson","0","FALSE"
"alveary-recw3n8hXdAPGodOM","Import is Current","alveary-tracker-recw3n8hXdAPGodOM-27-3","27","3","m Written Narration: Grade 8 - Lesson 211","<p>➜ WRITTEN NARRATION TRACKER<br>Complete eight written narrations this week. The rest will be oral narrations to yourself or your teacher. See the intro pages of the lesson plans for ideas on how to keep narrations varied and interesting!</p><p>★ TEACHER TIP<br>Make sure students are practicing typing skills, and typing narrations and compositions regularly.</p>","","https://planning.alveary.org/links.html?id=recw3n8hXdAPGodOM","Lesson","0","FALSE"
"alveary-recw3n8hXdAPGodOM","Import is Current","alveary-tracker-recw3n8hXdAPGodOM-27-4","27","4","m Written Narration: Grade 8 - Lesson 212","<p>➜ WRITTEN NARRATION TRACKER<br>Complete eight written narrations this week. The rest will be oral narrations to yourself or your teacher. See the intro pages of the lesson plans for ideas on how to keep narrations varied and interesting!</p><p>★ TEACHER TIP<br>Make sure students are practicing typing skills, and typing narrations and compositions regularly.</p>","","https://planning.alveary.org/links.html?id=recw3n8hXdAPGodOM","Lesson","0","FALSE"
"alveary-recw3n8hXdAPGodOM","Import is Current","alveary-tracker-recw3n8hXdAPGodOM-27-5","27","5","m Written Narration: Grade 8 - Lesson 213","<p>➜ WRITTEN NARRATION TRACKER<br>Complete eight written narrations this week. The rest will be oral narrations to yourself or your teacher. See the intro pages of the lesson plans for ideas on how to keep narrations varied and interesting!</p><p>★ TEACHER TIP<br>Make sure students are practicing typing skills, and typing narrations and compositions regularly.</p>","","https://planning.alveary.org/links.html?id=recw3n8hXdAPGodOM","Lesson","0","FALSE"
"alveary-recw3n8hXdAPGodOM","Import is Current","alveary-tracker-recw3n8hXdAPGodOM-27-6","27","6","m Written Narration: Grade 8 - Lesson 214","<p>➜ WRITTEN NARRATION TRACKER<br>Complete eight written narrations this week. The rest will be oral narrations to yourself or your teacher. See the intro pages of the lesson plans for ideas on how to keep narrations varied and interesting!</p><p>★ TEACHER TIP<br>Make sure students are practicing typing skills, and typing narrations and compositions regularly.</p>","","https://planning.alveary.org/links.html?id=recw3n8hXdAPGodOM","Lesson","0","FALSE"
"alveary-recw3n8hXdAPGodOM","Import is Current","alveary-tracker-recw3n8hXdAPGodOM-27-7","27","7","m Written Narration: Grade 8 - Lesson 215","<p>➜ WRITTEN NARRATION TRACKER<br>Complete eight written narrations this week. The rest will be oral narrations to yourself or your teacher. See the intro pages of the lesson plans for ideas on how to keep narrations varied and interesting!</p><p>★ TEACHER TIP<br>Make sure students are practicing typing skills, and typing narrations and compositions regularly.</p>","","https://planning.alveary.org/links.html?id=recw3n8hXdAPGodOM","Lesson","0","FALSE"
"alveary-recw3n8hXdAPGodOM","Import is Current","alveary-tracker-recw3n8hXdAPGodOM-27-8","27","8","m Written Narration: Grade 8 - Lesson 216","<p>➜ WRITTEN NARRATION TRACKER<br>Complete eight written narrations this week. The rest will be oral narrations to yourself or your teacher. See the intro pages of the lesson plans for ideas on how to keep narrations varied and interesting!</p><p>★ TEACHER TIP<br>Make sure students are practicing typing skills, and typing narrations and compositions regularly.</p>","","https://planning.alveary.org/links.html?id=recw3n8hXdAPGodOM","Lesson","0","FALSE"
"alveary-recw3n8hXdAPGodOM","Import is Current","alveary-tracker-recw3n8hXdAPGodOM-28-1","28","1","m Written Narration: Grade 8 - Lesson 217","<p>➜ WRITTEN NARRATION TRACKER<br>Complete eight written narrations this week. The rest will be oral narrations to yourself or your teacher. See the intro pages of the lesson plans for ideas on how to keep narrations varied and interesting!</p><p>★ TEACHER TIP<br>Make sure students are practicing typing skills, and typing narrations and compositions regularly.</p>","","https://planning.alveary.org/links.html?id=recw3n8hXdAPGodOM","Lesson","0","FALSE"
"alveary-recw3n8hXdAPGodOM","Import is Current","alveary-tracker-recw3n8hXdAPGodOM-28-2","28","2","m Written Narration: Grade 8 - Lesson 218","<p>➜ WRITTEN NARRATION TRACKER<br>Complete eight written narrations this week. The rest will be oral narrations to yourself or your teacher. See the intro pages of the lesson plans for ideas on how to keep narrations varied and interesting!</p><p>★ TEACHER TIP<br>Make sure students are practicing typing skills, and typing narrations and compositions regularly.</p>","","https://planning.alveary.org/links.html?id=recw3n8hXdAPGodOM","Lesson","0","FALSE"
"alveary-recw3n8hXdAPGodOM","Import is Current","alveary-tracker-recw3n8hXdAPGodOM-28-3","28","3","m Written Narration: Grade 8 - Lesson 219","<p>➜ WRITTEN NARRATION TRACKER<br>Complete eight written narrations this week. The rest will be oral narrations to yourself or your teacher. See the intro pages of the lesson plans for ideas on how to keep narrations varied and interesting!</p><p>★ TEACHER TIP<br>Make sure students are practicing typing skills, and typing narrations and compositions regularly.</p>","","https://planning.alveary.org/links.html?id=recw3n8hXdAPGodOM","Lesson","0","FALSE"
"alveary-recw3n8hXdAPGodOM","Import is Current","alveary-tracker-recw3n8hXdAPGodOM-28-4","28","4","m Written Narration: Grade 8 - Lesson 220","<p>➜ WRITTEN NARRATION TRACKER<br>Complete eight written narrations this week. The rest will be oral narrations to yourself or your teacher. See the intro pages of the lesson plans for ideas on how to keep narrations varied and interesting!</p><p>★ TEACHER TIP<br>Make sure students are practicing typing skills, and typing narrations and compositions regularly.</p>","","https://planning.alveary.org/links.html?id=recw3n8hXdAPGodOM","Lesson","0","FALSE"
"alveary-recw3n8hXdAPGodOM","Import is Current","alveary-tracker-recw3n8hXdAPGodOM-28-5","28","5","m Written Narration: Grade 8 - Lesson 221","<p>➜ WRITTEN NARRATION TRACKER<br>Complete eight written narrations this week. The rest will be oral narrations to yourself or your teacher. See the intro pages of the lesson plans for ideas on how to keep narrations varied and interesting!</p><p>★ TEACHER TIP<br>Make sure students are practicing typing skills, and typing narrations and compositions regularly.</p>","","https://planning.alveary.org/links.html?id=recw3n8hXdAPGodOM","Lesson","0","FALSE"
"alveary-recw3n8hXdAPGodOM","Import is Current","alveary-tracker-recw3n8hXdAPGodOM-28-6","28","6","m Written Narration: Grade 8 - Lesson 222","<p>➜ WRITTEN NARRATION TRACKER<br>Complete eight written narrations this week. The rest will be oral narrations to yourself or your teacher. See the intro pages of the lesson plans for ideas on how to keep narrations varied and interesting!</p><p>★ TEACHER TIP<br>Make sure students are practicing typing skills, and typing narrations and compositions regularly.</p>","","https://planning.alveary.org/links.html?id=recw3n8hXdAPGodOM","Lesson","0","FALSE"
"alveary-recw3n8hXdAPGodOM","Import is Current","alveary-tracker-recw3n8hXdAPGodOM-28-7","28","7","m Written Narration: Grade 8 - Lesson 223","<p>➜ WRITTEN NARRATION TRACKER<br>Complete eight written narrations this week. The rest will be oral narrations to yourself or your teacher. See the intro pages of the lesson plans for ideas on how to keep narrations varied and interesting!</p><p>★ TEACHER TIP<br>Make sure students are practicing typing skills, and typing narrations and compositions regularly.</p>","","https://planning.alveary.org/links.html?id=recw3n8hXdAPGodOM","Lesson","0","FALSE"
"alveary-recw3n8hXdAPGodOM","Import is Current","alveary-tracker-recw3n8hXdAPGodOM-28-8","28","8","m Written Narration: Grade 8 - Lesson 224","<p>➜ WRITTEN NARRATION TRACKER<br>Complete eight written narrations this week. The rest will be oral narrations to yourself or your teacher. See the intro pages of the lesson plans for ideas on how to keep narrations varied and interesting!</p><p>★ TEACHER TIP<br>Make sure students are practicing typing skills, and typing narrations and compositions regularly.</p>","","https://planning.alveary.org/links.html?id=recw3n8hXdAPGodOM","Lesson","0","FALSE"
"alveary-recw3n8hXdAPGodOM","Import is Current","alveary-tracker-recw3n8hXdAPGodOM-29-1","29","1","m Written Narration: Grade 8 - Lesson 225","<p>➜ WRITTEN NARRATION TRACKER<br>Complete eight written narrations this week. The rest will be oral narrations to yourself or your teacher. See the intro pages of the lesson plans for ideas on how to keep narrations varied and interesting!</p><p>★ TEACHER TIP<br>Make sure students are practicing typing skills, and typing narrations and compositions regularly.</p>","","https://planning.alveary.org/links.html?id=recw3n8hXdAPGodOM","Lesson","0","FALSE"
"alveary-recw3n8hXdAPGodOM","Import is Current","alveary-tracker-recw3n8hXdAPGodOM-29-2","29","2","m Written Narration: Grade 8 - Lesson 226","<p>➜ WRITTEN NARRATION TRACKER<br>Complete eight written narrations this week. The rest will be oral narrations to yourself or your teacher. See the intro pages of the lesson plans for ideas on how to keep narrations varied and interesting!</p><p>★ TEACHER TIP<br>Make sure students are practicing typing skills, and typing narrations and compositions regularly.</p>","","https://planning.alveary.org/links.html?id=recw3n8hXdAPGodOM","Lesson","0","FALSE"
"alveary-recw3n8hXdAPGodOM","Import is Current","alveary-tracker-recw3n8hXdAPGodOM-29-3","29","3","m Written Narration: Grade 8 - Lesson 227","<p>➜ WRITTEN NARRATION TRACKER<br>Complete eight written narrations this week. The rest will be oral narrations to yourself or your teacher. See the intro pages of the lesson plans for ideas on how to keep narrations varied and interesting!</p><p>★ TEACHER TIP<br>Make sure students are practicing typing skills, and typing narrations and compositions regularly.</p>","","https://planning.alveary.org/links.html?id=recw3n8hXdAPGodOM","Lesson","0","FALSE"
"alveary-recw3n8hXdAPGodOM","Import is Current","alveary-tracker-recw3n8hXdAPGodOM-29-4","29","4","m Written Narration: Grade 8 - Lesson 228","<p>➜ WRITTEN NARRATION TRACKER<br>Complete eight written narrations this week. The rest will be oral narrations to yourself or your teacher. See the intro pages of the lesson plans for ideas on how to keep narrations varied and interesting!</p><p>★ TEACHER TIP<br>Make sure students are practicing typing skills, and typing narrations and compositions regularly.</p>","","https://planning.alveary.org/links.html?id=recw3n8hXdAPGodOM","Lesson","0","FALSE"
"alveary-recw3n8hXdAPGodOM","Import is Current","alveary-tracker-recw3n8hXdAPGodOM-29-5","29","5","m Written Narration: Grade 8 - Lesson 229","<p>➜ WRITTEN NARRATION TRACKER<br>Complete eight written narrations this week. The rest will be oral narrations to yourself or your teacher. See the intro pages of the lesson plans for ideas on how to keep narrations varied and interesting!</p><p>★ TEACHER TIP<br>Make sure students are practicing typing skills, and typing narrations and compositions regularly.</p>","","https://planning.alveary.org/links.html?id=recw3n8hXdAPGodOM","Lesson","0","FALSE"
"alveary-recw3n8hXdAPGodOM","Import is Current","alveary-tracker-recw3n8hXdAPGodOM-29-6","29","6","m Written Narration: Grade 8 - Lesson 230","<p>➜ WRITTEN NARRATION TRACKER<br>Complete eight written narrations this week. The rest will be oral narrations to yourself or your teacher. See the intro pages of the lesson plans for ideas on how to keep narrations varied and interesting!</p><p>★ TEACHER TIP<br>Make sure students are practicing typing skills, and typing narrations and compositions regularly.</p>","","https://planning.alveary.org/links.html?id=recw3n8hXdAPGodOM","Lesson","0","FALSE"
"alveary-recw3n8hXdAPGodOM","Import is Current","alveary-tracker-recw3n8hXdAPGodOM-29-7","29","7","m Written Narration: Grade 8 - Lesson 231","<p>➜ WRITTEN NARRATION TRACKER<br>Complete eight written narrations this week. The rest will be oral narrations to yourself or your teacher. See the intro pages of the lesson plans for ideas on how to keep narrations varied and interesting!</p><p>★ TEACHER TIP<br>Make sure students are practicing typing skills, and typing narrations and compositions regularly.</p>","","https://planning.alveary.org/links.html?id=recw3n8hXdAPGodOM","Lesson","0","FALSE"
"alveary-recw3n8hXdAPGodOM","Import is Current","alveary-tracker-recw3n8hXdAPGodOM-29-8","29","8","m Written Narration: Grade 8 - Lesson 232","<p>➜ WRITTEN NARRATION TRACKER<br>Complete eight written narrations this week. The rest will be oral narrations to yourself or your teacher. See the intro pages of the lesson plans for ideas on how to keep narrations varied and interesting!</p><p>★ TEACHER TIP<br>Make sure students are practicing typing skills, and typing narrations and compositions regularly.</p>","","https://planning.alveary.org/links.html?id=recw3n8hXdAPGodOM","Lesson","0","FALSE"
"alveary-recw3n8hXdAPGodOM","Import is Current","alveary-tracker-recw3n8hXdAPGodOM-30-1","30","1","m Written Narration: Grade 8 - Lesson 233","<p>➜ WRITTEN NARRATION TRACKER<br>Complete eight written narrations this week. The rest will be oral narrations to yourself or your teacher. See the intro pages of the lesson plans for ideas on how to keep narrations varied and interesting!</p><p>★ TEACHER TIP<br>Make sure students are practicing typing skills, and typing narrations and compositions regularly.</p>","","https://planning.alveary.org/links.html?id=recw3n8hXdAPGodOM","Lesson","0","FALSE"
"alveary-recw3n8hXdAPGodOM","Import is Current","alveary-tracker-recw3n8hXdAPGodOM-30-2","30","2","m Written Narration: Grade 8 - Lesson 234","<p>➜ WRITTEN NARRATION TRACKER<br>Complete eight written narrations this week. The rest will be oral narrations to yourself or your teacher. See the intro pages of the lesson plans for ideas on how to keep narrations varied and interesting!</p><p>★ TEACHER TIP<br>Make sure students are practicing typing skills, and typing narrations and compositions regularly.</p>","","https://planning.alveary.org/links.html?id=recw3n8hXdAPGodOM","Lesson","0","FALSE"
"alveary-recw3n8hXdAPGodOM","Import is Current","alveary-tracker-recw3n8hXdAPGodOM-30-3","30","3","m Written Narration: Grade 8 - Lesson 235","<p>➜ WRITTEN NARRATION TRACKER<br>Complete eight written narrations this week. The rest will be oral narrations to yourself or your teacher. See the intro pages of the lesson plans for ideas on how to keep narrations varied and interesting!</p><p>★ TEACHER TIP<br>Make sure students are practicing typing skills, and typing narrations and compositions regularly.</p>","","https://planning.alveary.org/links.html?id=recw3n8hXdAPGodOM","Lesson","0","FALSE"
"alveary-recw3n8hXdAPGodOM","Import is Current","alveary-tracker-recw3n8hXdAPGodOM-30-4","30","4","m Written Narration: Grade 8 - Lesson 236","<p>➜ WRITTEN NARRATION TRACKER<br>Complete eight written narrations this week. The rest will be oral narrations to yourself or your teacher. See the intro pages of the lesson plans for ideas on how to keep narrations varied and interesting!</p><p>★ TEACHER TIP<br>Make sure students are practicing typing skills, and typing narrations and compositions regularly.</p>","","https://planning.alveary.org/links.html?id=recw3n8hXdAPGodOM","Lesson","0","FALSE"
"alveary-recw3n8hXdAPGodOM","Import is Current","alveary-tracker-recw3n8hXdAPGodOM-30-5","30","5","m Written Narration: Grade 8 - Lesson 237","<p>➜ WRITTEN NARRATION TRACKER<br>Complete eight written narrations this week. The rest will be oral narrations to yourself or your teacher. See the intro pages of the lesson plans for ideas on how to keep narrations varied and interesting!</p><p>★ TEACHER TIP<br>Make sure students are practicing typing skills, and typing narrations and compositions regularly.</p>","","https://planning.alveary.org/links.html?id=recw3n8hXdAPGodOM","Lesson","0","FALSE"
"alveary-recw3n8hXdAPGodOM","Import is Current","alveary-tracker-recw3n8hXdAPGodOM-30-6","30","6","m Written Narration: Grade 8 - Lesson 238","<p>➜ WRITTEN NARRATION TRACKER<br>Complete eight written narrations this week. The rest will be oral narrations to yourself or your teacher. See the intro pages of the lesson plans for ideas on how to keep narrations varied and interesting!</p><p>★ TEACHER TIP<br>Make sure students are practicing typing skills, and typing narrations and compositions regularly.</p>","","https://planning.alveary.org/links.html?id=recw3n8hXdAPGodOM","Lesson","0","FALSE"
"alveary-recw3n8hXdAPGodOM","Import is Current","alveary-tracker-recw3n8hXdAPGodOM-30-7","30","7","m Written Narration: Grade 8 - Lesson 239","<p>➜ WRITTEN NARRATION TRACKER<br>Complete eight written narrations this week. The rest will be oral narrations to yourself or your teacher. See the intro pages of the lesson plans for ideas on how to keep narrations varied and interesting!</p><p>★ TEACHER TIP<br>Make sure students are practicing typing skills, and typing narrations and compositions regularly.</p>","","https://planning.alveary.org/links.html?id=recw3n8hXdAPGodOM","Lesson","0","FALSE"
"alveary-recw3n8hXdAPGodOM","Import is Current","alveary-tracker-recw3n8hXdAPGodOM-30-8","30","8","m Written Narration: Grade 8 - Lesson 240","<p>➜ WRITTEN NARRATION TRACKER<br>Complete eight written narrations this week. The rest will be oral narrations to yourself or your teacher. See the intro pages of the lesson plans for ideas on how to keep narrations varied and interesting!</p><p>★ TEACHER TIP<br>Make sure students are practicing typing skills, and typing narrations and compositions regularly.</p>","","https://planning.alveary.org/links.html?id=recw3n8hXdAPGodOM","Lesson","0","FALSE"
"alveary-recw3n8hXdAPGodOM","Import is Current","alveary-tracker-recw3n8hXdAPGodOM-31-1","31","1","m Written Narration: Grade 8 - Lesson 241","<p>➜ WRITTEN NARRATION TRACKER<br>Complete eight written narrations this week. The rest will be oral narrations to yourself or your teacher. See the intro pages of the lesson plans for ideas on how to keep narrations varied and interesting!</p><p>★ TEACHER TIP<br>Make sure students are practicing typing skills, and typing narrations and compositions regularly.</p>","","https://planning.alveary.org/links.html?id=recw3n8hXdAPGodOM","Lesson","0","FALSE"
"alveary-recw3n8hXdAPGodOM","Import is Current","alveary-tracker-recw3n8hXdAPGodOM-31-2","31","2","m Written Narration: Grade 8 - Lesson 242","<p>➜ WRITTEN NARRATION TRACKER<br>Complete eight written narrations this week. The rest will be oral narrations to yourself or your teacher. See the intro pages of the lesson plans for ideas on how to keep narrations varied and interesting!</p><p>★ TEACHER TIP<br>Make sure students are practicing typing skills, and typing narrations and compositions regularly.</p>","","https://planning.alveary.org/links.html?id=recw3n8hXdAPGodOM","Lesson","0","FALSE"
"alveary-recw3n8hXdAPGodOM","Import is Current","alveary-tracker-recw3n8hXdAPGodOM-31-3","31","3","m Written Narration: Grade 8 - Lesson 243","<p>➜ WRITTEN NARRATION TRACKER<br>Complete eight written narrations this week. The rest will be oral narrations to yourself or your teacher. See the intro pages of the lesson plans for ideas on how to keep narrations varied and interesting!</p><p>★ TEACHER TIP<br>Make sure students are practicing typing skills, and typing narrations and compositions regularly.</p>","","https://planning.alveary.org/links.html?id=recw3n8hXdAPGodOM","Lesson","0","FALSE"
"alveary-recw3n8hXdAPGodOM","Import is Current","alveary-tracker-recw3n8hXdAPGodOM-31-4","31","4","m Written Narration: Grade 8 - Lesson 244","<p>➜ WRITTEN NARRATION TRACKER<br>Complete eight written narrations this week. The rest will be oral narrations to yourself or your teacher. See the intro pages of the lesson plans for ideas on how to keep narrations varied and interesting!</p><p>★ TEACHER TIP<br>Make sure students are practicing typing skills, and typing narrations and compositions regularly.</p>","","https://planning.alveary.org/links.html?id=recw3n8hXdAPGodOM","Lesson","0","FALSE"
"alveary-recw3n8hXdAPGodOM","Import is Current","alveary-tracker-recw3n8hXdAPGodOM-31-5","31","5","m Written Narration: Grade 8 - Lesson 245","<p>➜ WRITTEN NARRATION TRACKER<br>Complete eight written narrations this week. The rest will be oral narrations to yourself or your teacher. See the intro pages of the lesson plans for ideas on how to keep narrations varied and interesting!</p><p>★ TEACHER TIP<br>Make sure students are practicing typing skills, and typing narrations and compositions regularly.</p>","","https://planning.alveary.org/links.html?id=recw3n8hXdAPGodOM","Lesson","0","FALSE"
"alveary-recw3n8hXdAPGodOM","Import is Current","alveary-tracker-recw3n8hXdAPGodOM-31-6","31","6","m Written Narration: Grade 8 - Lesson 246","<p>➜ WRITTEN NARRATION TRACKER<br>Complete eight written narrations this week. The rest will be oral narrations to yourself or your teacher. See the intro pages of the lesson plans for ideas on how to keep narrations varied and interesting!</p><p>★ TEACHER TIP<br>Make sure students are practicing typing skills, and typing narrations and compositions regularly.</p>","","https://planning.alveary.org/links.html?id=recw3n8hXdAPGodOM","Lesson","0","FALSE"
"alveary-recw3n8hXdAPGodOM","Import is Current","alveary-tracker-recw3n8hXdAPGodOM-31-7","31","7","m Written Narration: Grade 8 - Lesson 247","<p>➜ WRITTEN NARRATION TRACKER<br>Complete eight written narrations this week. The rest will be oral narrations to yourself or your teacher. See the intro pages of the lesson plans for ideas on how to keep narrations varied and interesting!</p><p>★ TEACHER TIP<br>Make sure students are practicing typing skills, and typing narrations and compositions regularly.</p>","","https://planning.alveary.org/links.html?id=recw3n8hXdAPGodOM","Lesson","0","FALSE"
"alveary-recw3n8hXdAPGodOM","Import is Current","alveary-tracker-recw3n8hXdAPGodOM-31-8","31","8","m Written Narration: Grade 8 - Lesson 248","<p>➜ WRITTEN NARRATION TRACKER<br>Complete eight written narrations this week. The rest will be oral narrations to yourself or your teacher. See the intro pages of the lesson plans for ideas on how to keep narrations varied and interesting!</p><p>★ TEACHER TIP<br>Make sure students are practicing typing skills, and typing narrations and compositions regularly.</p>","","https://planning.alveary.org/links.html?id=recw3n8hXdAPGodOM","Lesson","0","FALSE"
"alveary-recw3n8hXdAPGodOM","Import is Current","alveary-tracker-recw3n8hXdAPGodOM-32-1","32","1","m Written Narration: Grade 8 - Lesson 249","<p>➜ WRITTEN NARRATION TRACKER<br>Complete eight written narrations this week. The rest will be oral narrations to yourself or your teacher. See the intro pages of the lesson plans for ideas on how to keep narrations varied and interesting!</p><p>★ TEACHER TIP<br>Make sure students are practicing typing skills, and typing narrations and compositions regularly.</p>","","https://planning.alveary.org/links.html?id=recw3n8hXdAPGodOM","Lesson","0","FALSE"
"alveary-recw3n8hXdAPGodOM","Import is Current","alveary-tracker-recw3n8hXdAPGodOM-32-2","32","2","m Written Narration: Grade 8 - Lesson 250","<p>➜ WRITTEN NARRATION TRACKER<br>Complete eight written narrations this week. The rest will be oral narrations to yourself or your teacher. See the intro pages of the lesson plans for ideas on how to keep narrations varied and interesting!</p><p>★ TEACHER TIP<br>Make sure students are practicing typing skills, and typing narrations and compositions regularly.</p>","","https://planning.alveary.org/links.html?id=recw3n8hXdAPGodOM","Lesson","0","FALSE"
"alveary-recw3n8hXdAPGodOM","Import is Current","alveary-tracker-recw3n8hXdAPGodOM-32-3","32","3","m Written Narration: Grade 8 - Lesson 251","<p>➜ WRITTEN NARRATION TRACKER<br>Complete eight written narrations this week. The rest will be oral narrations to yourself or your teacher. See the intro pages of the lesson plans for ideas on how to keep narrations varied and interesting!</p><p>★ TEACHER TIP<br>Make sure students are practicing typing skills, and typing narrations and compositions regularly.</p>","","https://planning.alveary.org/links.html?id=recw3n8hXdAPGodOM","Lesson","0","FALSE"
"alveary-recw3n8hXdAPGodOM","Import is Current","alveary-tracker-recw3n8hXdAPGodOM-32-4","32","4","m Written Narration: Grade 8 - Lesson 252","<p>➜ WRITTEN NARRATION TRACKER<br>Complete eight written narrations this week. The rest will be oral narrations to yourself or your teacher. See the intro pages of the lesson plans for ideas on how to keep narrations varied and interesting!</p><p>★ TEACHER TIP<br>Make sure students are practicing typing skills, and typing narrations and compositions regularly.</p>","","https://planning.alveary.org/links.html?id=recw3n8hXdAPGodOM","Lesson","0","FALSE"
"alveary-recw3n8hXdAPGodOM","Import is Current","alveary-tracker-recw3n8hXdAPGodOM-32-5","32","5","m Written Narration: Grade 8 - Lesson 253","<p>➜ WRITTEN NARRATION TRACKER<br>Complete eight written narrations this week. The rest will be oral narrations to yourself or your teacher. See the intro pages of the lesson plans for ideas on how to keep narrations varied and interesting!</p><p>★ TEACHER TIP<br>Make sure students are practicing typing skills, and typing narrations and compositions regularly.</p>","","https://planning.alveary.org/links.html?id=recw3n8hXdAPGodOM","Lesson","0","FALSE"
"alveary-recw3n8hXdAPGodOM","Import is Current","alveary-tracker-recw3n8hXdAPGodOM-32-6","32","6","m Written Narration: Grade 8 - Lesson 254","<p>➜ WRITTEN NARRATION TRACKER<br>Complete eight written narrations this week. The rest will be oral narrations to yourself or your teacher. See the intro pages of the lesson plans for ideas on how to keep narrations varied and interesting!</p><p>★ TEACHER TIP<br>Make sure students are practicing typing skills, and typing narrations and compositions regularly.</p>","","https://planning.alveary.org/links.html?id=recw3n8hXdAPGodOM","Lesson","0","FALSE"
"alveary-recw3n8hXdAPGodOM","Import is Current","alveary-tracker-recw3n8hXdAPGodOM-32-7","32","7","m Written Narration: Grade 8 - Lesson 255","<p>➜ WRITTEN NARRATION TRACKER<br>Complete eight written narrations this week. The rest will be oral narrations to yourself or your teacher. See the intro pages of the lesson plans for ideas on how to keep narrations varied and interesting!</p><p>★ TEACHER TIP<br>Make sure students are practicing typing skills, and typing narrations and compositions regularly.</p>","","https://planning.alveary.org/links.html?id=recw3n8hXdAPGodOM","Lesson","0","FALSE"
"alveary-recw3n8hXdAPGodOM","Import is Current","alveary-tracker-recw3n8hXdAPGodOM-32-8","32","8","m Written Narration: Grade 8 - Lesson 256","<p>➜ WRITTEN NARRATION TRACKER<br>Complete eight written narrations this week. The rest will be oral narrations to yourself or your teacher. See the intro pages of the lesson plans for ideas on how to keep narrations varied and interesting!</p><p>★ TEACHER TIP<br>Make sure students are practicing typing skills, and typing narrations and compositions regularly.</p>","","https://planning.alveary.org/links.html?id=recw3n8hXdAPGodOM","Lesson","0","FALSE"
"alveary-recw3n8hXdAPGodOM","Import is Current","alveary-tracker-recw3n8hXdAPGodOM-33-1","33","1","m Written Narration: Grade 8 - Lesson 257","<p>➜ WRITTEN NARRATION TRACKER<br>Complete eight written narrations this week. The rest will be oral narrations to yourself or your teacher. See the intro pages of the lesson plans for ideas on how to keep narrations varied and interesting!</p><p>★ TEACHER TIP<br>Make sure students are practicing typing skills, and typing narrations and compositions regularly.</p>","","https://planning.alveary.org/links.html?id=recw3n8hXdAPGodOM","Lesson","0","FALSE"
"alveary-recw3n8hXdAPGodOM","Import is Current","alveary-tracker-recw3n8hXdAPGodOM-33-2","33","2","m Written Narration: Grade 8 - Lesson 258","<p>➜ WRITTEN NARRATION TRACKER<br>Complete eight written narrations this week. The rest will be oral narrations to yourself or your teacher. See the intro pages of the lesson plans for ideas on how to keep narrations varied and interesting!</p><p>★ TEACHER TIP<br>Make sure students are practicing typing skills, and typing narrations and compositions regularly.</p>","","https://planning.alveary.org/links.html?id=recw3n8hXdAPGodOM","Lesson","0","FALSE"
"alveary-recw3n8hXdAPGodOM","Import is Current","alveary-tracker-recw3n8hXdAPGodOM-33-3","33","3","m Written Narration: Grade 8 - Lesson 259","<p>➜ WRITTEN NARRATION TRACKER<br>Complete eight written narrations this week. The rest will be oral narrations to yourself or your teacher. See the intro pages of the lesson plans for ideas on how to keep narrations varied and interesting!</p><p>★ TEACHER TIP<br>Make sure students are practicing typing skills, and typing narrations and compositions regularly.</p>","","https://planning.alveary.org/links.html?id=recw3n8hXdAPGodOM","Lesson","0","FALSE"
"alveary-recw3n8hXdAPGodOM","Import is Current","alveary-tracker-recw3n8hXdAPGodOM-33-4","33","4","m Written Narration: Grade 8 - Lesson 260","<p>➜ WRITTEN NARRATION TRACKER<br>Complete eight written narrations this week. The rest will be oral narrations to yourself or your teacher. See the intro pages of the lesson plans for ideas on how to keep narrations varied and interesting!</p><p>★ TEACHER TIP<br>Make sure students are practicing typing skills, and typing narrations and compositions regularly.</p>","","https://planning.alveary.org/links.html?id=recw3n8hXdAPGodOM","Lesson","0","FALSE"
"alveary-recw3n8hXdAPGodOM","Import is Current","alveary-tracker-recw3n8hXdAPGodOM-33-5","33","5","m Written Narration: Grade 8 - Lesson 261","<p>➜ WRITTEN NARRATION TRACKER<br>Complete eight written narrations this week. The rest will be oral narrations to yourself or your teacher. See the intro pages of the lesson plans for ideas on how to keep narrations varied and interesting!</p><p>★ TEACHER TIP<br>Make sure students are practicing typing skills, and typing narrations and compositions regularly.</p>","","https://planning.alveary.org/links.html?id=recw3n8hXdAPGodOM","Lesson","0","FALSE"
"alveary-recw3n8hXdAPGodOM","Import is Current","alveary-tracker-recw3n8hXdAPGodOM-33-6","33","6","m Written Narration: Grade 8 - Lesson 262","<p>➜ WRITTEN NARRATION TRACKER<br>Complete eight written narrations this week. The rest will be oral narrations to yourself or your teacher. See the intro pages of the lesson plans for ideas on how to keep narrations varied and interesting!</p><p>★ TEACHER TIP<br>Make sure students are practicing typing skills, and typing narrations and compositions regularly.</p>","","https://planning.alveary.org/links.html?id=recw3n8hXdAPGodOM","Lesson","0","FALSE"
"alveary-recw3n8hXdAPGodOM","Import is Current","alveary-tracker-recw3n8hXdAPGodOM-33-7","33","7","m Written Narration: Grade 8 - Lesson 263","<p>➜ WRITTEN NARRATION TRACKER<br>Complete eight written narrations this week. The rest will be oral narrations to yourself or your teacher. See the intro pages of the lesson plans for ideas on how to keep narrations varied and interesting!</p><p>★ TEACHER TIP<br>Make sure students are practicing typing skills, and typing narrations and compositions regularly.</p>","","https://planning.alveary.org/links.html?id=recw3n8hXdAPGodOM","Lesson","0","FALSE"
"alveary-recw3n8hXdAPGodOM","Import is Current","alveary-tracker-recw3n8hXdAPGodOM-33-8","33","8","m Written Narration: Grade 8 - Lesson 264","<p>➜ WRITTEN NARRATION TRACKER<br>Complete eight written narrations this week. The rest will be oral narrations to yourself or your teacher. See the intro pages of the lesson plans for ideas on how to keep narrations varied and interesting!</p><p>★ TEACHER TIP<br>Make sure students are practicing typing skills, and typing narrations and compositions regularly.</p>","","https://planning.alveary.org/links.html?id=recw3n8hXdAPGodOM","Lesson","0","FALSE"
"alveary-recw3n8hXdAPGodOM","Import is Current","alveary-tracker-recw3n8hXdAPGodOM-34-1","34","1","m Written Narration: Grade 8 - Lesson 265","<p>➜ WRITTEN NARRATION TRACKER<br>Complete eight written narrations this week. The rest will be oral narrations to yourself or your teacher. See the intro pages of the lesson plans for ideas on how to keep narrations varied and interesting!</p><p>★ TEACHER TIP<br>Make sure students are practicing typing skills, and typing narrations and compositions regularly.</p>","","https://planning.alveary.org/links.html?id=recw3n8hXdAPGodOM","Lesson","0","FALSE"
"alveary-recw3n8hXdAPGodOM","Import is Current","alveary-tracker-recw3n8hXdAPGodOM-34-2","34","2","m Written Narration: Grade 8 - Lesson 266","<p>➜ WRITTEN NARRATION TRACKER<br>Complete eight written narrations this week. The rest will be oral narrations to yourself or your teacher. See the intro pages of the lesson plans for ideas on how to keep narrations varied and interesting!</p><p>★ TEACHER TIP<br>Make sure students are practicing typing skills, and typing narrations and compositions regularly.</p>","","https://planning.alveary.org/links.html?id=recw3n8hXdAPGodOM","Lesson","0","FALSE"
"alveary-recw3n8hXdAPGodOM","Import is Current","alveary-tracker-recw3n8hXdAPGodOM-34-3","34","3","m Written Narration: Grade 8 - Lesson 267","<p>➜ WRITTEN NARRATION TRACKER<br>Complete eight written narrations this week. The rest will be oral narrations to yourself or your teacher. See the intro pages of the lesson plans for ideas on how to keep narrations varied and interesting!</p><p>★ TEACHER TIP<br>Make sure students are practicing typing skills, and typing narrations and compositions regularly.</p>","","https://planning.alveary.org/links.html?id=recw3n8hXdAPGodOM","Lesson","0","FALSE"
"alveary-recw3n8hXdAPGodOM","Import is Current","alveary-tracker-recw3n8hXdAPGodOM-34-4","34","4","m Written Narration: Grade 8 - Lesson 268","<p>➜ WRITTEN NARRATION TRACKER<br>Complete eight written narrations this week. The rest will be oral narrations to yourself or your teacher. See the intro pages of the lesson plans for ideas on how to keep narrations varied and interesting!</p><p>★ TEACHER TIP<br>Make sure students are practicing typing skills, and typing narrations and compositions regularly.</p>","","https://planning.alveary.org/links.html?id=recw3n8hXdAPGodOM","Lesson","0","FALSE"
"alveary-recw3n8hXdAPGodOM","Import is Current","alveary-tracker-recw3n8hXdAPGodOM-34-5","34","5","m Written Narration: Grade 8 - Lesson 269","<p>➜ WRITTEN NARRATION TRACKER<br>Complete eight written narrations this week. The rest will be oral narrations to yourself or your teacher. See the intro pages of the lesson plans for ideas on how to keep narrations varied and interesting!</p><p>★ TEACHER TIP<br>Make sure students are practicing typing skills, and typing narrations and compositions regularly.</p>","","https://planning.alveary.org/links.html?id=recw3n8hXdAPGodOM","Lesson","0","FALSE"
"alveary-recw3n8hXdAPGodOM","Import is Current","alveary-tracker-recw3n8hXdAPGodOM-34-6","34","6","m Written Narration: Grade 8 - Lesson 270","<p>➜ WRITTEN NARRATION TRACKER<br>Complete eight written narrations this week. The rest will be oral narrations to yourself or your teacher. See the intro pages of the lesson plans for ideas on how to keep narrations varied and interesting!</p><p>★ TEACHER TIP<br>Make sure students are practicing typing skills, and typing narrations and compositions regularly.</p>","","https://planning.alveary.org/links.html?id=recw3n8hXdAPGodOM","Lesson","0","FALSE"
"alveary-recw3n8hXdAPGodOM","Import is Current","alveary-tracker-recw3n8hXdAPGodOM-34-7","34","7","m Written Narration: Grade 8 - Lesson 271","<p>➜ WRITTEN NARRATION TRACKER<br>Complete eight written narrations this week. The rest will be oral narrations to yourself or your teacher. See the intro pages of the lesson plans for ideas on how to keep narrations varied and interesting!</p><p>★ TEACHER TIP<br>Make sure students are practicing typing skills, and typing narrations and compositions regularly.</p>","","https://planning.alveary.org/links.html?id=recw3n8hXdAPGodOM","Lesson","0","FALSE"
"alveary-recw3n8hXdAPGodOM","Import is Current","alveary-tracker-recw3n8hXdAPGodOM-34-8","34","8","m Written Narration: Grade 8 - Lesson 272","<p>➜ WRITTEN NARRATION TRACKER<br>Complete eight written narrations this week. The rest will be oral narrations to yourself or your teacher. See the intro pages of the lesson plans for ideas on how to keep narrations varied and interesting!</p><p>★ TEACHER TIP<br>Make sure students are practicing typing skills, and typing narrations and compositions regularly.</p>","","https://planning.alveary.org/links.html?id=recw3n8hXdAPGodOM","Lesson","0","FALSE"
"alveary-recw3n8hXdAPGodOM","Import is Current","alveary-tracker-recw3n8hXdAPGodOM-35-1","35","1","m Written Narration: Grade 8 - Lesson 273","<p>➜ WRITTEN NARRATION TRACKER<br>Complete eight written narrations this week. The rest will be oral narrations to yourself or your teacher. See the intro pages of the lesson plans for ideas on how to keep narrations varied and interesting!</p><p>★ TEACHER TIP<br>Make sure students are practicing typing skills, and typing narrations and compositions regularly.</p>","","https://planning.alveary.org/links.html?id=recw3n8hXdAPGodOM","Lesson","0","FALSE"
"alveary-recw3n8hXdAPGodOM","Import is Current","alveary-tracker-recw3n8hXdAPGodOM-35-2","35","2","m Written Narration: Grade 8 - Lesson 274","<p>➜ WRITTEN NARRATION TRACKER<br>Complete eight written narrations this week. The rest will be oral narrations to yourself or your teacher. See the intro pages of the lesson plans for ideas on how to keep narrations varied and interesting!</p><p>★ TEACHER TIP<br>Make sure students are practicing typing skills, and typing narrations and compositions regularly.</p>","","https://planning.alveary.org/links.html?id=recw3n8hXdAPGodOM","Lesson","0","FALSE"
"alveary-recw3n8hXdAPGodOM","Import is Current","alveary-tracker-recw3n8hXdAPGodOM-35-3","35","3","m Written Narration: Grade 8 - Lesson 275","<p>➜ WRITTEN NARRATION TRACKER<br>Complete eight written narrations this week. The rest will be oral narrations to yourself or your teacher. See the intro pages of the lesson plans for ideas on how to keep narrations varied and interesting!</p><p>★ TEACHER TIP<br>Make sure students are practicing typing skills, and typing narrations and compositions regularly.</p>","","https://planning.alveary.org/links.html?id=recw3n8hXdAPGodOM","Lesson","0","FALSE"
"alveary-recw3n8hXdAPGodOM","Import is Current","alveary-tracker-recw3n8hXdAPGodOM-35-4","35","4","m Written Narration: Grade 8 - Lesson 276","<p>➜ WRITTEN NARRATION TRACKER<br>Complete eight written narrations this week. The rest will be oral narrations to yourself or your teacher. See the intro pages of the lesson plans for ideas on how to keep narrations varied and interesting!</p><p>★ TEACHER TIP<br>Make sure students are practicing typing skills, and typing narrations and compositions regularly.</p>","","https://planning.alveary.org/links.html?id=recw3n8hXdAPGodOM","Lesson","0","FALSE"
"alveary-recw3n8hXdAPGodOM","Import is Current","alveary-tracker-recw3n8hXdAPGodOM-35-5","35","5","m Written Narration: Grade 8 - Lesson 277","<p>➜ WRITTEN NARRATION TRACKER<br>Complete eight written narrations this week. The rest will be oral narrations to yourself or your teacher. See the intro pages of the lesson plans for ideas on how to keep narrations varied and interesting!</p><p>★ TEACHER TIP<br>Make sure students are practicing typing skills, and typing narrations and compositions regularly.</p>","","https://planning.alveary.org/links.html?id=recw3n8hXdAPGodOM","Lesson","0","FALSE"
"alveary-recw3n8hXdAPGodOM","Import is Current","alveary-tracker-recw3n8hXdAPGodOM-35-6","35","6","m Written Narration: Grade 8 - Lesson 278","<p>➜ WRITTEN NARRATION TRACKER<br>Complete eight written narrations this week. The rest will be oral narrations to yourself or your teacher. See the intro pages of the lesson plans for ideas on how to keep narrations varied and interesting!</p><p>★ TEACHER TIP<br>Make sure students are practicing typing skills, and typing narrations and compositions regularly.</p>","","https://planning.alveary.org/links.html?id=recw3n8hXdAPGodOM","Lesson","0","FALSE"
"alveary-recw3n8hXdAPGodOM","Import is Current","alveary-tracker-recw3n8hXdAPGodOM-35-7","35","7","m Written Narration: Grade 8 - Lesson 279","<p>➜ WRITTEN NARRATION TRACKER<br>Complete eight written narrations this week. The rest will be oral narrations to yourself or your teacher. See the intro pages of the lesson plans for ideas on how to keep narrations varied and interesting!</p><p>★ TEACHER TIP<br>Make sure students are practicing typing skills, and typing narrations and compositions regularly.</p>","","https://planning.alveary.org/links.html?id=recw3n8hXdAPGodOM","Lesson","0","FALSE"
"alveary-recw3n8hXdAPGodOM","Import is Current","alveary-tracker-recw3n8hXdAPGodOM-35-8","35","8","m Written Narration: Grade 8 - Lesson 280","<p>➜ WRITTEN NARRATION TRACKER<br>Complete eight written narrations this week. The rest will be oral narrations to yourself or your teacher. See the intro pages of the lesson plans for ideas on how to keep narrations varied and interesting!</p><p>★ TEACHER TIP<br>Make sure students are practicing typing skills, and typing narrations and compositions regularly.</p>","","https://planning.alveary.org/links.html?id=recw3n8hXdAPGodOM","Lesson","0","FALSE"
"alveary-recw3n8hXdAPGodOM","Import is Current","alveary-tracker-recw3n8hXdAPGodOM-36-1","36","1","m Written Narration: Grade 8 - Lesson 281","<p>➜ EXAMS<br>Answer question(s) related to course.</p>","","https://planning.alveary.org/links.html?id=recw3n8hXdAPGodOM","Exam","0","FALSE"
"alveary-recw3n8hXdAPGodOM","Import is Current","alveary-tracker-recw3n8hXdAPGodOM-36-2","36","2","m Written Narration: Grade 8 - Lesson 282","<p>➜ EXAMS<br>Answer question(s) related to course.</p>","","https://planning.alveary.org/links.html?id=recw3n8hXdAPGodOM","Exam","0","FALSE"
"alveary-recw3n8hXdAPGodOM","Import is Current","alveary-tracker-recw3n8hXdAPGodOM-36-3","36","3","m Written Narration: Grade 8 - Lesson 283","<p>➜ EXAMS<br>Answer question(s) related to course.</p>","","https://planning.alveary.org/links.html?id=recw3n8hXdAPGodOM","Exam","0","FALSE"
"alveary-recw3n8hXdAPGodOM","Import is Current","alveary-tracker-recw3n8hXdAPGodOM-36-4","36","4","m Written Narration: Grade 8 - Lesson 284","<p>➜ EXAMS<br>Answer question(s) related to course.</p>","","https://planning.alveary.org/links.html?id=recw3n8hXdAPGodOM","Exam","0","FALSE"
"alveary-recw3n8hXdAPGodOM","Import is Current","alveary-tracker-recw3n8hXdAPGodOM-36-5","36","5","m Written Narration: Grade 8 - Lesson 285","<p>➜ EXAMS<br>Answer question(s) related to course.</p>","","https://planning.alveary.org/links.html?id=recw3n8hXdAPGodOM","Exam","0","FALSE"
"alveary-recw3n8hXdAPGodOM","Import is Current","alveary-tracker-recw3n8hXdAPGodOM-36-6","36","6","m Written Narration: Grade 8 - Lesson 286","<p>➜ EXAMS<br>Answer question(s) related to course.</p>","","https://planning.alveary.org/links.html?id=recw3n8hXdAPGodOM","Exam","0","FALSE"
"alveary-recw3n8hXdAPGodOM","Import is Current","alveary-tracker-recw3n8hXdAPGodOM-36-7","36","7","m Written Narration: Grade 8 - Lesson 287","<p>➜ EXAMS<br>Answer question(s) related to course.</p>","","https://planning.alveary.org/links.html?id=recw3n8hXdAPGodOM","Exam","0","FALSE"
"alveary-recw3n8hXdAPGodOM","Import is Current","alveary-tracker-recw3n8hXdAPGodOM-36-8","36","8","m Written Narration: Grade 8 - Lesson 288","<p>➜ EXAMS<br>Answer question(s) related to course.</p>","","https://planning.alveary.org/links.html?id=recw3n8hXdAPGodOM","Exam","0","FALSE"
