"course_custom_id","syllabird_status","assignment_custom_id","assignment_week","assignment_day","assignment_name","assignment_description","assignment_teachersNote","assignment_linksUrl","assignment_type","assignment_duration","assignment_graded"
"alveary-recC9nRRdwTdgzeDi","Import is Current","alveary-tracker-recC9nRRdwTdgzeDi-1-1","1","1","15m Written Narration: Grade 7 - Lesson 1","<p>➜ WRITTEN NARRATION<br>Complete six written narrations this week. The rest will be oral narrations to yourself or your teacher. See the intro pages of the lesson plans for ideas on how to keep narrations varied and interesting!</p><p>★ TEACHER TIP<br>Make sure students are practicing typing skills and typing narrations and compositions regularly.</p>","","https://planning.alveary.org/links.html?id=recC9nRRdwTdgzeDi","Lesson","0","FALSE"
"alveary-recC9nRRdwTdgzeDi","Import is Current","alveary-tracker-recC9nRRdwTdgzeDi-1-2","1","2","15m Written Narration: Grade 7 - Lesson 2","<p>➜ WRITTEN NARRATION<br>Complete six written narrations this week. The rest will be oral narrations to yourself or your teacher. See the intro pages of the lesson plans for ideas on how to keep narrations varied and interesting!</p><p>★ TEACHER TIP<br>Make sure students are practicing typing skills and typing narrations and compositions regularly.</p>","","https://planning.alveary.org/links.html?id=recC9nRRdwTdgzeDi","Lesson","0","FALSE"
"alveary-recC9nRRdwTdgzeDi","Import is Current","alveary-tracker-recC9nRRdwTdgzeDi-1-3","1","3","15m Written Narration: Grade 7 - Lesson 3","<p>➜ WRITTEN NARRATION<br>Complete six written narrations this week. The rest will be oral narrations to yourself or your teacher. See the intro pages of the lesson plans for ideas on how to keep narrations varied and interesting!</p><p>★ TEACHER TIP<br>Make sure students are practicing typing skills and typing narrations and compositions regularly.</p>","","https://planning.alveary.org/links.html?id=recC9nRRdwTdgzeDi","Lesson","0","FALSE"
"alveary-recC9nRRdwTdgzeDi","Import is Current","alveary-tracker-recC9nRRdwTdgzeDi-1-4","1","4","15m Written Narration: Grade 7 - Lesson 4","<p>➜ WRITTEN NARRATION<br>Complete six written narrations this week. The rest will be oral narrations to yourself or your teacher. See the intro pages of the lesson plans for ideas on how to keep narrations varied and interesting!</p><p>★ TEACHER TIP<br>Make sure students are practicing typing skills and typing narrations and compositions regularly.</p>","","https://planning.alveary.org/links.html?id=recC9nRRdwTdgzeDi","Lesson","0","FALSE"
"alveary-recC9nRRdwTdgzeDi","Import is Current","alveary-tracker-recC9nRRdwTdgzeDi-1-5","1","5","15m Written Narration: Grade 7 - Lesson 5","<p>➜ WRITTEN NARRATION<br>Complete six written narrations this week. The rest will be oral narrations to yourself or your teacher. See the intro pages of the lesson plans for ideas on how to keep narrations varied and interesting!</p><p>★ TEACHER TIP<br>Make sure students are practicing typing skills and typing narrations and compositions regularly.</p>","","https://planning.alveary.org/links.html?id=recC9nRRdwTdgzeDi","Lesson","0","FALSE"
"alveary-recC9nRRdwTdgzeDi","Import is Current","alveary-tracker-recC9nRRdwTdgzeDi-1-6","1","6","15m Written Narration: Grade 7 - Lesson 6","<p>➜ WRITTEN NARRATION<br>Complete six written narrations this week. The rest will be oral narrations to yourself or your teacher. See the intro pages of the lesson plans for ideas on how to keep narrations varied and interesting!</p><p>★ TEACHER TIP<br>Make sure students are practicing typing skills and typing narrations and compositions regularly.</p>","","https://planning.alveary.org/links.html?id=recC9nRRdwTdgzeDi","Lesson","0","FALSE"
"alveary-recC9nRRdwTdgzeDi","Import is Current","alveary-tracker-recC9nRRdwTdgzeDi-2-1","2","1","15m Written Narration: Grade 7 - Lesson 7","<p>➜ WRITTEN NARRATION<br>Complete six written narrations this week. The rest will be oral narrations to yourself or your teacher. See the intro pages of the lesson plans for ideas on how to keep narrations varied and interesting!</p><p>★ TEACHER TIP<br>Make sure students are practicing typing skills and typing narrations and compositions regularly.</p>","","https://planning.alveary.org/links.html?id=recC9nRRdwTdgzeDi","Lesson","0","FALSE"
"alveary-recC9nRRdwTdgzeDi","Import is Current","alveary-tracker-recC9nRRdwTdgzeDi-2-2","2","2","15m Written Narration: Grade 7 - Lesson 8","<p>➜ WRITTEN NARRATION<br>Complete six written narrations this week. The rest will be oral narrations to yourself or your teacher. See the intro pages of the lesson plans for ideas on how to keep narrations varied and interesting!</p><p>★ TEACHER TIP<br>Make sure students are practicing typing skills and typing narrations and compositions regularly.</p>","","https://planning.alveary.org/links.html?id=recC9nRRdwTdgzeDi","Lesson","0","FALSE"
"alveary-recC9nRRdwTdgzeDi","Import is Current","alveary-tracker-recC9nRRdwTdgzeDi-2-3","2","3","15m Written Narration: Grade 7 - Lesson 9","<p>➜ WRITTEN NARRATION<br>Complete six written narrations this week. The rest will be oral narrations to yourself or your teacher. See the intro pages of the lesson plans for ideas on how to keep narrations varied and interesting!</p><p>★ TEACHER TIP<br>Make sure students are practicing typing skills and typing narrations and compositions regularly.</p>","","https://planning.alveary.org/links.html?id=recC9nRRdwTdgzeDi","Lesson","0","FALSE"
"alveary-recC9nRRdwTdgzeDi","Import is Current","alveary-tracker-recC9nRRdwTdgzeDi-2-4","2","4","15m Written Narration: Grade 7 - Lesson 10","<p>➜ WRITTEN NARRATION<br>Complete six written narrations this week. The rest will be oral narrations to yourself or your teacher. See the intro pages of the lesson plans for ideas on how to keep narrations varied and interesting!</p><p>★ TEACHER TIP<br>Make sure students are practicing typing skills and typing narrations and compositions regularly.</p>","","https://planning.alveary.org/links.html?id=recC9nRRdwTdgzeDi","Lesson","0","FALSE"
"alveary-recC9nRRdwTdgzeDi","Import is Current","alveary-tracker-recC9nRRdwTdgzeDi-2-5","2","5","15m Written Narration: Grade 7 - Lesson 11","<p>➜ WRITTEN NARRATION<br>Complete six written narrations this week. The rest will be oral narrations to yourself or your teacher. See the intro pages of the lesson plans for ideas on how to keep narrations varied and interesting!</p><p>★ TEACHER TIP<br>Make sure students are practicing typing skills and typing narrations and compositions regularly.</p>","","https://planning.alveary.org/links.html?id=recC9nRRdwTdgzeDi","Lesson","0","FALSE"
"alveary-recC9nRRdwTdgzeDi","Import is Current","alveary-tracker-recC9nRRdwTdgzeDi-2-6","2","6","15m Written Narration: Grade 7 - Lesson 12","<p>➜ WRITTEN NARRATION<br>Complete six written narrations this week. The rest will be oral narrations to yourself or your teacher. See the intro pages of the lesson plans for ideas on how to keep narrations varied and interesting!</p><p>★ TEACHER TIP<br>Make sure students are practicing typing skills and typing narrations and compositions regularly.</p>","","https://planning.alveary.org/links.html?id=recC9nRRdwTdgzeDi","Lesson","0","FALSE"
"alveary-recC9nRRdwTdgzeDi","Import is Current","alveary-tracker-recC9nRRdwTdgzeDi-3-1","3","1","15m Written Narration: Grade 7 - Lesson 13","<p>➜ WRITTEN NARRATION<br>Complete six written narrations this week. The rest will be oral narrations to yourself or your teacher. See the intro pages of the lesson plans for ideas on how to keep narrations varied and interesting!</p><p>★ TEACHER TIP<br>Make sure students are practicing typing skills and typing narrations and compositions regularly.</p>","","https://planning.alveary.org/links.html?id=recC9nRRdwTdgzeDi","Lesson","0","FALSE"
"alveary-recC9nRRdwTdgzeDi","Import is Current","alveary-tracker-recC9nRRdwTdgzeDi-3-2","3","2","15m Written Narration: Grade 7 - Lesson 14","<p>➜ WRITTEN NARRATION<br>Complete six written narrations this week. The rest will be oral narrations to yourself or your teacher. See the intro pages of the lesson plans for ideas on how to keep narrations varied and interesting!</p><p>★ TEACHER TIP<br>Make sure students are practicing typing skills and typing narrations and compositions regularly.</p>","","https://planning.alveary.org/links.html?id=recC9nRRdwTdgzeDi","Lesson","0","FALSE"
"alveary-recC9nRRdwTdgzeDi","Import is Current","alveary-tracker-recC9nRRdwTdgzeDi-3-3","3","3","15m Written Narration: Grade 7 - Lesson 15","<p>➜ WRITTEN NARRATION<br>Complete six written narrations this week. The rest will be oral narrations to yourself or your teacher. See the intro pages of the lesson plans for ideas on how to keep narrations varied and interesting!</p><p>★ TEACHER TIP<br>Make sure students are practicing typing skills and typing narrations and compositions regularly.</p>","","https://planning.alveary.org/links.html?id=recC9nRRdwTdgzeDi","Lesson","0","FALSE"
"alveary-recC9nRRdwTdgzeDi","Import is Current","alveary-tracker-recC9nRRdwTdgzeDi-3-4","3","4","15m Written Narration: Grade 7 - Lesson 16","<p>➜ WRITTEN NARRATION<br>Complete six written narrations this week. The rest will be oral narrations to yourself or your teacher. See the intro pages of the lesson plans for ideas on how to keep narrations varied and interesting!</p><p>★ TEACHER TIP<br>Make sure students are practicing typing skills and typing narrations and compositions regularly.</p>","","https://planning.alveary.org/links.html?id=recC9nRRdwTdgzeDi","Lesson","0","FALSE"
"alveary-recC9nRRdwTdgzeDi","Import is Current","alveary-tracker-recC9nRRdwTdgzeDi-3-5","3","5","15m Written Narration: Grade 7 - Lesson 17","<p>➜ WRITTEN NARRATION<br>Complete six written narrations this week. The rest will be oral narrations to yourself or your teacher. See the intro pages of the lesson plans for ideas on how to keep narrations varied and interesting!</p><p>★ TEACHER TIP<br>Make sure students are practicing typing skills and typing narrations and compositions regularly.</p>","","https://planning.alveary.org/links.html?id=recC9nRRdwTdgzeDi","Lesson","0","FALSE"
"alveary-recC9nRRdwTdgzeDi","Import is Current","alveary-tracker-recC9nRRdwTdgzeDi-3-6","3","6","15m Written Narration: Grade 7 - Lesson 18","<p>➜ WRITTEN NARRATION<br>Complete six written narrations this week. The rest will be oral narrations to yourself or your teacher. See the intro pages of the lesson plans for ideas on how to keep narrations varied and interesting!</p><p>★ TEACHER TIP<br>Make sure students are practicing typing skills and typing narrations and compositions regularly.</p>","","https://planning.alveary.org/links.html?id=recC9nRRdwTdgzeDi","Lesson","0","FALSE"
"alveary-recC9nRRdwTdgzeDi","Import is Current","alveary-tracker-recC9nRRdwTdgzeDi-4-1","4","1","15m Written Narration: Grade 7 - Lesson 19","<p>➜ WRITTEN NARRATION<br>Complete six written narrations this week. The rest will be oral narrations to yourself or your teacher. See the intro pages of the lesson plans for ideas on how to keep narrations varied and interesting!</p><p>★ TEACHER TIP<br>Make sure students are practicing typing skills and typing narrations and compositions regularly.</p>","","https://planning.alveary.org/links.html?id=recC9nRRdwTdgzeDi","Lesson","0","FALSE"
"alveary-recC9nRRdwTdgzeDi","Import is Current","alveary-tracker-recC9nRRdwTdgzeDi-4-2","4","2","15m Written Narration: Grade 7 - Lesson 20","<p>➜ WRITTEN NARRATION<br>Complete six written narrations this week. The rest will be oral narrations to yourself or your teacher. See the intro pages of the lesson plans for ideas on how to keep narrations varied and interesting!</p><p>★ TEACHER TIP<br>Make sure students are practicing typing skills and typing narrations and compositions regularly.</p>","","https://planning.alveary.org/links.html?id=recC9nRRdwTdgzeDi","Lesson","0","FALSE"
"alveary-recC9nRRdwTdgzeDi","Import is Current","alveary-tracker-recC9nRRdwTdgzeDi-4-3","4","3","15m Written Narration: Grade 7 - Lesson 21","<p>➜ WRITTEN NARRATION<br>Complete six written narrations this week. The rest will be oral narrations to yourself or your teacher. See the intro pages of the lesson plans for ideas on how to keep narrations varied and interesting!</p><p>★ TEACHER TIP<br>Make sure students are practicing typing skills and typing narrations and compositions regularly.</p>","","https://planning.alveary.org/links.html?id=recC9nRRdwTdgzeDi","Lesson","0","FALSE"
"alveary-recC9nRRdwTdgzeDi","Import is Current","alveary-tracker-recC9nRRdwTdgzeDi-4-4","4","4","15m Written Narration: Grade 7 - Lesson 22","<p>➜ WRITTEN NARRATION<br>Complete six written narrations this week. The rest will be oral narrations to yourself or your teacher. See the intro pages of the lesson plans for ideas on how to keep narrations varied and interesting!</p><p>★ TEACHER TIP<br>Make sure students are practicing typing skills and typing narrations and compositions regularly.</p>","","https://planning.alveary.org/links.html?id=recC9nRRdwTdgzeDi","Lesson","0","FALSE"
"alveary-recC9nRRdwTdgzeDi","Import is Current","alveary-tracker-recC9nRRdwTdgzeDi-4-5","4","5","15m Written Narration: Grade 7 - Lesson 23","<p>➜ WRITTEN NARRATION<br>Complete six written narrations this week. The rest will be oral narrations to yourself or your teacher. See the intro pages of the lesson plans for ideas on how to keep narrations varied and interesting!</p><p>★ TEACHER TIP<br>Make sure students are practicing typing skills and typing narrations and compositions regularly.</p>","","https://planning.alveary.org/links.html?id=recC9nRRdwTdgzeDi","Lesson","0","FALSE"
"alveary-recC9nRRdwTdgzeDi","Import is Current","alveary-tracker-recC9nRRdwTdgzeDi-4-6","4","6","15m Written Narration: Grade 7 - Lesson 24","<p>➜ WRITTEN NARRATION<br>Complete six written narrations this week. The rest will be oral narrations to yourself or your teacher. See the intro pages of the lesson plans for ideas on how to keep narrations varied and interesting!</p><p>★ TEACHER TIP<br>Make sure students are practicing typing skills and typing narrations and compositions regularly.</p>","","https://planning.alveary.org/links.html?id=recC9nRRdwTdgzeDi","Lesson","0","FALSE"
"alveary-recC9nRRdwTdgzeDi","Import is Current","alveary-tracker-recC9nRRdwTdgzeDi-5-1","5","1","15m Written Narration: Grade 7 - Lesson 25","<p>➜ WRITTEN NARRATION<br>Complete six written narrations this week. The rest will be oral narrations to yourself or your teacher. See the intro pages of the lesson plans for ideas on how to keep narrations varied and interesting!</p><p>★ TEACHER TIP<br>Make sure students are practicing typing skills and typing narrations and compositions regularly.</p>","","https://planning.alveary.org/links.html?id=recC9nRRdwTdgzeDi","Lesson","0","FALSE"
"alveary-recC9nRRdwTdgzeDi","Import is Current","alveary-tracker-recC9nRRdwTdgzeDi-5-2","5","2","15m Written Narration: Grade 7 - Lesson 26","<p>➜ WRITTEN NARRATION<br>Complete six written narrations this week. The rest will be oral narrations to yourself or your teacher. See the intro pages of the lesson plans for ideas on how to keep narrations varied and interesting!</p><p>★ TEACHER TIP<br>Make sure students are practicing typing skills and typing narrations and compositions regularly.</p>","","https://planning.alveary.org/links.html?id=recC9nRRdwTdgzeDi","Lesson","0","FALSE"
"alveary-recC9nRRdwTdgzeDi","Import is Current","alveary-tracker-recC9nRRdwTdgzeDi-5-3","5","3","15m Written Narration: Grade 7 - Lesson 27","<p>➜ WRITTEN NARRATION<br>Complete six written narrations this week. The rest will be oral narrations to yourself or your teacher. See the intro pages of the lesson plans for ideas on how to keep narrations varied and interesting!</p><p>★ TEACHER TIP<br>Make sure students are practicing typing skills and typing narrations and compositions regularly.</p>","","https://planning.alveary.org/links.html?id=recC9nRRdwTdgzeDi","Lesson","0","FALSE"
"alveary-recC9nRRdwTdgzeDi","Import is Current","alveary-tracker-recC9nRRdwTdgzeDi-5-4","5","4","15m Written Narration: Grade 7 - Lesson 28","<p>➜ WRITTEN NARRATION<br>Complete six written narrations this week. The rest will be oral narrations to yourself or your teacher. See the intro pages of the lesson plans for ideas on how to keep narrations varied and interesting!</p><p>★ TEACHER TIP<br>Make sure students are practicing typing skills and typing narrations and compositions regularly.</p>","","https://planning.alveary.org/links.html?id=recC9nRRdwTdgzeDi","Lesson","0","FALSE"
"alveary-recC9nRRdwTdgzeDi","Import is Current","alveary-tracker-recC9nRRdwTdgzeDi-5-5","5","5","15m Written Narration: Grade 7 - Lesson 29","<p>➜ WRITTEN NARRATION<br>Complete six written narrations this week. The rest will be oral narrations to yourself or your teacher. See the intro pages of the lesson plans for ideas on how to keep narrations varied and interesting!</p><p>★ TEACHER TIP<br>Make sure students are practicing typing skills and typing narrations and compositions regularly.</p>","","https://planning.alveary.org/links.html?id=recC9nRRdwTdgzeDi","Lesson","0","FALSE"
"alveary-recC9nRRdwTdgzeDi","Import is Current","alveary-tracker-recC9nRRdwTdgzeDi-5-6","5","6","15m Written Narration: Grade 7 - Lesson 30","<p>➜ WRITTEN NARRATION<br>Complete six written narrations this week. The rest will be oral narrations to yourself or your teacher. See the intro pages of the lesson plans for ideas on how to keep narrations varied and interesting!</p><p>★ TEACHER TIP<br>Make sure students are practicing typing skills and typing narrations and compositions regularly.</p>","","https://planning.alveary.org/links.html?id=recC9nRRdwTdgzeDi","Lesson","0","FALSE"
"alveary-recC9nRRdwTdgzeDi","Import is Current","alveary-tracker-recC9nRRdwTdgzeDi-6-1","6","1","15m Written Narration: Grade 7 - Lesson 31","<p>➜ WRITTEN NARRATION<br>Complete six written narrations this week. The rest will be oral narrations to yourself or your teacher. See the intro pages of the lesson plans for ideas on how to keep narrations varied and interesting!</p><p>★ TEACHER TIP<br>Make sure students are practicing typing skills and typing narrations and compositions regularly.</p>","","https://planning.alveary.org/links.html?id=recC9nRRdwTdgzeDi","Lesson","0","FALSE"
"alveary-recC9nRRdwTdgzeDi","Import is Current","alveary-tracker-recC9nRRdwTdgzeDi-6-2","6","2","15m Written Narration: Grade 7 - Lesson 32","<p>➜ WRITTEN NARRATION<br>Complete six written narrations this week. The rest will be oral narrations to yourself or your teacher. See the intro pages of the lesson plans for ideas on how to keep narrations varied and interesting!</p><p>★ TEACHER TIP<br>Make sure students are practicing typing skills and typing narrations and compositions regularly.</p>","","https://planning.alveary.org/links.html?id=recC9nRRdwTdgzeDi","Lesson","0","FALSE"
"alveary-recC9nRRdwTdgzeDi","Import is Current","alveary-tracker-recC9nRRdwTdgzeDi-6-3","6","3","15m Written Narration: Grade 7 - Lesson 33","<p>➜ WRITTEN NARRATION<br>Complete six written narrations this week. The rest will be oral narrations to yourself or your teacher. See the intro pages of the lesson plans for ideas on how to keep narrations varied and interesting!</p><p>★ TEACHER TIP<br>Make sure students are practicing typing skills and typing narrations and compositions regularly.</p>","","https://planning.alveary.org/links.html?id=recC9nRRdwTdgzeDi","Lesson","0","FALSE"
"alveary-recC9nRRdwTdgzeDi","Import is Current","alveary-tracker-recC9nRRdwTdgzeDi-6-4","6","4","15m Written Narration: Grade 7 - Lesson 34","<p>➜ WRITTEN NARRATION<br>Complete six written narrations this week. The rest will be oral narrations to yourself or your teacher. See the intro pages of the lesson plans for ideas on how to keep narrations varied and interesting!</p><p>★ TEACHER TIP<br>Make sure students are practicing typing skills and typing narrations and compositions regularly.</p>","","https://planning.alveary.org/links.html?id=recC9nRRdwTdgzeDi","Lesson","0","FALSE"
"alveary-recC9nRRdwTdgzeDi","Import is Current","alveary-tracker-recC9nRRdwTdgzeDi-6-5","6","5","15m Written Narration: Grade 7 - Lesson 35","<p>➜ WRITTEN NARRATION<br>Complete six written narrations this week. The rest will be oral narrations to yourself or your teacher. See the intro pages of the lesson plans for ideas on how to keep narrations varied and interesting!</p><p>★ TEACHER TIP<br>Make sure students are practicing typing skills and typing narrations and compositions regularly.</p>","","https://planning.alveary.org/links.html?id=recC9nRRdwTdgzeDi","Lesson","0","FALSE"
"alveary-recC9nRRdwTdgzeDi","Import is Current","alveary-tracker-recC9nRRdwTdgzeDi-6-6","6","6","15m Written Narration: Grade 7 - Lesson 36","<p>➜ WRITTEN NARRATION<br>Complete six written narrations this week. The rest will be oral narrations to yourself or your teacher. See the intro pages of the lesson plans for ideas on how to keep narrations varied and interesting!</p><p>★ TEACHER TIP<br>Make sure students are practicing typing skills and typing narrations and compositions regularly.</p>","","https://planning.alveary.org/links.html?id=recC9nRRdwTdgzeDi","Lesson","0","FALSE"
"alveary-recC9nRRdwTdgzeDi","Import is Current","alveary-tracker-recC9nRRdwTdgzeDi-7-1","7","1","15m Written Narration: Grade 7 - Lesson 37","<p>➜ WRITTEN NARRATION<br>Complete six written narrations this week. The rest will be oral narrations to yourself or your teacher. See the intro pages of the lesson plans for ideas on how to keep narrations varied and interesting!</p><p>★ TEACHER TIP<br>Make sure students are practicing typing skills and typing narrations and compositions regularly.</p>","","https://planning.alveary.org/links.html?id=recC9nRRdwTdgzeDi","Lesson","0","FALSE"
"alveary-recC9nRRdwTdgzeDi","Import is Current","alveary-tracker-recC9nRRdwTdgzeDi-7-2","7","2","15m Written Narration: Grade 7 - Lesson 38","<p>➜ WRITTEN NARRATION<br>Complete six written narrations this week. The rest will be oral narrations to yourself or your teacher. See the intro pages of the lesson plans for ideas on how to keep narrations varied and interesting!</p><p>★ TEACHER TIP<br>Make sure students are practicing typing skills and typing narrations and compositions regularly.</p>","","https://planning.alveary.org/links.html?id=recC9nRRdwTdgzeDi","Lesson","0","FALSE"
"alveary-recC9nRRdwTdgzeDi","Import is Current","alveary-tracker-recC9nRRdwTdgzeDi-7-3","7","3","15m Written Narration: Grade 7 - Lesson 39","<p>➜ WRITTEN NARRATION<br>Complete six written narrations this week. The rest will be oral narrations to yourself or your teacher. See the intro pages of the lesson plans for ideas on how to keep narrations varied and interesting!</p><p>★ TEACHER TIP<br>Make sure students are practicing typing skills and typing narrations and compositions regularly.</p>","","https://planning.alveary.org/links.html?id=recC9nRRdwTdgzeDi","Lesson","0","FALSE"
"alveary-recC9nRRdwTdgzeDi","Import is Current","alveary-tracker-recC9nRRdwTdgzeDi-7-4","7","4","15m Written Narration: Grade 7 - Lesson 40","<p>➜ WRITTEN NARRATION<br>Complete six written narrations this week. The rest will be oral narrations to yourself or your teacher. See the intro pages of the lesson plans for ideas on how to keep narrations varied and interesting!</p><p>★ TEACHER TIP<br>Make sure students are practicing typing skills and typing narrations and compositions regularly.</p>","","https://planning.alveary.org/links.html?id=recC9nRRdwTdgzeDi","Lesson","0","FALSE"
"alveary-recC9nRRdwTdgzeDi","Import is Current","alveary-tracker-recC9nRRdwTdgzeDi-7-5","7","5","15m Written Narration: Grade 7 - Lesson 41","<p>➜ WRITTEN NARRATION<br>Complete six written narrations this week. The rest will be oral narrations to yourself or your teacher. See the intro pages of the lesson plans for ideas on how to keep narrations varied and interesting!</p><p>★ TEACHER TIP<br>Make sure students are practicing typing skills and typing narrations and compositions regularly.</p>","","https://planning.alveary.org/links.html?id=recC9nRRdwTdgzeDi","Lesson","0","FALSE"
"alveary-recC9nRRdwTdgzeDi","Import is Current","alveary-tracker-recC9nRRdwTdgzeDi-7-6","7","6","15m Written Narration: Grade 7 - Lesson 42","<p>➜ WRITTEN NARRATION<br>Complete six written narrations this week. The rest will be oral narrations to yourself or your teacher. See the intro pages of the lesson plans for ideas on how to keep narrations varied and interesting!</p><p>★ TEACHER TIP<br>Make sure students are practicing typing skills and typing narrations and compositions regularly.</p>","","https://planning.alveary.org/links.html?id=recC9nRRdwTdgzeDi","Lesson","0","FALSE"
"alveary-recC9nRRdwTdgzeDi","Import is Current","alveary-tracker-recC9nRRdwTdgzeDi-8-1","8","1","15m Written Narration: Grade 7 - Lesson 43","<p>➜ WRITTEN NARRATION<br>Complete six written narrations this week. The rest will be oral narrations to yourself or your teacher. See the intro pages of the lesson plans for ideas on how to keep narrations varied and interesting!</p><p>★ TEACHER TIP<br>Make sure students are practicing typing skills and typing narrations and compositions regularly.</p>","","https://planning.alveary.org/links.html?id=recC9nRRdwTdgzeDi","Lesson","0","FALSE"
"alveary-recC9nRRdwTdgzeDi","Import is Current","alveary-tracker-recC9nRRdwTdgzeDi-8-2","8","2","15m Written Narration: Grade 7 - Lesson 44","<p>➜ WRITTEN NARRATION<br>Complete six written narrations this week. The rest will be oral narrations to yourself or your teacher. See the intro pages of the lesson plans for ideas on how to keep narrations varied and interesting!</p><p>★ TEACHER TIP<br>Make sure students are practicing typing skills and typing narrations and compositions regularly.</p>","","https://planning.alveary.org/links.html?id=recC9nRRdwTdgzeDi","Lesson","0","FALSE"
"alveary-recC9nRRdwTdgzeDi","Import is Current","alveary-tracker-recC9nRRdwTdgzeDi-8-3","8","3","15m Written Narration: Grade 7 - Lesson 45","<p>➜ WRITTEN NARRATION<br>Complete six written narrations this week. The rest will be oral narrations to yourself or your teacher. See the intro pages of the lesson plans for ideas on how to keep narrations varied and interesting!</p><p>★ TEACHER TIP<br>Make sure students are practicing typing skills and typing narrations and compositions regularly.</p>","","https://planning.alveary.org/links.html?id=recC9nRRdwTdgzeDi","Lesson","0","FALSE"
"alveary-recC9nRRdwTdgzeDi","Import is Current","alveary-tracker-recC9nRRdwTdgzeDi-8-4","8","4","15m Written Narration: Grade 7 - Lesson 46","<p>➜ WRITTEN NARRATION<br>Complete six written narrations this week. The rest will be oral narrations to yourself or your teacher. See the intro pages of the lesson plans for ideas on how to keep narrations varied and interesting!</p><p>★ TEACHER TIP<br>Make sure students are practicing typing skills and typing narrations and compositions regularly.</p>","","https://planning.alveary.org/links.html?id=recC9nRRdwTdgzeDi","Lesson","0","FALSE"
"alveary-recC9nRRdwTdgzeDi","Import is Current","alveary-tracker-recC9nRRdwTdgzeDi-8-5","8","5","15m Written Narration: Grade 7 - Lesson 47","<p>➜ WRITTEN NARRATION<br>Complete six written narrations this week. The rest will be oral narrations to yourself or your teacher. See the intro pages of the lesson plans for ideas on how to keep narrations varied and interesting!</p><p>★ TEACHER TIP<br>Make sure students are practicing typing skills and typing narrations and compositions regularly.</p>","","https://planning.alveary.org/links.html?id=recC9nRRdwTdgzeDi","Lesson","0","FALSE"
"alveary-recC9nRRdwTdgzeDi","Import is Current","alveary-tracker-recC9nRRdwTdgzeDi-8-6","8","6","15m Written Narration: Grade 7 - Lesson 48","<p>➜ WRITTEN NARRATION<br>Complete six written narrations this week. The rest will be oral narrations to yourself or your teacher. See the intro pages of the lesson plans for ideas on how to keep narrations varied and interesting!</p><p>★ TEACHER TIP<br>Make sure students are practicing typing skills and typing narrations and compositions regularly.</p>","","https://planning.alveary.org/links.html?id=recC9nRRdwTdgzeDi","Lesson","0","FALSE"
"alveary-recC9nRRdwTdgzeDi","Import is Current","alveary-tracker-recC9nRRdwTdgzeDi-9-1","9","1","15m Written Narration: Grade 7 - Lesson 49","<p>➜ WRITTEN NARRATION<br>Complete six written narrations this week. The rest will be oral narrations to yourself or your teacher. See the intro pages of the lesson plans for ideas on how to keep narrations varied and interesting!</p><p>★ TEACHER TIP<br>Make sure students are practicing typing skills and typing narrations and compositions regularly.</p>","","https://planning.alveary.org/links.html?id=recC9nRRdwTdgzeDi","Lesson","0","FALSE"
"alveary-recC9nRRdwTdgzeDi","Import is Current","alveary-tracker-recC9nRRdwTdgzeDi-9-2","9","2","15m Written Narration: Grade 7 - Lesson 50","<p>➜ WRITTEN NARRATION<br>Complete six written narrations this week. The rest will be oral narrations to yourself or your teacher. See the intro pages of the lesson plans for ideas on how to keep narrations varied and interesting!</p><p>★ TEACHER TIP<br>Make sure students are practicing typing skills and typing narrations and compositions regularly.</p>","","https://planning.alveary.org/links.html?id=recC9nRRdwTdgzeDi","Lesson","0","FALSE"
"alveary-recC9nRRdwTdgzeDi","Import is Current","alveary-tracker-recC9nRRdwTdgzeDi-9-3","9","3","15m Written Narration: Grade 7 - Lesson 51","<p>➜ WRITTEN NARRATION<br>Complete six written narrations this week. The rest will be oral narrations to yourself or your teacher. See the intro pages of the lesson plans for ideas on how to keep narrations varied and interesting!</p><p>★ TEACHER TIP<br>Make sure students are practicing typing skills and typing narrations and compositions regularly.</p>","","https://planning.alveary.org/links.html?id=recC9nRRdwTdgzeDi","Lesson","0","FALSE"
"alveary-recC9nRRdwTdgzeDi","Import is Current","alveary-tracker-recC9nRRdwTdgzeDi-9-4","9","4","15m Written Narration: Grade 7 - Lesson 52","<p>➜ WRITTEN NARRATION<br>Complete six written narrations this week. The rest will be oral narrations to yourself or your teacher. See the intro pages of the lesson plans for ideas on how to keep narrations varied and interesting!</p><p>★ TEACHER TIP<br>Make sure students are practicing typing skills and typing narrations and compositions regularly.</p>","","https://planning.alveary.org/links.html?id=recC9nRRdwTdgzeDi","Lesson","0","FALSE"
"alveary-recC9nRRdwTdgzeDi","Import is Current","alveary-tracker-recC9nRRdwTdgzeDi-9-5","9","5","15m Written Narration: Grade 7 - Lesson 53","<p>➜ WRITTEN NARRATION<br>Complete six written narrations this week. The rest will be oral narrations to yourself or your teacher. See the intro pages of the lesson plans for ideas on how to keep narrations varied and interesting!</p><p>★ TEACHER TIP<br>Make sure students are practicing typing skills and typing narrations and compositions regularly.</p>","","https://planning.alveary.org/links.html?id=recC9nRRdwTdgzeDi","Lesson","0","FALSE"
"alveary-recC9nRRdwTdgzeDi","Import is Current","alveary-tracker-recC9nRRdwTdgzeDi-9-6","9","6","15m Written Narration: Grade 7 - Lesson 54","<p>➜ WRITTEN NARRATION<br>Complete six written narrations this week. The rest will be oral narrations to yourself or your teacher. See the intro pages of the lesson plans for ideas on how to keep narrations varied and interesting!</p><p>★ TEACHER TIP<br>Make sure students are practicing typing skills and typing narrations and compositions regularly.</p>","","https://planning.alveary.org/links.html?id=recC9nRRdwTdgzeDi","Lesson","0","FALSE"
"alveary-recC9nRRdwTdgzeDi","Import is Current","alveary-tracker-recC9nRRdwTdgzeDi-10-1","10","1","15m Written Narration: Grade 7 - Lesson 55","<p>➜ WRITTEN NARRATION<br>Complete six written narrations this week. The rest will be oral narrations to yourself or your teacher. See the intro pages of the lesson plans for ideas on how to keep narrations varied and interesting!</p><p>★ TEACHER TIP<br>Make sure students are practicing typing skills and typing narrations and compositions regularly.</p>","","https://planning.alveary.org/links.html?id=recC9nRRdwTdgzeDi","Lesson","0","FALSE"
"alveary-recC9nRRdwTdgzeDi","Import is Current","alveary-tracker-recC9nRRdwTdgzeDi-10-2","10","2","15m Written Narration: Grade 7 - Lesson 56","<p>➜ WRITTEN NARRATION<br>Complete six written narrations this week. The rest will be oral narrations to yourself or your teacher. See the intro pages of the lesson plans for ideas on how to keep narrations varied and interesting!</p><p>★ TEACHER TIP<br>Make sure students are practicing typing skills and typing narrations and compositions regularly.</p>","","https://planning.alveary.org/links.html?id=recC9nRRdwTdgzeDi","Lesson","0","FALSE"
"alveary-recC9nRRdwTdgzeDi","Import is Current","alveary-tracker-recC9nRRdwTdgzeDi-10-3","10","3","15m Written Narration: Grade 7 - Lesson 57","<p>➜ WRITTEN NARRATION<br>Complete six written narrations this week. The rest will be oral narrations to yourself or your teacher. See the intro pages of the lesson plans for ideas on how to keep narrations varied and interesting!</p><p>★ TEACHER TIP<br>Make sure students are practicing typing skills and typing narrations and compositions regularly.</p>","","https://planning.alveary.org/links.html?id=recC9nRRdwTdgzeDi","Lesson","0","FALSE"
"alveary-recC9nRRdwTdgzeDi","Import is Current","alveary-tracker-recC9nRRdwTdgzeDi-10-4","10","4","15m Written Narration: Grade 7 - Lesson 58","<p>➜ WRITTEN NARRATION<br>Complete six written narrations this week. The rest will be oral narrations to yourself or your teacher. See the intro pages of the lesson plans for ideas on how to keep narrations varied and interesting!</p><p>★ TEACHER TIP<br>Make sure students are practicing typing skills and typing narrations and compositions regularly.</p>","","https://planning.alveary.org/links.html?id=recC9nRRdwTdgzeDi","Lesson","0","FALSE"
"alveary-recC9nRRdwTdgzeDi","Import is Current","alveary-tracker-recC9nRRdwTdgzeDi-10-5","10","5","15m Written Narration: Grade 7 - Lesson 59","<p>➜ WRITTEN NARRATION<br>Complete six written narrations this week. The rest will be oral narrations to yourself or your teacher. See the intro pages of the lesson plans for ideas on how to keep narrations varied and interesting!</p><p>★ TEACHER TIP<br>Make sure students are practicing typing skills and typing narrations and compositions regularly.</p>","","https://planning.alveary.org/links.html?id=recC9nRRdwTdgzeDi","Lesson","0","FALSE"
"alveary-recC9nRRdwTdgzeDi","Import is Current","alveary-tracker-recC9nRRdwTdgzeDi-10-6","10","6","15m Written Narration: Grade 7 - Lesson 60","<p>➜ WRITTEN NARRATION<br>Complete six written narrations this week. The rest will be oral narrations to yourself or your teacher. See the intro pages of the lesson plans for ideas on how to keep narrations varied and interesting!</p><p>★ TEACHER TIP<br>Make sure students are practicing typing skills and typing narrations and compositions regularly.</p>","","https://planning.alveary.org/links.html?id=recC9nRRdwTdgzeDi","Lesson","0","FALSE"
"alveary-recC9nRRdwTdgzeDi","Import is Current","alveary-tracker-recC9nRRdwTdgzeDi-11-1","11","1","15m Written Narration: Grade 7 - Lesson 61","<p>➜ WRITTEN NARRATION<br>Complete six written narrations this week. The rest will be oral narrations to yourself or your teacher. See the intro pages of the lesson plans for ideas on how to keep narrations varied and interesting!</p><p>★ TEACHER TIP<br>Make sure students are practicing typing skills and typing narrations and compositions regularly.</p>","","https://planning.alveary.org/links.html?id=recC9nRRdwTdgzeDi","Lesson","0","FALSE"
"alveary-recC9nRRdwTdgzeDi","Import is Current","alveary-tracker-recC9nRRdwTdgzeDi-11-2","11","2","15m Written Narration: Grade 7 - Lesson 62","<p>➜ WRITTEN NARRATION<br>Complete six written narrations this week. The rest will be oral narrations to yourself or your teacher. See the intro pages of the lesson plans for ideas on how to keep narrations varied and interesting!</p><p>★ TEACHER TIP<br>Make sure students are practicing typing skills and typing narrations and compositions regularly.</p>","","https://planning.alveary.org/links.html?id=recC9nRRdwTdgzeDi","Lesson","0","FALSE"
"alveary-recC9nRRdwTdgzeDi","Import is Current","alveary-tracker-recC9nRRdwTdgzeDi-11-3","11","3","15m Written Narration: Grade 7 - Lesson 63","<p>➜ WRITTEN NARRATION<br>Complete six written narrations this week. The rest will be oral narrations to yourself or your teacher. See the intro pages of the lesson plans for ideas on how to keep narrations varied and interesting!</p><p>★ TEACHER TIP<br>Make sure students are practicing typing skills and typing narrations and compositions regularly.</p>","","https://planning.alveary.org/links.html?id=recC9nRRdwTdgzeDi","Lesson","0","FALSE"
"alveary-recC9nRRdwTdgzeDi","Import is Current","alveary-tracker-recC9nRRdwTdgzeDi-11-4","11","4","15m Written Narration: Grade 7 - Lesson 64","<p>➜ WRITTEN NARRATION<br>Complete six written narrations this week. The rest will be oral narrations to yourself or your teacher. See the intro pages of the lesson plans for ideas on how to keep narrations varied and interesting!</p><p>★ TEACHER TIP<br>Make sure students are practicing typing skills and typing narrations and compositions regularly.</p>","","https://planning.alveary.org/links.html?id=recC9nRRdwTdgzeDi","Lesson","0","FALSE"
"alveary-recC9nRRdwTdgzeDi","Import is Current","alveary-tracker-recC9nRRdwTdgzeDi-11-5","11","5","15m Written Narration: Grade 7 - Lesson 65","<p>➜ WRITTEN NARRATION<br>Complete six written narrations this week. The rest will be oral narrations to yourself or your teacher. See the intro pages of the lesson plans for ideas on how to keep narrations varied and interesting!</p><p>★ TEACHER TIP<br>Make sure students are practicing typing skills and typing narrations and compositions regularly.</p>","","https://planning.alveary.org/links.html?id=recC9nRRdwTdgzeDi","Lesson","0","FALSE"
"alveary-recC9nRRdwTdgzeDi","Import is Current","alveary-tracker-recC9nRRdwTdgzeDi-11-6","11","6","15m Written Narration: Grade 7 - Lesson 66","<p>➜ WRITTEN NARRATION<br>Complete six written narrations this week. The rest will be oral narrations to yourself or your teacher. See the intro pages of the lesson plans for ideas on how to keep narrations varied and interesting!</p><p>★ TEACHER TIP<br>Make sure students are practicing typing skills and typing narrations and compositions regularly.</p>","","https://planning.alveary.org/links.html?id=recC9nRRdwTdgzeDi","Lesson","0","FALSE"
"alveary-recC9nRRdwTdgzeDi","Import is Current","alveary-tracker-recC9nRRdwTdgzeDi-12-1","12","1","15m Written Narration: Grade 7 - Lesson 67","<p>➜ EXAMS<br>Answer question(s) related to course.</p>","","https://planning.alveary.org/links.html?id=recC9nRRdwTdgzeDi","Exam","0","FALSE"
"alveary-recC9nRRdwTdgzeDi","Import is Current","alveary-tracker-recC9nRRdwTdgzeDi-12-2","12","2","15m Written Narration: Grade 7 - Lesson 68","<p>➜ EXAMS<br>Answer question(s) related to course.</p>","","https://planning.alveary.org/links.html?id=recC9nRRdwTdgzeDi","Exam","0","FALSE"
"alveary-recC9nRRdwTdgzeDi","Import is Current","alveary-tracker-recC9nRRdwTdgzeDi-12-3","12","3","15m Written Narration: Grade 7 - Lesson 69","<p>➜ EXAMS<br>Answer question(s) related to course.</p>","","https://planning.alveary.org/links.html?id=recC9nRRdwTdgzeDi","Exam","0","FALSE"
"alveary-recC9nRRdwTdgzeDi","Import is Current","alveary-tracker-recC9nRRdwTdgzeDi-12-4","12","4","15m Written Narration: Grade 7 - Lesson 70","<p>➜ EXAMS<br>Answer question(s) related to course.</p>","","https://planning.alveary.org/links.html?id=recC9nRRdwTdgzeDi","Exam","0","FALSE"
"alveary-recC9nRRdwTdgzeDi","Import is Current","alveary-tracker-recC9nRRdwTdgzeDi-12-5","12","5","15m Written Narration: Grade 7 - Lesson 71","<p>➜ EXAMS<br>Answer question(s) related to course.</p>","","https://planning.alveary.org/links.html?id=recC9nRRdwTdgzeDi","Exam","0","FALSE"
"alveary-recC9nRRdwTdgzeDi","Import is Current","alveary-tracker-recC9nRRdwTdgzeDi-12-6","12","6","15m Written Narration: Grade 7 - Lesson 72","<p>➜ EXAMS<br>Answer question(s) related to course.</p>","","https://planning.alveary.org/links.html?id=recC9nRRdwTdgzeDi","Exam","0","FALSE"
"alveary-recC9nRRdwTdgzeDi","Import is Current","alveary-tracker-recC9nRRdwTdgzeDi-13-1","13","1","15m Written Narration: Grade 7 - Lesson 73","<p>➜ WRITTEN NARRATION<br>Complete six written narrations this week. The rest will be oral narrations to yourself or your teacher. See the intro pages of the lesson plans for ideas on how to keep narrations varied and interesting!</p><p>★ TEACHER TIP<br>Make sure students are practicing typing skills and typing narrations and compositions regularly.</p>","","https://planning.alveary.org/links.html?id=recC9nRRdwTdgzeDi","Lesson","0","FALSE"
"alveary-recC9nRRdwTdgzeDi","Import is Current","alveary-tracker-recC9nRRdwTdgzeDi-13-2","13","2","15m Written Narration: Grade 7 - Lesson 74","<p>➜ WRITTEN NARRATION<br>Complete six written narrations this week. The rest will be oral narrations to yourself or your teacher. See the intro pages of the lesson plans for ideas on how to keep narrations varied and interesting!</p><p>★ TEACHER TIP<br>Make sure students are practicing typing skills and typing narrations and compositions regularly.</p>","","https://planning.alveary.org/links.html?id=recC9nRRdwTdgzeDi","Lesson","0","FALSE"
"alveary-recC9nRRdwTdgzeDi","Import is Current","alveary-tracker-recC9nRRdwTdgzeDi-13-3","13","3","15m Written Narration: Grade 7 - Lesson 75","<p>➜ WRITTEN NARRATION<br>Complete six written narrations this week. The rest will be oral narrations to yourself or your teacher. See the intro pages of the lesson plans for ideas on how to keep narrations varied and interesting!</p><p>★ TEACHER TIP<br>Make sure students are practicing typing skills and typing narrations and compositions regularly.</p>","","https://planning.alveary.org/links.html?id=recC9nRRdwTdgzeDi","Lesson","0","FALSE"
"alveary-recC9nRRdwTdgzeDi","Import is Current","alveary-tracker-recC9nRRdwTdgzeDi-13-4","13","4","15m Written Narration: Grade 7 - Lesson 76","<p>➜ WRITTEN NARRATION<br>Complete six written narrations this week. The rest will be oral narrations to yourself or your teacher. See the intro pages of the lesson plans for ideas on how to keep narrations varied and interesting!</p><p>★ TEACHER TIP<br>Make sure students are practicing typing skills and typing narrations and compositions regularly.</p>","","https://planning.alveary.org/links.html?id=recC9nRRdwTdgzeDi","Lesson","0","FALSE"
"alveary-recC9nRRdwTdgzeDi","Import is Current","alveary-tracker-recC9nRRdwTdgzeDi-13-5","13","5","15m Written Narration: Grade 7 - Lesson 77","<p>➜ WRITTEN NARRATION<br>Complete six written narrations this week. The rest will be oral narrations to yourself or your teacher. See the intro pages of the lesson plans for ideas on how to keep narrations varied and interesting!</p><p>★ TEACHER TIP<br>Make sure students are practicing typing skills and typing narrations and compositions regularly.</p>","","https://planning.alveary.org/links.html?id=recC9nRRdwTdgzeDi","Lesson","0","FALSE"
"alveary-recC9nRRdwTdgzeDi","Import is Current","alveary-tracker-recC9nRRdwTdgzeDi-13-6","13","6","15m Written Narration: Grade 7 - Lesson 78","<p>➜ WRITTEN NARRATION<br>Complete six written narrations this week. The rest will be oral narrations to yourself or your teacher. See the intro pages of the lesson plans for ideas on how to keep narrations varied and interesting!</p><p>★ TEACHER TIP<br>Make sure students are practicing typing skills and typing narrations and compositions regularly.</p>","","https://planning.alveary.org/links.html?id=recC9nRRdwTdgzeDi","Lesson","0","FALSE"
"alveary-recC9nRRdwTdgzeDi","Import is Current","alveary-tracker-recC9nRRdwTdgzeDi-14-1","14","1","15m Written Narration: Grade 7 - Lesson 79","<p>➜ WRITTEN NARRATION<br>Complete six written narrations this week. The rest will be oral narrations to yourself or your teacher. See the intro pages of the lesson plans for ideas on how to keep narrations varied and interesting!</p><p>★ TEACHER TIP<br>Make sure students are practicing typing skills and typing narrations and compositions regularly.</p>","","https://planning.alveary.org/links.html?id=recC9nRRdwTdgzeDi","Lesson","0","FALSE"
"alveary-recC9nRRdwTdgzeDi","Import is Current","alveary-tracker-recC9nRRdwTdgzeDi-14-2","14","2","15m Written Narration: Grade 7 - Lesson 80","<p>➜ WRITTEN NARRATION<br>Complete six written narrations this week. The rest will be oral narrations to yourself or your teacher. See the intro pages of the lesson plans for ideas on how to keep narrations varied and interesting!</p><p>★ TEACHER TIP<br>Make sure students are practicing typing skills and typing narrations and compositions regularly.</p>","","https://planning.alveary.org/links.html?id=recC9nRRdwTdgzeDi","Lesson","0","FALSE"
"alveary-recC9nRRdwTdgzeDi","Import is Current","alveary-tracker-recC9nRRdwTdgzeDi-14-3","14","3","15m Written Narration: Grade 7 - Lesson 81","<p>➜ WRITTEN NARRATION<br>Complete six written narrations this week. The rest will be oral narrations to yourself or your teacher. See the intro pages of the lesson plans for ideas on how to keep narrations varied and interesting!</p><p>★ TEACHER TIP<br>Make sure students are practicing typing skills and typing narrations and compositions regularly.</p>","","https://planning.alveary.org/links.html?id=recC9nRRdwTdgzeDi","Lesson","0","FALSE"
"alveary-recC9nRRdwTdgzeDi","Import is Current","alveary-tracker-recC9nRRdwTdgzeDi-14-4","14","4","15m Written Narration: Grade 7 - Lesson 82","<p>➜ WRITTEN NARRATION<br>Complete six written narrations this week. The rest will be oral narrations to yourself or your teacher. See the intro pages of the lesson plans for ideas on how to keep narrations varied and interesting!</p><p>★ TEACHER TIP<br>Make sure students are practicing typing skills and typing narrations and compositions regularly.</p>","","https://planning.alveary.org/links.html?id=recC9nRRdwTdgzeDi","Lesson","0","FALSE"
"alveary-recC9nRRdwTdgzeDi","Import is Current","alveary-tracker-recC9nRRdwTdgzeDi-14-5","14","5","15m Written Narration: Grade 7 - Lesson 83","<p>➜ WRITTEN NARRATION<br>Complete six written narrations this week. The rest will be oral narrations to yourself or your teacher. See the intro pages of the lesson plans for ideas on how to keep narrations varied and interesting!</p><p>★ TEACHER TIP<br>Make sure students are practicing typing skills and typing narrations and compositions regularly.</p>","","https://planning.alveary.org/links.html?id=recC9nRRdwTdgzeDi","Lesson","0","FALSE"
"alveary-recC9nRRdwTdgzeDi","Import is Current","alveary-tracker-recC9nRRdwTdgzeDi-14-6","14","6","15m Written Narration: Grade 7 - Lesson 84","<p>➜ WRITTEN NARRATION<br>Complete six written narrations this week. The rest will be oral narrations to yourself or your teacher. See the intro pages of the lesson plans for ideas on how to keep narrations varied and interesting!</p><p>★ TEACHER TIP<br>Make sure students are practicing typing skills and typing narrations and compositions regularly.</p>","","https://planning.alveary.org/links.html?id=recC9nRRdwTdgzeDi","Lesson","0","FALSE"
"alveary-recC9nRRdwTdgzeDi","Import is Current","alveary-tracker-recC9nRRdwTdgzeDi-15-1","15","1","15m Written Narration: Grade 7 - Lesson 85","<p>➜ WRITTEN NARRATION<br>Complete six written narrations this week. The rest will be oral narrations to yourself or your teacher. See the intro pages of the lesson plans for ideas on how to keep narrations varied and interesting!</p><p>★ TEACHER TIP<br>Make sure students are practicing typing skills and typing narrations and compositions regularly.</p>","","https://planning.alveary.org/links.html?id=recC9nRRdwTdgzeDi","Lesson","0","FALSE"
"alveary-recC9nRRdwTdgzeDi","Import is Current","alveary-tracker-recC9nRRdwTdgzeDi-15-2","15","2","15m Written Narration: Grade 7 - Lesson 86","<p>➜ WRITTEN NARRATION<br>Complete six written narrations this week. The rest will be oral narrations to yourself or your teacher. See the intro pages of the lesson plans for ideas on how to keep narrations varied and interesting!</p><p>★ TEACHER TIP<br>Make sure students are practicing typing skills and typing narrations and compositions regularly.</p>","","https://planning.alveary.org/links.html?id=recC9nRRdwTdgzeDi","Lesson","0","FALSE"
"alveary-recC9nRRdwTdgzeDi","Import is Current","alveary-tracker-recC9nRRdwTdgzeDi-15-3","15","3","15m Written Narration: Grade 7 - Lesson 87","<p>➜ WRITTEN NARRATION<br>Complete six written narrations this week. The rest will be oral narrations to yourself or your teacher. See the intro pages of the lesson plans for ideas on how to keep narrations varied and interesting!</p><p>★ TEACHER TIP<br>Make sure students are practicing typing skills and typing narrations and compositions regularly.</p>","","https://planning.alveary.org/links.html?id=recC9nRRdwTdgzeDi","Lesson","0","FALSE"
"alveary-recC9nRRdwTdgzeDi","Import is Current","alveary-tracker-recC9nRRdwTdgzeDi-15-4","15","4","15m Written Narration: Grade 7 - Lesson 88","<p>➜ WRITTEN NARRATION<br>Complete six written narrations this week. The rest will be oral narrations to yourself or your teacher. See the intro pages of the lesson plans for ideas on how to keep narrations varied and interesting!</p><p>★ TEACHER TIP<br>Make sure students are practicing typing skills and typing narrations and compositions regularly.</p>","","https://planning.alveary.org/links.html?id=recC9nRRdwTdgzeDi","Lesson","0","FALSE"
"alveary-recC9nRRdwTdgzeDi","Import is Current","alveary-tracker-recC9nRRdwTdgzeDi-15-5","15","5","15m Written Narration: Grade 7 - Lesson 89","<p>➜ WRITTEN NARRATION<br>Complete six written narrations this week. The rest will be oral narrations to yourself or your teacher. See the intro pages of the lesson plans for ideas on how to keep narrations varied and interesting!</p><p>★ TEACHER TIP<br>Make sure students are practicing typing skills and typing narrations and compositions regularly.</p>","","https://planning.alveary.org/links.html?id=recC9nRRdwTdgzeDi","Lesson","0","FALSE"
"alveary-recC9nRRdwTdgzeDi","Import is Current","alveary-tracker-recC9nRRdwTdgzeDi-15-6","15","6","15m Written Narration: Grade 7 - Lesson 90","<p>➜ WRITTEN NARRATION<br>Complete six written narrations this week. The rest will be oral narrations to yourself or your teacher. See the intro pages of the lesson plans for ideas on how to keep narrations varied and interesting!</p><p>★ TEACHER TIP<br>Make sure students are practicing typing skills and typing narrations and compositions regularly.</p>","","https://planning.alveary.org/links.html?id=recC9nRRdwTdgzeDi","Lesson","0","FALSE"
"alveary-recC9nRRdwTdgzeDi","Import is Current","alveary-tracker-recC9nRRdwTdgzeDi-16-1","16","1","15m Written Narration: Grade 7 - Lesson 91","<p>➜ WRITTEN NARRATION<br>Complete six written narrations this week. The rest will be oral narrations to yourself or your teacher. See the intro pages of the lesson plans for ideas on how to keep narrations varied and interesting!</p><p>★ TEACHER TIP<br>Make sure students are practicing typing skills and typing narrations and compositions regularly.</p>","","https://planning.alveary.org/links.html?id=recC9nRRdwTdgzeDi","Lesson","0","FALSE"
"alveary-recC9nRRdwTdgzeDi","Import is Current","alveary-tracker-recC9nRRdwTdgzeDi-16-2","16","2","15m Written Narration: Grade 7 - Lesson 92","<p>➜ WRITTEN NARRATION<br>Complete six written narrations this week. The rest will be oral narrations to yourself or your teacher. See the intro pages of the lesson plans for ideas on how to keep narrations varied and interesting!</p><p>★ TEACHER TIP<br>Make sure students are practicing typing skills and typing narrations and compositions regularly.</p>","","https://planning.alveary.org/links.html?id=recC9nRRdwTdgzeDi","Lesson","0","FALSE"
"alveary-recC9nRRdwTdgzeDi","Import is Current","alveary-tracker-recC9nRRdwTdgzeDi-16-3","16","3","15m Written Narration: Grade 7 - Lesson 93","<p>➜ WRITTEN NARRATION<br>Complete six written narrations this week. The rest will be oral narrations to yourself or your teacher. See the intro pages of the lesson plans for ideas on how to keep narrations varied and interesting!</p><p>★ TEACHER TIP<br>Make sure students are practicing typing skills and typing narrations and compositions regularly.</p>","","https://planning.alveary.org/links.html?id=recC9nRRdwTdgzeDi","Lesson","0","FALSE"
"alveary-recC9nRRdwTdgzeDi","Import is Current","alveary-tracker-recC9nRRdwTdgzeDi-16-4","16","4","15m Written Narration: Grade 7 - Lesson 94","<p>➜ WRITTEN NARRATION<br>Complete six written narrations this week. The rest will be oral narrations to yourself or your teacher. See the intro pages of the lesson plans for ideas on how to keep narrations varied and interesting!</p><p>★ TEACHER TIP<br>Make sure students are practicing typing skills and typing narrations and compositions regularly.</p>","","https://planning.alveary.org/links.html?id=recC9nRRdwTdgzeDi","Lesson","0","FALSE"
"alveary-recC9nRRdwTdgzeDi","Import is Current","alveary-tracker-recC9nRRdwTdgzeDi-16-5","16","5","15m Written Narration: Grade 7 - Lesson 95","<p>➜ WRITTEN NARRATION<br>Complete six written narrations this week. The rest will be oral narrations to yourself or your teacher. See the intro pages of the lesson plans for ideas on how to keep narrations varied and interesting!</p><p>★ TEACHER TIP<br>Make sure students are practicing typing skills and typing narrations and compositions regularly.</p>","","https://planning.alveary.org/links.html?id=recC9nRRdwTdgzeDi","Lesson","0","FALSE"
"alveary-recC9nRRdwTdgzeDi","Import is Current","alveary-tracker-recC9nRRdwTdgzeDi-16-6","16","6","15m Written Narration: Grade 7 - Lesson 96","<p>➜ WRITTEN NARRATION<br>Complete six written narrations this week. The rest will be oral narrations to yourself or your teacher. See the intro pages of the lesson plans for ideas on how to keep narrations varied and interesting!</p><p>★ TEACHER TIP<br>Make sure students are practicing typing skills and typing narrations and compositions regularly.</p>","","https://planning.alveary.org/links.html?id=recC9nRRdwTdgzeDi","Lesson","0","FALSE"
"alveary-recC9nRRdwTdgzeDi","Import is Current","alveary-tracker-recC9nRRdwTdgzeDi-17-1","17","1","15m Written Narration: Grade 7 - Lesson 97","<p>➜ WRITTEN NARRATION<br>Complete six written narrations this week. The rest will be oral narrations to yourself or your teacher. See the intro pages of the lesson plans for ideas on how to keep narrations varied and interesting!</p><p>★ TEACHER TIP<br>Make sure students are practicing typing skills and typing narrations and compositions regularly.</p>","","https://planning.alveary.org/links.html?id=recC9nRRdwTdgzeDi","Lesson","0","FALSE"
"alveary-recC9nRRdwTdgzeDi","Import is Current","alveary-tracker-recC9nRRdwTdgzeDi-17-2","17","2","15m Written Narration: Grade 7 - Lesson 98","<p>➜ WRITTEN NARRATION<br>Complete six written narrations this week. The rest will be oral narrations to yourself or your teacher. See the intro pages of the lesson plans for ideas on how to keep narrations varied and interesting!</p><p>★ TEACHER TIP<br>Make sure students are practicing typing skills and typing narrations and compositions regularly.</p>","","https://planning.alveary.org/links.html?id=recC9nRRdwTdgzeDi","Lesson","0","FALSE"
"alveary-recC9nRRdwTdgzeDi","Import is Current","alveary-tracker-recC9nRRdwTdgzeDi-17-3","17","3","15m Written Narration: Grade 7 - Lesson 99","<p>➜ WRITTEN NARRATION<br>Complete six written narrations this week. The rest will be oral narrations to yourself or your teacher. See the intro pages of the lesson plans for ideas on how to keep narrations varied and interesting!</p><p>★ TEACHER TIP<br>Make sure students are practicing typing skills and typing narrations and compositions regularly.</p>","","https://planning.alveary.org/links.html?id=recC9nRRdwTdgzeDi","Lesson","0","FALSE"
"alveary-recC9nRRdwTdgzeDi","Import is Current","alveary-tracker-recC9nRRdwTdgzeDi-17-4","17","4","15m Written Narration: Grade 7 - Lesson 100","<p>➜ WRITTEN NARRATION<br>Complete six written narrations this week. The rest will be oral narrations to yourself or your teacher. See the intro pages of the lesson plans for ideas on how to keep narrations varied and interesting!</p><p>★ TEACHER TIP<br>Make sure students are practicing typing skills and typing narrations and compositions regularly.</p>","","https://planning.alveary.org/links.html?id=recC9nRRdwTdgzeDi","Lesson","0","FALSE"
"alveary-recC9nRRdwTdgzeDi","Import is Current","alveary-tracker-recC9nRRdwTdgzeDi-17-5","17","5","15m Written Narration: Grade 7 - Lesson 101","<p>➜ WRITTEN NARRATION<br>Complete six written narrations this week. The rest will be oral narrations to yourself or your teacher. See the intro pages of the lesson plans for ideas on how to keep narrations varied and interesting!</p><p>★ TEACHER TIP<br>Make sure students are practicing typing skills and typing narrations and compositions regularly.</p>","","https://planning.alveary.org/links.html?id=recC9nRRdwTdgzeDi","Lesson","0","FALSE"
"alveary-recC9nRRdwTdgzeDi","Import is Current","alveary-tracker-recC9nRRdwTdgzeDi-17-6","17","6","15m Written Narration: Grade 7 - Lesson 102","<p>➜ WRITTEN NARRATION<br>Complete six written narrations this week. The rest will be oral narrations to yourself or your teacher. See the intro pages of the lesson plans for ideas on how to keep narrations varied and interesting!</p><p>★ TEACHER TIP<br>Make sure students are practicing typing skills and typing narrations and compositions regularly.</p>","","https://planning.alveary.org/links.html?id=recC9nRRdwTdgzeDi","Lesson","0","FALSE"
"alveary-recC9nRRdwTdgzeDi","Import is Current","alveary-tracker-recC9nRRdwTdgzeDi-18-1","18","1","15m Written Narration: Grade 7 - Lesson 103","<p>➜ WRITTEN NARRATION<br>Complete six written narrations this week. The rest will be oral narrations to yourself or your teacher. See the intro pages of the lesson plans for ideas on how to keep narrations varied and interesting!</p><p>★ TEACHER TIP<br>Make sure students are practicing typing skills and typing narrations and compositions regularly.</p>","","https://planning.alveary.org/links.html?id=recC9nRRdwTdgzeDi","Lesson","0","FALSE"
"alveary-recC9nRRdwTdgzeDi","Import is Current","alveary-tracker-recC9nRRdwTdgzeDi-18-2","18","2","15m Written Narration: Grade 7 - Lesson 104","<p>➜ WRITTEN NARRATION<br>Complete six written narrations this week. The rest will be oral narrations to yourself or your teacher. See the intro pages of the lesson plans for ideas on how to keep narrations varied and interesting!</p><p>★ TEACHER TIP<br>Make sure students are practicing typing skills and typing narrations and compositions regularly.</p>","","https://planning.alveary.org/links.html?id=recC9nRRdwTdgzeDi","Lesson","0","FALSE"
"alveary-recC9nRRdwTdgzeDi","Import is Current","alveary-tracker-recC9nRRdwTdgzeDi-18-3","18","3","15m Written Narration: Grade 7 - Lesson 105","<p>➜ WRITTEN NARRATION<br>Complete six written narrations this week. The rest will be oral narrations to yourself or your teacher. See the intro pages of the lesson plans for ideas on how to keep narrations varied and interesting!</p><p>★ TEACHER TIP<br>Make sure students are practicing typing skills and typing narrations and compositions regularly.</p>","","https://planning.alveary.org/links.html?id=recC9nRRdwTdgzeDi","Lesson","0","FALSE"
"alveary-recC9nRRdwTdgzeDi","Import is Current","alveary-tracker-recC9nRRdwTdgzeDi-18-4","18","4","15m Written Narration: Grade 7 - Lesson 106","<p>➜ WRITTEN NARRATION<br>Complete six written narrations this week. The rest will be oral narrations to yourself or your teacher. See the intro pages of the lesson plans for ideas on how to keep narrations varied and interesting!</p><p>★ TEACHER TIP<br>Make sure students are practicing typing skills and typing narrations and compositions regularly.</p>","","https://planning.alveary.org/links.html?id=recC9nRRdwTdgzeDi","Lesson","0","FALSE"
"alveary-recC9nRRdwTdgzeDi","Import is Current","alveary-tracker-recC9nRRdwTdgzeDi-18-5","18","5","15m Written Narration: Grade 7 - Lesson 107","<p>➜ WRITTEN NARRATION<br>Complete six written narrations this week. The rest will be oral narrations to yourself or your teacher. See the intro pages of the lesson plans for ideas on how to keep narrations varied and interesting!</p><p>★ TEACHER TIP<br>Make sure students are practicing typing skills and typing narrations and compositions regularly.</p>","","https://planning.alveary.org/links.html?id=recC9nRRdwTdgzeDi","Lesson","0","FALSE"
"alveary-recC9nRRdwTdgzeDi","Import is Current","alveary-tracker-recC9nRRdwTdgzeDi-18-6","18","6","15m Written Narration: Grade 7 - Lesson 108","<p>➜ WRITTEN NARRATION<br>Complete six written narrations this week. The rest will be oral narrations to yourself or your teacher. See the intro pages of the lesson plans for ideas on how to keep narrations varied and interesting!</p><p>★ TEACHER TIP<br>Make sure students are practicing typing skills and typing narrations and compositions regularly.</p>","","https://planning.alveary.org/links.html?id=recC9nRRdwTdgzeDi","Lesson","0","FALSE"
"alveary-recC9nRRdwTdgzeDi","Import is Current","alveary-tracker-recC9nRRdwTdgzeDi-19-1","19","1","15m Written Narration: Grade 7 - Lesson 109","<p>➜ WRITTEN NARRATION<br>Complete six written narrations this week. The rest will be oral narrations to yourself or your teacher. See the intro pages of the lesson plans for ideas on how to keep narrations varied and interesting!</p><p>★ TEACHER TIP<br>Make sure students are practicing typing skills and typing narrations and compositions regularly.</p>","","https://planning.alveary.org/links.html?id=recC9nRRdwTdgzeDi","Lesson","0","FALSE"
"alveary-recC9nRRdwTdgzeDi","Import is Current","alveary-tracker-recC9nRRdwTdgzeDi-19-2","19","2","15m Written Narration: Grade 7 - Lesson 110","<p>➜ WRITTEN NARRATION<br>Complete six written narrations this week. The rest will be oral narrations to yourself or your teacher. See the intro pages of the lesson plans for ideas on how to keep narrations varied and interesting!</p><p>★ TEACHER TIP<br>Make sure students are practicing typing skills and typing narrations and compositions regularly.</p>","","https://planning.alveary.org/links.html?id=recC9nRRdwTdgzeDi","Lesson","0","FALSE"
"alveary-recC9nRRdwTdgzeDi","Import is Current","alveary-tracker-recC9nRRdwTdgzeDi-19-3","19","3","15m Written Narration: Grade 7 - Lesson 111","<p>➜ WRITTEN NARRATION<br>Complete six written narrations this week. The rest will be oral narrations to yourself or your teacher. See the intro pages of the lesson plans for ideas on how to keep narrations varied and interesting!</p><p>★ TEACHER TIP<br>Make sure students are practicing typing skills and typing narrations and compositions regularly.</p>","","https://planning.alveary.org/links.html?id=recC9nRRdwTdgzeDi","Lesson","0","FALSE"
"alveary-recC9nRRdwTdgzeDi","Import is Current","alveary-tracker-recC9nRRdwTdgzeDi-19-4","19","4","15m Written Narration: Grade 7 - Lesson 112","<p>➜ WRITTEN NARRATION<br>Complete six written narrations this week. The rest will be oral narrations to yourself or your teacher. See the intro pages of the lesson plans for ideas on how to keep narrations varied and interesting!</p><p>★ TEACHER TIP<br>Make sure students are practicing typing skills and typing narrations and compositions regularly.</p>","","https://planning.alveary.org/links.html?id=recC9nRRdwTdgzeDi","Lesson","0","FALSE"
"alveary-recC9nRRdwTdgzeDi","Import is Current","alveary-tracker-recC9nRRdwTdgzeDi-19-5","19","5","15m Written Narration: Grade 7 - Lesson 113","<p>➜ WRITTEN NARRATION<br>Complete six written narrations this week. The rest will be oral narrations to yourself or your teacher. See the intro pages of the lesson plans for ideas on how to keep narrations varied and interesting!</p><p>★ TEACHER TIP<br>Make sure students are practicing typing skills and typing narrations and compositions regularly.</p>","","https://planning.alveary.org/links.html?id=recC9nRRdwTdgzeDi","Lesson","0","FALSE"
"alveary-recC9nRRdwTdgzeDi","Import is Current","alveary-tracker-recC9nRRdwTdgzeDi-19-6","19","6","15m Written Narration: Grade 7 - Lesson 114","<p>➜ WRITTEN NARRATION<br>Complete six written narrations this week. The rest will be oral narrations to yourself or your teacher. See the intro pages of the lesson plans for ideas on how to keep narrations varied and interesting!</p><p>★ TEACHER TIP<br>Make sure students are practicing typing skills and typing narrations and compositions regularly.</p>","","https://planning.alveary.org/links.html?id=recC9nRRdwTdgzeDi","Lesson","0","FALSE"
"alveary-recC9nRRdwTdgzeDi","Import is Current","alveary-tracker-recC9nRRdwTdgzeDi-20-1","20","1","15m Written Narration: Grade 7 - Lesson 115","<p>➜ WRITTEN NARRATION<br>Complete six written narrations this week. The rest will be oral narrations to yourself or your teacher. See the intro pages of the lesson plans for ideas on how to keep narrations varied and interesting!</p><p>★ TEACHER TIP<br>Make sure students are practicing typing skills and typing narrations and compositions regularly.</p>","","https://planning.alveary.org/links.html?id=recC9nRRdwTdgzeDi","Lesson","0","FALSE"
"alveary-recC9nRRdwTdgzeDi","Import is Current","alveary-tracker-recC9nRRdwTdgzeDi-20-2","20","2","15m Written Narration: Grade 7 - Lesson 116","<p>➜ WRITTEN NARRATION<br>Complete six written narrations this week. The rest will be oral narrations to yourself or your teacher. See the intro pages of the lesson plans for ideas on how to keep narrations varied and interesting!</p><p>★ TEACHER TIP<br>Make sure students are practicing typing skills and typing narrations and compositions regularly.</p>","","https://planning.alveary.org/links.html?id=recC9nRRdwTdgzeDi","Lesson","0","FALSE"
"alveary-recC9nRRdwTdgzeDi","Import is Current","alveary-tracker-recC9nRRdwTdgzeDi-20-3","20","3","15m Written Narration: Grade 7 - Lesson 117","<p>➜ WRITTEN NARRATION<br>Complete six written narrations this week. The rest will be oral narrations to yourself or your teacher. See the intro pages of the lesson plans for ideas on how to keep narrations varied and interesting!</p><p>★ TEACHER TIP<br>Make sure students are practicing typing skills and typing narrations and compositions regularly.</p>","","https://planning.alveary.org/links.html?id=recC9nRRdwTdgzeDi","Lesson","0","FALSE"
"alveary-recC9nRRdwTdgzeDi","Import is Current","alveary-tracker-recC9nRRdwTdgzeDi-20-4","20","4","15m Written Narration: Grade 7 - Lesson 118","<p>➜ WRITTEN NARRATION<br>Complete six written narrations this week. The rest will be oral narrations to yourself or your teacher. See the intro pages of the lesson plans for ideas on how to keep narrations varied and interesting!</p><p>★ TEACHER TIP<br>Make sure students are practicing typing skills and typing narrations and compositions regularly.</p>","","https://planning.alveary.org/links.html?id=recC9nRRdwTdgzeDi","Lesson","0","FALSE"
"alveary-recC9nRRdwTdgzeDi","Import is Current","alveary-tracker-recC9nRRdwTdgzeDi-20-5","20","5","15m Written Narration: Grade 7 - Lesson 119","<p>➜ WRITTEN NARRATION<br>Complete six written narrations this week. The rest will be oral narrations to yourself or your teacher. See the intro pages of the lesson plans for ideas on how to keep narrations varied and interesting!</p><p>★ TEACHER TIP<br>Make sure students are practicing typing skills and typing narrations and compositions regularly.</p>","","https://planning.alveary.org/links.html?id=recC9nRRdwTdgzeDi","Lesson","0","FALSE"
"alveary-recC9nRRdwTdgzeDi","Import is Current","alveary-tracker-recC9nRRdwTdgzeDi-20-6","20","6","15m Written Narration: Grade 7 - Lesson 120","<p>➜ WRITTEN NARRATION<br>Complete six written narrations this week. The rest will be oral narrations to yourself or your teacher. See the intro pages of the lesson plans for ideas on how to keep narrations varied and interesting!</p><p>★ TEACHER TIP<br>Make sure students are practicing typing skills and typing narrations and compositions regularly.</p>","","https://planning.alveary.org/links.html?id=recC9nRRdwTdgzeDi","Lesson","0","FALSE"
"alveary-recC9nRRdwTdgzeDi","Import is Current","alveary-tracker-recC9nRRdwTdgzeDi-21-1","21","1","15m Written Narration: Grade 7 - Lesson 121","<p>➜ WRITTEN NARRATION<br>Complete six written narrations this week. The rest will be oral narrations to yourself or your teacher. See the intro pages of the lesson plans for ideas on how to keep narrations varied and interesting!</p><p>★ TEACHER TIP<br>Make sure students are practicing typing skills and typing narrations and compositions regularly.</p>","","https://planning.alveary.org/links.html?id=recC9nRRdwTdgzeDi","Lesson","0","FALSE"
"alveary-recC9nRRdwTdgzeDi","Import is Current","alveary-tracker-recC9nRRdwTdgzeDi-21-2","21","2","15m Written Narration: Grade 7 - Lesson 122","<p>➜ WRITTEN NARRATION<br>Complete six written narrations this week. The rest will be oral narrations to yourself or your teacher. See the intro pages of the lesson plans for ideas on how to keep narrations varied and interesting!</p><p>★ TEACHER TIP<br>Make sure students are practicing typing skills and typing narrations and compositions regularly.</p>","","https://planning.alveary.org/links.html?id=recC9nRRdwTdgzeDi","Lesson","0","FALSE"
"alveary-recC9nRRdwTdgzeDi","Import is Current","alveary-tracker-recC9nRRdwTdgzeDi-21-3","21","3","15m Written Narration: Grade 7 - Lesson 123","<p>➜ WRITTEN NARRATION<br>Complete six written narrations this week. The rest will be oral narrations to yourself or your teacher. See the intro pages of the lesson plans for ideas on how to keep narrations varied and interesting!</p><p>★ TEACHER TIP<br>Make sure students are practicing typing skills and typing narrations and compositions regularly.</p>","","https://planning.alveary.org/links.html?id=recC9nRRdwTdgzeDi","Lesson","0","FALSE"
"alveary-recC9nRRdwTdgzeDi","Import is Current","alveary-tracker-recC9nRRdwTdgzeDi-21-4","21","4","15m Written Narration: Grade 7 - Lesson 124","<p>➜ WRITTEN NARRATION<br>Complete six written narrations this week. The rest will be oral narrations to yourself or your teacher. See the intro pages of the lesson plans for ideas on how to keep narrations varied and interesting!</p><p>★ TEACHER TIP<br>Make sure students are practicing typing skills and typing narrations and compositions regularly.</p>","","https://planning.alveary.org/links.html?id=recC9nRRdwTdgzeDi","Lesson","0","FALSE"
"alveary-recC9nRRdwTdgzeDi","Import is Current","alveary-tracker-recC9nRRdwTdgzeDi-21-5","21","5","15m Written Narration: Grade 7 - Lesson 125","<p>➜ WRITTEN NARRATION<br>Complete six written narrations this week. The rest will be oral narrations to yourself or your teacher. See the intro pages of the lesson plans for ideas on how to keep narrations varied and interesting!</p><p>★ TEACHER TIP<br>Make sure students are practicing typing skills and typing narrations and compositions regularly.</p>","","https://planning.alveary.org/links.html?id=recC9nRRdwTdgzeDi","Lesson","0","FALSE"
"alveary-recC9nRRdwTdgzeDi","Import is Current","alveary-tracker-recC9nRRdwTdgzeDi-21-6","21","6","15m Written Narration: Grade 7 - Lesson 126","<p>➜ WRITTEN NARRATION<br>Complete six written narrations this week. The rest will be oral narrations to yourself or your teacher. See the intro pages of the lesson plans for ideas on how to keep narrations varied and interesting!</p><p>★ TEACHER TIP<br>Make sure students are practicing typing skills and typing narrations and compositions regularly.</p>","","https://planning.alveary.org/links.html?id=recC9nRRdwTdgzeDi","Lesson","0","FALSE"
"alveary-recC9nRRdwTdgzeDi","Import is Current","alveary-tracker-recC9nRRdwTdgzeDi-22-1","22","1","15m Written Narration: Grade 7 - Lesson 127","<p>➜ WRITTEN NARRATION<br>Complete six written narrations this week. The rest will be oral narrations to yourself or your teacher. See the intro pages of the lesson plans for ideas on how to keep narrations varied and interesting!</p><p>★ TEACHER TIP<br>Make sure students are practicing typing skills and typing narrations and compositions regularly.</p>","","https://planning.alveary.org/links.html?id=recC9nRRdwTdgzeDi","Lesson","0","FALSE"
"alveary-recC9nRRdwTdgzeDi","Import is Current","alveary-tracker-recC9nRRdwTdgzeDi-22-2","22","2","15m Written Narration: Grade 7 - Lesson 128","<p>➜ WRITTEN NARRATION<br>Complete six written narrations this week. The rest will be oral narrations to yourself or your teacher. See the intro pages of the lesson plans for ideas on how to keep narrations varied and interesting!</p><p>★ TEACHER TIP<br>Make sure students are practicing typing skills and typing narrations and compositions regularly.</p>","","https://planning.alveary.org/links.html?id=recC9nRRdwTdgzeDi","Lesson","0","FALSE"
"alveary-recC9nRRdwTdgzeDi","Import is Current","alveary-tracker-recC9nRRdwTdgzeDi-22-3","22","3","15m Written Narration: Grade 7 - Lesson 129","<p>➜ WRITTEN NARRATION<br>Complete six written narrations this week. The rest will be oral narrations to yourself or your teacher. See the intro pages of the lesson plans for ideas on how to keep narrations varied and interesting!</p><p>★ TEACHER TIP<br>Make sure students are practicing typing skills and typing narrations and compositions regularly.</p>","","https://planning.alveary.org/links.html?id=recC9nRRdwTdgzeDi","Lesson","0","FALSE"
"alveary-recC9nRRdwTdgzeDi","Import is Current","alveary-tracker-recC9nRRdwTdgzeDi-22-4","22","4","15m Written Narration: Grade 7 - Lesson 130","<p>➜ WRITTEN NARRATION<br>Complete six written narrations this week. The rest will be oral narrations to yourself or your teacher. See the intro pages of the lesson plans for ideas on how to keep narrations varied and interesting!</p><p>★ TEACHER TIP<br>Make sure students are practicing typing skills and typing narrations and compositions regularly.</p>","","https://planning.alveary.org/links.html?id=recC9nRRdwTdgzeDi","Lesson","0","FALSE"
"alveary-recC9nRRdwTdgzeDi","Import is Current","alveary-tracker-recC9nRRdwTdgzeDi-22-5","22","5","15m Written Narration: Grade 7 - Lesson 131","<p>➜ WRITTEN NARRATION<br>Complete six written narrations this week. The rest will be oral narrations to yourself or your teacher. See the intro pages of the lesson plans for ideas on how to keep narrations varied and interesting!</p><p>★ TEACHER TIP<br>Make sure students are practicing typing skills and typing narrations and compositions regularly.</p>","","https://planning.alveary.org/links.html?id=recC9nRRdwTdgzeDi","Lesson","0","FALSE"
"alveary-recC9nRRdwTdgzeDi","Import is Current","alveary-tracker-recC9nRRdwTdgzeDi-22-6","22","6","15m Written Narration: Grade 7 - Lesson 132","<p>➜ WRITTEN NARRATION<br>Complete six written narrations this week. The rest will be oral narrations to yourself or your teacher. See the intro pages of the lesson plans for ideas on how to keep narrations varied and interesting!</p><p>★ TEACHER TIP<br>Make sure students are practicing typing skills and typing narrations and compositions regularly.</p>","","https://planning.alveary.org/links.html?id=recC9nRRdwTdgzeDi","Lesson","0","FALSE"
"alveary-recC9nRRdwTdgzeDi","Import is Current","alveary-tracker-recC9nRRdwTdgzeDi-23-1","23","1","15m Written Narration: Grade 7 - Lesson 133","<p>➜ WRITTEN NARRATION<br>Complete six written narrations this week. The rest will be oral narrations to yourself or your teacher. See the intro pages of the lesson plans for ideas on how to keep narrations varied and interesting!</p><p>★ TEACHER TIP<br>Make sure students are practicing typing skills and typing narrations and compositions regularly.</p>","","https://planning.alveary.org/links.html?id=recC9nRRdwTdgzeDi","Lesson","0","FALSE"
"alveary-recC9nRRdwTdgzeDi","Import is Current","alveary-tracker-recC9nRRdwTdgzeDi-23-2","23","2","15m Written Narration: Grade 7 - Lesson 134","<p>➜ WRITTEN NARRATION<br>Complete six written narrations this week. The rest will be oral narrations to yourself or your teacher. See the intro pages of the lesson plans for ideas on how to keep narrations varied and interesting!</p><p>★ TEACHER TIP<br>Make sure students are practicing typing skills and typing narrations and compositions regularly.</p>","","https://planning.alveary.org/links.html?id=recC9nRRdwTdgzeDi","Lesson","0","FALSE"
"alveary-recC9nRRdwTdgzeDi","Import is Current","alveary-tracker-recC9nRRdwTdgzeDi-23-3","23","3","15m Written Narration: Grade 7 - Lesson 135","<p>➜ WRITTEN NARRATION<br>Complete six written narrations this week. The rest will be oral narrations to yourself or your teacher. See the intro pages of the lesson plans for ideas on how to keep narrations varied and interesting!</p><p>★ TEACHER TIP<br>Make sure students are practicing typing skills and typing narrations and compositions regularly.</p>","","https://planning.alveary.org/links.html?id=recC9nRRdwTdgzeDi","Lesson","0","FALSE"
"alveary-recC9nRRdwTdgzeDi","Import is Current","alveary-tracker-recC9nRRdwTdgzeDi-23-4","23","4","15m Written Narration: Grade 7 - Lesson 136","<p>➜ WRITTEN NARRATION<br>Complete six written narrations this week. The rest will be oral narrations to yourself or your teacher. See the intro pages of the lesson plans for ideas on how to keep narrations varied and interesting!</p><p>★ TEACHER TIP<br>Make sure students are practicing typing skills and typing narrations and compositions regularly.</p>","","https://planning.alveary.org/links.html?id=recC9nRRdwTdgzeDi","Lesson","0","FALSE"
"alveary-recC9nRRdwTdgzeDi","Import is Current","alveary-tracker-recC9nRRdwTdgzeDi-23-5","23","5","15m Written Narration: Grade 7 - Lesson 137","<p>➜ WRITTEN NARRATION<br>Complete six written narrations this week. The rest will be oral narrations to yourself or your teacher. See the intro pages of the lesson plans for ideas on how to keep narrations varied and interesting!</p><p>★ TEACHER TIP<br>Make sure students are practicing typing skills and typing narrations and compositions regularly.</p>","","https://planning.alveary.org/links.html?id=recC9nRRdwTdgzeDi","Lesson","0","FALSE"
"alveary-recC9nRRdwTdgzeDi","Import is Current","alveary-tracker-recC9nRRdwTdgzeDi-23-6","23","6","15m Written Narration: Grade 7 - Lesson 138","<p>➜ WRITTEN NARRATION<br>Complete six written narrations this week. The rest will be oral narrations to yourself or your teacher. See the intro pages of the lesson plans for ideas on how to keep narrations varied and interesting!</p><p>★ TEACHER TIP<br>Make sure students are practicing typing skills and typing narrations and compositions regularly.</p>","","https://planning.alveary.org/links.html?id=recC9nRRdwTdgzeDi","Lesson","0","FALSE"
"alveary-recC9nRRdwTdgzeDi","Import is Current","alveary-tracker-recC9nRRdwTdgzeDi-24-1","24","1","15m Written Narration: Grade 7 - Lesson 139","<p>➜ EXAMS<br>Answer question(s) related to course.</p>","","https://planning.alveary.org/links.html?id=recC9nRRdwTdgzeDi","Exam","0","FALSE"
"alveary-recC9nRRdwTdgzeDi","Import is Current","alveary-tracker-recC9nRRdwTdgzeDi-24-2","24","2","15m Written Narration: Grade 7 - Lesson 140","<p>➜ EXAMS<br>Answer question(s) related to course.</p>","","https://planning.alveary.org/links.html?id=recC9nRRdwTdgzeDi","Exam","0","FALSE"
"alveary-recC9nRRdwTdgzeDi","Import is Current","alveary-tracker-recC9nRRdwTdgzeDi-24-3","24","3","15m Written Narration: Grade 7 - Lesson 141","<p>➜ EXAMS<br>Answer question(s) related to course.</p>","","https://planning.alveary.org/links.html?id=recC9nRRdwTdgzeDi","Exam","0","FALSE"
"alveary-recC9nRRdwTdgzeDi","Import is Current","alveary-tracker-recC9nRRdwTdgzeDi-24-4","24","4","15m Written Narration: Grade 7 - Lesson 142","<p>➜ EXAMS<br>Answer question(s) related to course.</p>","","https://planning.alveary.org/links.html?id=recC9nRRdwTdgzeDi","Exam","0","FALSE"
"alveary-recC9nRRdwTdgzeDi","Import is Current","alveary-tracker-recC9nRRdwTdgzeDi-24-5","24","5","15m Written Narration: Grade 7 - Lesson 143","<p>➜ EXAMS<br>Answer question(s) related to course.</p>","","https://planning.alveary.org/links.html?id=recC9nRRdwTdgzeDi","Exam","0","FALSE"
"alveary-recC9nRRdwTdgzeDi","Import is Current","alveary-tracker-recC9nRRdwTdgzeDi-24-6","24","6","15m Written Narration: Grade 7 - Lesson 144","<p>➜ EXAMS<br>Answer question(s) related to course.</p>","","https://planning.alveary.org/links.html?id=recC9nRRdwTdgzeDi","Exam","0","FALSE"
"alveary-recC9nRRdwTdgzeDi","Import is Current","alveary-tracker-recC9nRRdwTdgzeDi-25-1","25","1","15m Written Narration: Grade 7 - Lesson 145","<p>➜ WRITTEN NARRATION<br>Complete six written narrations this week. The rest will be oral narrations to yourself or your teacher. See the intro pages of the lesson plans for ideas on how to keep narrations varied and interesting!</p><p>★ TEACHER TIP<br>Make sure students are practicing typing skills and typing narrations and compositions regularly.</p>","","https://planning.alveary.org/links.html?id=recC9nRRdwTdgzeDi","Lesson","0","FALSE"
"alveary-recC9nRRdwTdgzeDi","Import is Current","alveary-tracker-recC9nRRdwTdgzeDi-25-2","25","2","15m Written Narration: Grade 7 - Lesson 146","<p>➜ WRITTEN NARRATION<br>Complete six written narrations this week. The rest will be oral narrations to yourself or your teacher. See the intro pages of the lesson plans for ideas on how to keep narrations varied and interesting!</p><p>★ TEACHER TIP<br>Make sure students are practicing typing skills and typing narrations and compositions regularly.</p>","","https://planning.alveary.org/links.html?id=recC9nRRdwTdgzeDi","Lesson","0","FALSE"
"alveary-recC9nRRdwTdgzeDi","Import is Current","alveary-tracker-recC9nRRdwTdgzeDi-25-3","25","3","15m Written Narration: Grade 7 - Lesson 147","<p>➜ WRITTEN NARRATION<br>Complete six written narrations this week. The rest will be oral narrations to yourself or your teacher. See the intro pages of the lesson plans for ideas on how to keep narrations varied and interesting!</p><p>★ TEACHER TIP<br>Make sure students are practicing typing skills and typing narrations and compositions regularly.</p>","","https://planning.alveary.org/links.html?id=recC9nRRdwTdgzeDi","Lesson","0","FALSE"
"alveary-recC9nRRdwTdgzeDi","Import is Current","alveary-tracker-recC9nRRdwTdgzeDi-25-4","25","4","15m Written Narration: Grade 7 - Lesson 148","<p>➜ WRITTEN NARRATION<br>Complete six written narrations this week. The rest will be oral narrations to yourself or your teacher. See the intro pages of the lesson plans for ideas on how to keep narrations varied and interesting!</p><p>★ TEACHER TIP<br>Make sure students are practicing typing skills and typing narrations and compositions regularly.</p>","","https://planning.alveary.org/links.html?id=recC9nRRdwTdgzeDi","Lesson","0","FALSE"
"alveary-recC9nRRdwTdgzeDi","Import is Current","alveary-tracker-recC9nRRdwTdgzeDi-25-5","25","5","15m Written Narration: Grade 7 - Lesson 149","<p>➜ WRITTEN NARRATION<br>Complete six written narrations this week. The rest will be oral narrations to yourself or your teacher. See the intro pages of the lesson plans for ideas on how to keep narrations varied and interesting!</p><p>★ TEACHER TIP<br>Make sure students are practicing typing skills and typing narrations and compositions regularly.</p>","","https://planning.alveary.org/links.html?id=recC9nRRdwTdgzeDi","Lesson","0","FALSE"
"alveary-recC9nRRdwTdgzeDi","Import is Current","alveary-tracker-recC9nRRdwTdgzeDi-25-6","25","6","15m Written Narration: Grade 7 - Lesson 150","<p>➜ WRITTEN NARRATION<br>Complete six written narrations this week. The rest will be oral narrations to yourself or your teacher. See the intro pages of the lesson plans for ideas on how to keep narrations varied and interesting!</p><p>★ TEACHER TIP<br>Make sure students are practicing typing skills and typing narrations and compositions regularly.</p>","","https://planning.alveary.org/links.html?id=recC9nRRdwTdgzeDi","Lesson","0","FALSE"
"alveary-recC9nRRdwTdgzeDi","Import is Current","alveary-tracker-recC9nRRdwTdgzeDi-26-1","26","1","15m Written Narration: Grade 7 - Lesson 151","<p>➜ WRITTEN NARRATION<br>Complete six written narrations this week. The rest will be oral narrations to yourself or your teacher. See the intro pages of the lesson plans for ideas on how to keep narrations varied and interesting!</p><p>★ TEACHER TIP<br>Make sure students are practicing typing skills and typing narrations and compositions regularly.</p>","","https://planning.alveary.org/links.html?id=recC9nRRdwTdgzeDi","Lesson","0","FALSE"
"alveary-recC9nRRdwTdgzeDi","Import is Current","alveary-tracker-recC9nRRdwTdgzeDi-26-2","26","2","15m Written Narration: Grade 7 - Lesson 152","<p>➜ WRITTEN NARRATION<br>Complete six written narrations this week. The rest will be oral narrations to yourself or your teacher. See the intro pages of the lesson plans for ideas on how to keep narrations varied and interesting!</p><p>★ TEACHER TIP<br>Make sure students are practicing typing skills and typing narrations and compositions regularly.</p>","","https://planning.alveary.org/links.html?id=recC9nRRdwTdgzeDi","Lesson","0","FALSE"
"alveary-recC9nRRdwTdgzeDi","Import is Current","alveary-tracker-recC9nRRdwTdgzeDi-26-3","26","3","15m Written Narration: Grade 7 - Lesson 153","<p>➜ WRITTEN NARRATION<br>Complete six written narrations this week. The rest will be oral narrations to yourself or your teacher. See the intro pages of the lesson plans for ideas on how to keep narrations varied and interesting!</p><p>★ TEACHER TIP<br>Make sure students are practicing typing skills and typing narrations and compositions regularly.</p>","","https://planning.alveary.org/links.html?id=recC9nRRdwTdgzeDi","Lesson","0","FALSE"
"alveary-recC9nRRdwTdgzeDi","Import is Current","alveary-tracker-recC9nRRdwTdgzeDi-26-4","26","4","15m Written Narration: Grade 7 - Lesson 154","<p>➜ WRITTEN NARRATION<br>Complete six written narrations this week. The rest will be oral narrations to yourself or your teacher. See the intro pages of the lesson plans for ideas on how to keep narrations varied and interesting!</p><p>★ TEACHER TIP<br>Make sure students are practicing typing skills and typing narrations and compositions regularly.</p>","","https://planning.alveary.org/links.html?id=recC9nRRdwTdgzeDi","Lesson","0","FALSE"
"alveary-recC9nRRdwTdgzeDi","Import is Current","alveary-tracker-recC9nRRdwTdgzeDi-26-5","26","5","15m Written Narration: Grade 7 - Lesson 155","<p>➜ WRITTEN NARRATION<br>Complete six written narrations this week. The rest will be oral narrations to yourself or your teacher. See the intro pages of the lesson plans for ideas on how to keep narrations varied and interesting!</p><p>★ TEACHER TIP<br>Make sure students are practicing typing skills and typing narrations and compositions regularly.</p>","","https://planning.alveary.org/links.html?id=recC9nRRdwTdgzeDi","Lesson","0","FALSE"
"alveary-recC9nRRdwTdgzeDi","Import is Current","alveary-tracker-recC9nRRdwTdgzeDi-26-6","26","6","15m Written Narration: Grade 7 - Lesson 156","<p>➜ WRITTEN NARRATION<br>Complete six written narrations this week. The rest will be oral narrations to yourself or your teacher. See the intro pages of the lesson plans for ideas on how to keep narrations varied and interesting!</p><p>★ TEACHER TIP<br>Make sure students are practicing typing skills and typing narrations and compositions regularly.</p>","","https://planning.alveary.org/links.html?id=recC9nRRdwTdgzeDi","Lesson","0","FALSE"
"alveary-recC9nRRdwTdgzeDi","Import is Current","alveary-tracker-recC9nRRdwTdgzeDi-27-1","27","1","15m Written Narration: Grade 7 - Lesson 157","<p>➜ WRITTEN NARRATION<br>Complete six written narrations this week. The rest will be oral narrations to yourself or your teacher. See the intro pages of the lesson plans for ideas on how to keep narrations varied and interesting!</p><p>★ TEACHER TIP<br>Make sure students are practicing typing skills and typing narrations and compositions regularly.</p>","","https://planning.alveary.org/links.html?id=recC9nRRdwTdgzeDi","Lesson","0","FALSE"
"alveary-recC9nRRdwTdgzeDi","Import is Current","alveary-tracker-recC9nRRdwTdgzeDi-27-2","27","2","15m Written Narration: Grade 7 - Lesson 158","<p>➜ WRITTEN NARRATION<br>Complete six written narrations this week. The rest will be oral narrations to yourself or your teacher. See the intro pages of the lesson plans for ideas on how to keep narrations varied and interesting!</p><p>★ TEACHER TIP<br>Make sure students are practicing typing skills and typing narrations and compositions regularly.</p>","","https://planning.alveary.org/links.html?id=recC9nRRdwTdgzeDi","Lesson","0","FALSE"
"alveary-recC9nRRdwTdgzeDi","Import is Current","alveary-tracker-recC9nRRdwTdgzeDi-27-3","27","3","15m Written Narration: Grade 7 - Lesson 159","<p>➜ WRITTEN NARRATION<br>Complete six written narrations this week. The rest will be oral narrations to yourself or your teacher. See the intro pages of the lesson plans for ideas on how to keep narrations varied and interesting!</p><p>★ TEACHER TIP<br>Make sure students are practicing typing skills and typing narrations and compositions regularly.</p>","","https://planning.alveary.org/links.html?id=recC9nRRdwTdgzeDi","Lesson","0","FALSE"
"alveary-recC9nRRdwTdgzeDi","Import is Current","alveary-tracker-recC9nRRdwTdgzeDi-27-4","27","4","15m Written Narration: Grade 7 - Lesson 160","<p>➜ WRITTEN NARRATION<br>Complete six written narrations this week. The rest will be oral narrations to yourself or your teacher. See the intro pages of the lesson plans for ideas on how to keep narrations varied and interesting!</p><p>★ TEACHER TIP<br>Make sure students are practicing typing skills and typing narrations and compositions regularly.</p>","","https://planning.alveary.org/links.html?id=recC9nRRdwTdgzeDi","Lesson","0","FALSE"
"alveary-recC9nRRdwTdgzeDi","Import is Current","alveary-tracker-recC9nRRdwTdgzeDi-27-5","27","5","15m Written Narration: Grade 7 - Lesson 161","<p>➜ WRITTEN NARRATION<br>Complete six written narrations this week. The rest will be oral narrations to yourself or your teacher. See the intro pages of the lesson plans for ideas on how to keep narrations varied and interesting!</p><p>★ TEACHER TIP<br>Make sure students are practicing typing skills and typing narrations and compositions regularly.</p>","","https://planning.alveary.org/links.html?id=recC9nRRdwTdgzeDi","Lesson","0","FALSE"
"alveary-recC9nRRdwTdgzeDi","Import is Current","alveary-tracker-recC9nRRdwTdgzeDi-27-6","27","6","15m Written Narration: Grade 7 - Lesson 162","<p>➜ WRITTEN NARRATION<br>Complete six written narrations this week. The rest will be oral narrations to yourself or your teacher. See the intro pages of the lesson plans for ideas on how to keep narrations varied and interesting!</p><p>★ TEACHER TIP<br>Make sure students are practicing typing skills and typing narrations and compositions regularly.</p>","","https://planning.alveary.org/links.html?id=recC9nRRdwTdgzeDi","Lesson","0","FALSE"
"alveary-recC9nRRdwTdgzeDi","Import is Current","alveary-tracker-recC9nRRdwTdgzeDi-28-1","28","1","15m Written Narration: Grade 7 - Lesson 163","<p>➜ WRITTEN NARRATION<br>Complete six written narrations this week. The rest will be oral narrations to yourself or your teacher. See the intro pages of the lesson plans for ideas on how to keep narrations varied and interesting!</p><p>★ TEACHER TIP<br>Make sure students are practicing typing skills and typing narrations and compositions regularly.</p>","","https://planning.alveary.org/links.html?id=recC9nRRdwTdgzeDi","Lesson","0","FALSE"
"alveary-recC9nRRdwTdgzeDi","Import is Current","alveary-tracker-recC9nRRdwTdgzeDi-28-2","28","2","15m Written Narration: Grade 7 - Lesson 164","<p>➜ WRITTEN NARRATION<br>Complete six written narrations this week. The rest will be oral narrations to yourself or your teacher. See the intro pages of the lesson plans for ideas on how to keep narrations varied and interesting!</p><p>★ TEACHER TIP<br>Make sure students are practicing typing skills and typing narrations and compositions regularly.</p>","","https://planning.alveary.org/links.html?id=recC9nRRdwTdgzeDi","Lesson","0","FALSE"
"alveary-recC9nRRdwTdgzeDi","Import is Current","alveary-tracker-recC9nRRdwTdgzeDi-28-3","28","3","15m Written Narration: Grade 7 - Lesson 165","<p>➜ WRITTEN NARRATION<br>Complete six written narrations this week. The rest will be oral narrations to yourself or your teacher. See the intro pages of the lesson plans for ideas on how to keep narrations varied and interesting!</p><p>★ TEACHER TIP<br>Make sure students are practicing typing skills and typing narrations and compositions regularly.</p>","","https://planning.alveary.org/links.html?id=recC9nRRdwTdgzeDi","Lesson","0","FALSE"
"alveary-recC9nRRdwTdgzeDi","Import is Current","alveary-tracker-recC9nRRdwTdgzeDi-28-4","28","4","15m Written Narration: Grade 7 - Lesson 166","<p>➜ WRITTEN NARRATION<br>Complete six written narrations this week. The rest will be oral narrations to yourself or your teacher. See the intro pages of the lesson plans for ideas on how to keep narrations varied and interesting!</p><p>★ TEACHER TIP<br>Make sure students are practicing typing skills and typing narrations and compositions regularly.</p>","","https://planning.alveary.org/links.html?id=recC9nRRdwTdgzeDi","Lesson","0","FALSE"
"alveary-recC9nRRdwTdgzeDi","Import is Current","alveary-tracker-recC9nRRdwTdgzeDi-28-5","28","5","15m Written Narration: Grade 7 - Lesson 167","<p>➜ WRITTEN NARRATION<br>Complete six written narrations this week. The rest will be oral narrations to yourself or your teacher. See the intro pages of the lesson plans for ideas on how to keep narrations varied and interesting!</p><p>★ TEACHER TIP<br>Make sure students are practicing typing skills and typing narrations and compositions regularly.</p>","","https://planning.alveary.org/links.html?id=recC9nRRdwTdgzeDi","Lesson","0","FALSE"
"alveary-recC9nRRdwTdgzeDi","Import is Current","alveary-tracker-recC9nRRdwTdgzeDi-28-6","28","6","15m Written Narration: Grade 7 - Lesson 168","<p>➜ WRITTEN NARRATION<br>Complete six written narrations this week. The rest will be oral narrations to yourself or your teacher. See the intro pages of the lesson plans for ideas on how to keep narrations varied and interesting!</p><p>★ TEACHER TIP<br>Make sure students are practicing typing skills and typing narrations and compositions regularly.</p>","","https://planning.alveary.org/links.html?id=recC9nRRdwTdgzeDi","Lesson","0","FALSE"
"alveary-recC9nRRdwTdgzeDi","Import is Current","alveary-tracker-recC9nRRdwTdgzeDi-29-1","29","1","15m Written Narration: Grade 7 - Lesson 169","<p>➜ WRITTEN NARRATION<br>Complete six written narrations this week. The rest will be oral narrations to yourself or your teacher. See the intro pages of the lesson plans for ideas on how to keep narrations varied and interesting!</p><p>★ TEACHER TIP<br>Make sure students are practicing typing skills and typing narrations and compositions regularly.</p>","","https://planning.alveary.org/links.html?id=recC9nRRdwTdgzeDi","Lesson","0","FALSE"
"alveary-recC9nRRdwTdgzeDi","Import is Current","alveary-tracker-recC9nRRdwTdgzeDi-29-2","29","2","15m Written Narration: Grade 7 - Lesson 170","<p>➜ WRITTEN NARRATION<br>Complete six written narrations this week. The rest will be oral narrations to yourself or your teacher. See the intro pages of the lesson plans for ideas on how to keep narrations varied and interesting!</p><p>★ TEACHER TIP<br>Make sure students are practicing typing skills and typing narrations and compositions regularly.</p>","","https://planning.alveary.org/links.html?id=recC9nRRdwTdgzeDi","Lesson","0","FALSE"
"alveary-recC9nRRdwTdgzeDi","Import is Current","alveary-tracker-recC9nRRdwTdgzeDi-29-3","29","3","15m Written Narration: Grade 7 - Lesson 171","<p>➜ WRITTEN NARRATION<br>Complete six written narrations this week. The rest will be oral narrations to yourself or your teacher. See the intro pages of the lesson plans for ideas on how to keep narrations varied and interesting!</p><p>★ TEACHER TIP<br>Make sure students are practicing typing skills and typing narrations and compositions regularly.</p>","","https://planning.alveary.org/links.html?id=recC9nRRdwTdgzeDi","Lesson","0","FALSE"
"alveary-recC9nRRdwTdgzeDi","Import is Current","alveary-tracker-recC9nRRdwTdgzeDi-29-4","29","4","15m Written Narration: Grade 7 - Lesson 172","<p>➜ WRITTEN NARRATION<br>Complete six written narrations this week. The rest will be oral narrations to yourself or your teacher. See the intro pages of the lesson plans for ideas on how to keep narrations varied and interesting!</p><p>★ TEACHER TIP<br>Make sure students are practicing typing skills and typing narrations and compositions regularly.</p>","","https://planning.alveary.org/links.html?id=recC9nRRdwTdgzeDi","Lesson","0","FALSE"
"alveary-recC9nRRdwTdgzeDi","Import is Current","alveary-tracker-recC9nRRdwTdgzeDi-29-5","29","5","15m Written Narration: Grade 7 - Lesson 173","<p>➜ WRITTEN NARRATION<br>Complete six written narrations this week. The rest will be oral narrations to yourself or your teacher. See the intro pages of the lesson plans for ideas on how to keep narrations varied and interesting!</p><p>★ TEACHER TIP<br>Make sure students are practicing typing skills and typing narrations and compositions regularly.</p>","","https://planning.alveary.org/links.html?id=recC9nRRdwTdgzeDi","Lesson","0","FALSE"
"alveary-recC9nRRdwTdgzeDi","Import is Current","alveary-tracker-recC9nRRdwTdgzeDi-29-6","29","6","15m Written Narration: Grade 7 - Lesson 174","<p>➜ WRITTEN NARRATION<br>Complete six written narrations this week. The rest will be oral narrations to yourself or your teacher. See the intro pages of the lesson plans for ideas on how to keep narrations varied and interesting!</p><p>★ TEACHER TIP<br>Make sure students are practicing typing skills and typing narrations and compositions regularly.</p>","","https://planning.alveary.org/links.html?id=recC9nRRdwTdgzeDi","Lesson","0","FALSE"
"alveary-recC9nRRdwTdgzeDi","Import is Current","alveary-tracker-recC9nRRdwTdgzeDi-30-1","30","1","15m Written Narration: Grade 7 - Lesson 175","<p>➜ WRITTEN NARRATION<br>Complete six written narrations this week. The rest will be oral narrations to yourself or your teacher. See the intro pages of the lesson plans for ideas on how to keep narrations varied and interesting!</p><p>★ TEACHER TIP<br>Make sure students are practicing typing skills and typing narrations and compositions regularly.</p>","","https://planning.alveary.org/links.html?id=recC9nRRdwTdgzeDi","Lesson","0","FALSE"
"alveary-recC9nRRdwTdgzeDi","Import is Current","alveary-tracker-recC9nRRdwTdgzeDi-30-2","30","2","15m Written Narration: Grade 7 - Lesson 176","<p>➜ WRITTEN NARRATION<br>Complete six written narrations this week. The rest will be oral narrations to yourself or your teacher. See the intro pages of the lesson plans for ideas on how to keep narrations varied and interesting!</p><p>★ TEACHER TIP<br>Make sure students are practicing typing skills and typing narrations and compositions regularly.</p>","","https://planning.alveary.org/links.html?id=recC9nRRdwTdgzeDi","Lesson","0","FALSE"
"alveary-recC9nRRdwTdgzeDi","Import is Current","alveary-tracker-recC9nRRdwTdgzeDi-30-3","30","3","15m Written Narration: Grade 7 - Lesson 177","<p>➜ WRITTEN NARRATION<br>Complete six written narrations this week. The rest will be oral narrations to yourself or your teacher. See the intro pages of the lesson plans for ideas on how to keep narrations varied and interesting!</p><p>★ TEACHER TIP<br>Make sure students are practicing typing skills and typing narrations and compositions regularly.</p>","","https://planning.alveary.org/links.html?id=recC9nRRdwTdgzeDi","Lesson","0","FALSE"
"alveary-recC9nRRdwTdgzeDi","Import is Current","alveary-tracker-recC9nRRdwTdgzeDi-30-4","30","4","15m Written Narration: Grade 7 - Lesson 178","<p>➜ WRITTEN NARRATION<br>Complete six written narrations this week. The rest will be oral narrations to yourself or your teacher. See the intro pages of the lesson plans for ideas on how to keep narrations varied and interesting!</p><p>★ TEACHER TIP<br>Make sure students are practicing typing skills and typing narrations and compositions regularly.</p>","","https://planning.alveary.org/links.html?id=recC9nRRdwTdgzeDi","Lesson","0","FALSE"
"alveary-recC9nRRdwTdgzeDi","Import is Current","alveary-tracker-recC9nRRdwTdgzeDi-30-5","30","5","15m Written Narration: Grade 7 - Lesson 179","<p>➜ WRITTEN NARRATION<br>Complete six written narrations this week. The rest will be oral narrations to yourself or your teacher. See the intro pages of the lesson plans for ideas on how to keep narrations varied and interesting!</p><p>★ TEACHER TIP<br>Make sure students are practicing typing skills and typing narrations and compositions regularly.</p>","","https://planning.alveary.org/links.html?id=recC9nRRdwTdgzeDi","Lesson","0","FALSE"
"alveary-recC9nRRdwTdgzeDi","Import is Current","alveary-tracker-recC9nRRdwTdgzeDi-30-6","30","6","15m Written Narration: Grade 7 - Lesson 180","<p>➜ WRITTEN NARRATION<br>Complete six written narrations this week. The rest will be oral narrations to yourself or your teacher. See the intro pages of the lesson plans for ideas on how to keep narrations varied and interesting!</p><p>★ TEACHER TIP<br>Make sure students are practicing typing skills and typing narrations and compositions regularly.</p>","","https://planning.alveary.org/links.html?id=recC9nRRdwTdgzeDi","Lesson","0","FALSE"
"alveary-recC9nRRdwTdgzeDi","Import is Current","alveary-tracker-recC9nRRdwTdgzeDi-31-1","31","1","15m Written Narration: Grade 7 - Lesson 181","<p>➜ WRITTEN NARRATION<br>Complete six written narrations this week. The rest will be oral narrations to yourself or your teacher. See the intro pages of the lesson plans for ideas on how to keep narrations varied and interesting!</p><p>★ TEACHER TIP<br>Make sure students are practicing typing skills and typing narrations and compositions regularly.</p>","","https://planning.alveary.org/links.html?id=recC9nRRdwTdgzeDi","Lesson","0","FALSE"
"alveary-recC9nRRdwTdgzeDi","Import is Current","alveary-tracker-recC9nRRdwTdgzeDi-31-2","31","2","15m Written Narration: Grade 7 - Lesson 182","<p>➜ WRITTEN NARRATION<br>Complete six written narrations this week. The rest will be oral narrations to yourself or your teacher. See the intro pages of the lesson plans for ideas on how to keep narrations varied and interesting!</p><p>★ TEACHER TIP<br>Make sure students are practicing typing skills and typing narrations and compositions regularly.</p>","","https://planning.alveary.org/links.html?id=recC9nRRdwTdgzeDi","Lesson","0","FALSE"
"alveary-recC9nRRdwTdgzeDi","Import is Current","alveary-tracker-recC9nRRdwTdgzeDi-31-3","31","3","15m Written Narration: Grade 7 - Lesson 183","<p>➜ WRITTEN NARRATION<br>Complete six written narrations this week. The rest will be oral narrations to yourself or your teacher. See the intro pages of the lesson plans for ideas on how to keep narrations varied and interesting!</p><p>★ TEACHER TIP<br>Make sure students are practicing typing skills and typing narrations and compositions regularly.</p>","","https://planning.alveary.org/links.html?id=recC9nRRdwTdgzeDi","Lesson","0","FALSE"
"alveary-recC9nRRdwTdgzeDi","Import is Current","alveary-tracker-recC9nRRdwTdgzeDi-31-4","31","4","15m Written Narration: Grade 7 - Lesson 184","<p>➜ WRITTEN NARRATION<br>Complete six written narrations this week. The rest will be oral narrations to yourself or your teacher. See the intro pages of the lesson plans for ideas on how to keep narrations varied and interesting!</p><p>★ TEACHER TIP<br>Make sure students are practicing typing skills and typing narrations and compositions regularly.</p>","","https://planning.alveary.org/links.html?id=recC9nRRdwTdgzeDi","Lesson","0","FALSE"
"alveary-recC9nRRdwTdgzeDi","Import is Current","alveary-tracker-recC9nRRdwTdgzeDi-31-5","31","5","15m Written Narration: Grade 7 - Lesson 185","<p>➜ WRITTEN NARRATION<br>Complete six written narrations this week. The rest will be oral narrations to yourself or your teacher. See the intro pages of the lesson plans for ideas on how to keep narrations varied and interesting!</p><p>★ TEACHER TIP<br>Make sure students are practicing typing skills and typing narrations and compositions regularly.</p>","","https://planning.alveary.org/links.html?id=recC9nRRdwTdgzeDi","Lesson","0","FALSE"
"alveary-recC9nRRdwTdgzeDi","Import is Current","alveary-tracker-recC9nRRdwTdgzeDi-31-6","31","6","15m Written Narration: Grade 7 - Lesson 186","<p>➜ WRITTEN NARRATION<br>Complete six written narrations this week. The rest will be oral narrations to yourself or your teacher. See the intro pages of the lesson plans for ideas on how to keep narrations varied and interesting!</p><p>★ TEACHER TIP<br>Make sure students are practicing typing skills and typing narrations and compositions regularly.</p>","","https://planning.alveary.org/links.html?id=recC9nRRdwTdgzeDi","Lesson","0","FALSE"
"alveary-recC9nRRdwTdgzeDi","Import is Current","alveary-tracker-recC9nRRdwTdgzeDi-32-1","32","1","15m Written Narration: Grade 7 - Lesson 187","<p>➜ WRITTEN NARRATION<br>Complete six written narrations this week. The rest will be oral narrations to yourself or your teacher. See the intro pages of the lesson plans for ideas on how to keep narrations varied and interesting!</p><p>★ TEACHER TIP<br>Make sure students are practicing typing skills and typing narrations and compositions regularly.</p>","","https://planning.alveary.org/links.html?id=recC9nRRdwTdgzeDi","Lesson","0","FALSE"
"alveary-recC9nRRdwTdgzeDi","Import is Current","alveary-tracker-recC9nRRdwTdgzeDi-32-2","32","2","15m Written Narration: Grade 7 - Lesson 188","<p>➜ WRITTEN NARRATION<br>Complete six written narrations this week. The rest will be oral narrations to yourself or your teacher. See the intro pages of the lesson plans for ideas on how to keep narrations varied and interesting!</p><p>★ TEACHER TIP<br>Make sure students are practicing typing skills and typing narrations and compositions regularly.</p>","","https://planning.alveary.org/links.html?id=recC9nRRdwTdgzeDi","Lesson","0","FALSE"
"alveary-recC9nRRdwTdgzeDi","Import is Current","alveary-tracker-recC9nRRdwTdgzeDi-32-3","32","3","15m Written Narration: Grade 7 - Lesson 189","<p>➜ WRITTEN NARRATION<br>Complete six written narrations this week. The rest will be oral narrations to yourself or your teacher. See the intro pages of the lesson plans for ideas on how to keep narrations varied and interesting!</p><p>★ TEACHER TIP<br>Make sure students are practicing typing skills and typing narrations and compositions regularly.</p>","","https://planning.alveary.org/links.html?id=recC9nRRdwTdgzeDi","Lesson","0","FALSE"
"alveary-recC9nRRdwTdgzeDi","Import is Current","alveary-tracker-recC9nRRdwTdgzeDi-32-4","32","4","15m Written Narration: Grade 7 - Lesson 190","<p>➜ WRITTEN NARRATION<br>Complete six written narrations this week. The rest will be oral narrations to yourself or your teacher. See the intro pages of the lesson plans for ideas on how to keep narrations varied and interesting!</p><p>★ TEACHER TIP<br>Make sure students are practicing typing skills and typing narrations and compositions regularly.</p>","","https://planning.alveary.org/links.html?id=recC9nRRdwTdgzeDi","Lesson","0","FALSE"
"alveary-recC9nRRdwTdgzeDi","Import is Current","alveary-tracker-recC9nRRdwTdgzeDi-32-5","32","5","15m Written Narration: Grade 7 - Lesson 191","<p>➜ WRITTEN NARRATION<br>Complete six written narrations this week. The rest will be oral narrations to yourself or your teacher. See the intro pages of the lesson plans for ideas on how to keep narrations varied and interesting!</p><p>★ TEACHER TIP<br>Make sure students are practicing typing skills and typing narrations and compositions regularly.</p>","","https://planning.alveary.org/links.html?id=recC9nRRdwTdgzeDi","Lesson","0","FALSE"
"alveary-recC9nRRdwTdgzeDi","Import is Current","alveary-tracker-recC9nRRdwTdgzeDi-32-6","32","6","15m Written Narration: Grade 7 - Lesson 192","<p>➜ WRITTEN NARRATION<br>Complete six written narrations this week. The rest will be oral narrations to yourself or your teacher. See the intro pages of the lesson plans for ideas on how to keep narrations varied and interesting!</p><p>★ TEACHER TIP<br>Make sure students are practicing typing skills and typing narrations and compositions regularly.</p>","","https://planning.alveary.org/links.html?id=recC9nRRdwTdgzeDi","Lesson","0","FALSE"
"alveary-recC9nRRdwTdgzeDi","Import is Current","alveary-tracker-recC9nRRdwTdgzeDi-33-1","33","1","15m Written Narration: Grade 7 - Lesson 193","<p>➜ WRITTEN NARRATION<br>Complete six written narrations this week. The rest will be oral narrations to yourself or your teacher. See the intro pages of the lesson plans for ideas on how to keep narrations varied and interesting!</p><p>★ TEACHER TIP<br>Make sure students are practicing typing skills and typing narrations and compositions regularly.</p>","","https://planning.alveary.org/links.html?id=recC9nRRdwTdgzeDi","Lesson","0","FALSE"
"alveary-recC9nRRdwTdgzeDi","Import is Current","alveary-tracker-recC9nRRdwTdgzeDi-33-2","33","2","15m Written Narration: Grade 7 - Lesson 194","<p>➜ WRITTEN NARRATION<br>Complete six written narrations this week. The rest will be oral narrations to yourself or your teacher. See the intro pages of the lesson plans for ideas on how to keep narrations varied and interesting!</p><p>★ TEACHER TIP<br>Make sure students are practicing typing skills and typing narrations and compositions regularly.</p>","","https://planning.alveary.org/links.html?id=recC9nRRdwTdgzeDi","Lesson","0","FALSE"
"alveary-recC9nRRdwTdgzeDi","Import is Current","alveary-tracker-recC9nRRdwTdgzeDi-33-3","33","3","15m Written Narration: Grade 7 - Lesson 195","<p>➜ WRITTEN NARRATION<br>Complete six written narrations this week. The rest will be oral narrations to yourself or your teacher. See the intro pages of the lesson plans for ideas on how to keep narrations varied and interesting!</p><p>★ TEACHER TIP<br>Make sure students are practicing typing skills and typing narrations and compositions regularly.</p>","","https://planning.alveary.org/links.html?id=recC9nRRdwTdgzeDi","Lesson","0","FALSE"
"alveary-recC9nRRdwTdgzeDi","Import is Current","alveary-tracker-recC9nRRdwTdgzeDi-33-4","33","4","15m Written Narration: Grade 7 - Lesson 196","<p>➜ WRITTEN NARRATION<br>Complete six written narrations this week. The rest will be oral narrations to yourself or your teacher. See the intro pages of the lesson plans for ideas on how to keep narrations varied and interesting!</p><p>★ TEACHER TIP<br>Make sure students are practicing typing skills and typing narrations and compositions regularly.</p>","","https://planning.alveary.org/links.html?id=recC9nRRdwTdgzeDi","Lesson","0","FALSE"
"alveary-recC9nRRdwTdgzeDi","Import is Current","alveary-tracker-recC9nRRdwTdgzeDi-33-5","33","5","15m Written Narration: Grade 7 - Lesson 197","<p>➜ WRITTEN NARRATION<br>Complete six written narrations this week. The rest will be oral narrations to yourself or your teacher. See the intro pages of the lesson plans for ideas on how to keep narrations varied and interesting!</p><p>★ TEACHER TIP<br>Make sure students are practicing typing skills and typing narrations and compositions regularly.</p>","","https://planning.alveary.org/links.html?id=recC9nRRdwTdgzeDi","Lesson","0","FALSE"
"alveary-recC9nRRdwTdgzeDi","Import is Current","alveary-tracker-recC9nRRdwTdgzeDi-33-6","33","6","15m Written Narration: Grade 7 - Lesson 198","<p>➜ WRITTEN NARRATION<br>Complete six written narrations this week. The rest will be oral narrations to yourself or your teacher. See the intro pages of the lesson plans for ideas on how to keep narrations varied and interesting!</p><p>★ TEACHER TIP<br>Make sure students are practicing typing skills and typing narrations and compositions regularly.</p>","","https://planning.alveary.org/links.html?id=recC9nRRdwTdgzeDi","Lesson","0","FALSE"
"alveary-recC9nRRdwTdgzeDi","Import is Current","alveary-tracker-recC9nRRdwTdgzeDi-34-1","34","1","15m Written Narration: Grade 7 - Lesson 199","<p>➜ WRITTEN NARRATION<br>Complete six written narrations this week. The rest will be oral narrations to yourself or your teacher. See the intro pages of the lesson plans for ideas on how to keep narrations varied and interesting!</p><p>★ TEACHER TIP<br>Make sure students are practicing typing skills and typing narrations and compositions regularly.</p>","","https://planning.alveary.org/links.html?id=recC9nRRdwTdgzeDi","Lesson","0","FALSE"
"alveary-recC9nRRdwTdgzeDi","Import is Current","alveary-tracker-recC9nRRdwTdgzeDi-34-2","34","2","15m Written Narration: Grade 7 - Lesson 200","<p>➜ WRITTEN NARRATION<br>Complete six written narrations this week. The rest will be oral narrations to yourself or your teacher. See the intro pages of the lesson plans for ideas on how to keep narrations varied and interesting!</p><p>★ TEACHER TIP<br>Make sure students are practicing typing skills and typing narrations and compositions regularly.</p>","","https://planning.alveary.org/links.html?id=recC9nRRdwTdgzeDi","Lesson","0","FALSE"
"alveary-recC9nRRdwTdgzeDi","Import is Current","alveary-tracker-recC9nRRdwTdgzeDi-34-3","34","3","15m Written Narration: Grade 7 - Lesson 201","<p>➜ WRITTEN NARRATION<br>Complete six written narrations this week. The rest will be oral narrations to yourself or your teacher. See the intro pages of the lesson plans for ideas on how to keep narrations varied and interesting!</p><p>★ TEACHER TIP<br>Make sure students are practicing typing skills and typing narrations and compositions regularly.</p>","","https://planning.alveary.org/links.html?id=recC9nRRdwTdgzeDi","Lesson","0","FALSE"
"alveary-recC9nRRdwTdgzeDi","Import is Current","alveary-tracker-recC9nRRdwTdgzeDi-34-4","34","4","15m Written Narration: Grade 7 - Lesson 202","<p>➜ WRITTEN NARRATION<br>Complete six written narrations this week. The rest will be oral narrations to yourself or your teacher. See the intro pages of the lesson plans for ideas on how to keep narrations varied and interesting!</p><p>★ TEACHER TIP<br>Make sure students are practicing typing skills and typing narrations and compositions regularly.</p>","","https://planning.alveary.org/links.html?id=recC9nRRdwTdgzeDi","Lesson","0","FALSE"
"alveary-recC9nRRdwTdgzeDi","Import is Current","alveary-tracker-recC9nRRdwTdgzeDi-34-5","34","5","15m Written Narration: Grade 7 - Lesson 203","<p>➜ WRITTEN NARRATION<br>Complete six written narrations this week. The rest will be oral narrations to yourself or your teacher. See the intro pages of the lesson plans for ideas on how to keep narrations varied and interesting!</p><p>★ TEACHER TIP<br>Make sure students are practicing typing skills and typing narrations and compositions regularly.</p>","","https://planning.alveary.org/links.html?id=recC9nRRdwTdgzeDi","Lesson","0","FALSE"
"alveary-recC9nRRdwTdgzeDi","Import is Current","alveary-tracker-recC9nRRdwTdgzeDi-34-6","34","6","15m Written Narration: Grade 7 - Lesson 204","<p>➜ WRITTEN NARRATION<br>Complete six written narrations this week. The rest will be oral narrations to yourself or your teacher. See the intro pages of the lesson plans for ideas on how to keep narrations varied and interesting!</p><p>★ TEACHER TIP<br>Make sure students are practicing typing skills and typing narrations and compositions regularly.</p>","","https://planning.alveary.org/links.html?id=recC9nRRdwTdgzeDi","Lesson","0","FALSE"
"alveary-recC9nRRdwTdgzeDi","Import is Current","alveary-tracker-recC9nRRdwTdgzeDi-35-1","35","1","15m Written Narration: Grade 7 - Lesson 205","<p>➜ WRITTEN NARRATION<br>Complete six written narrations this week. The rest will be oral narrations to yourself or your teacher. See the intro pages of the lesson plans for ideas on how to keep narrations varied and interesting!</p><p>★ TEACHER TIP<br>Make sure students are practicing typing skills and typing narrations and compositions regularly.</p>","","https://planning.alveary.org/links.html?id=recC9nRRdwTdgzeDi","Lesson","0","FALSE"
"alveary-recC9nRRdwTdgzeDi","Import is Current","alveary-tracker-recC9nRRdwTdgzeDi-35-2","35","2","15m Written Narration: Grade 7 - Lesson 206","<p>➜ WRITTEN NARRATION<br>Complete six written narrations this week. The rest will be oral narrations to yourself or your teacher. See the intro pages of the lesson plans for ideas on how to keep narrations varied and interesting!</p><p>★ TEACHER TIP<br>Make sure students are practicing typing skills and typing narrations and compositions regularly.</p>","","https://planning.alveary.org/links.html?id=recC9nRRdwTdgzeDi","Lesson","0","FALSE"
"alveary-recC9nRRdwTdgzeDi","Import is Current","alveary-tracker-recC9nRRdwTdgzeDi-35-3","35","3","15m Written Narration: Grade 7 - Lesson 207","<p>➜ WRITTEN NARRATION<br>Complete six written narrations this week. The rest will be oral narrations to yourself or your teacher. See the intro pages of the lesson plans for ideas on how to keep narrations varied and interesting!</p><p>★ TEACHER TIP<br>Make sure students are practicing typing skills and typing narrations and compositions regularly.</p>","","https://planning.alveary.org/links.html?id=recC9nRRdwTdgzeDi","Lesson","0","FALSE"
"alveary-recC9nRRdwTdgzeDi","Import is Current","alveary-tracker-recC9nRRdwTdgzeDi-35-4","35","4","15m Written Narration: Grade 7 - Lesson 208","<p>➜ WRITTEN NARRATION<br>Complete six written narrations this week. The rest will be oral narrations to yourself or your teacher. See the intro pages of the lesson plans for ideas on how to keep narrations varied and interesting!</p><p>★ TEACHER TIP<br>Make sure students are practicing typing skills and typing narrations and compositions regularly.</p>","","https://planning.alveary.org/links.html?id=recC9nRRdwTdgzeDi","Lesson","0","FALSE"
"alveary-recC9nRRdwTdgzeDi","Import is Current","alveary-tracker-recC9nRRdwTdgzeDi-35-5","35","5","15m Written Narration: Grade 7 - Lesson 209","<p>➜ WRITTEN NARRATION<br>Complete six written narrations this week. The rest will be oral narrations to yourself or your teacher. See the intro pages of the lesson plans for ideas on how to keep narrations varied and interesting!</p><p>★ TEACHER TIP<br>Make sure students are practicing typing skills and typing narrations and compositions regularly.</p>","","https://planning.alveary.org/links.html?id=recC9nRRdwTdgzeDi","Lesson","0","FALSE"
"alveary-recC9nRRdwTdgzeDi","Import is Current","alveary-tracker-recC9nRRdwTdgzeDi-35-6","35","6","15m Written Narration: Grade 7 - Lesson 210","<p>➜ WRITTEN NARRATION<br>Complete six written narrations this week. The rest will be oral narrations to yourself or your teacher. See the intro pages of the lesson plans for ideas on how to keep narrations varied and interesting!</p><p>★ TEACHER TIP<br>Make sure students are practicing typing skills and typing narrations and compositions regularly.</p>","","https://planning.alveary.org/links.html?id=recC9nRRdwTdgzeDi","Lesson","0","FALSE"
"alveary-recC9nRRdwTdgzeDi","Import is Current","alveary-tracker-recC9nRRdwTdgzeDi-36-1","36","1","15m Written Narration: Grade 7 - Lesson 211","<p>➜ EXAMS<br>Answer question(s) related to course.</p>","","https://planning.alveary.org/links.html?id=recC9nRRdwTdgzeDi","Exam","0","FALSE"
"alveary-recC9nRRdwTdgzeDi","Import is Current","alveary-tracker-recC9nRRdwTdgzeDi-36-2","36","2","15m Written Narration: Grade 7 - Lesson 212","<p>➜ EXAMS<br>Answer question(s) related to course.</p>","","https://planning.alveary.org/links.html?id=recC9nRRdwTdgzeDi","Exam","0","FALSE"
"alveary-recC9nRRdwTdgzeDi","Import is Current","alveary-tracker-recC9nRRdwTdgzeDi-36-3","36","3","15m Written Narration: Grade 7 - Lesson 213","<p>➜ EXAMS<br>Answer question(s) related to course.</p>","","https://planning.alveary.org/links.html?id=recC9nRRdwTdgzeDi","Exam","0","FALSE"
"alveary-recC9nRRdwTdgzeDi","Import is Current","alveary-tracker-recC9nRRdwTdgzeDi-36-4","36","4","15m Written Narration: Grade 7 - Lesson 214","<p>➜ EXAMS<br>Answer question(s) related to course.</p>","","https://planning.alveary.org/links.html?id=recC9nRRdwTdgzeDi","Exam","0","FALSE"
"alveary-recC9nRRdwTdgzeDi","Import is Current","alveary-tracker-recC9nRRdwTdgzeDi-36-5","36","5","15m Written Narration: Grade 7 - Lesson 215","<p>➜ EXAMS<br>Answer question(s) related to course.</p>","","https://planning.alveary.org/links.html?id=recC9nRRdwTdgzeDi","Exam","0","FALSE"
"alveary-recC9nRRdwTdgzeDi","Import is Current","alveary-tracker-recC9nRRdwTdgzeDi-36-6","36","6","15m Written Narration: Grade 7 - Lesson 216","<p>➜ EXAMS<br>Answer question(s) related to course.</p>","","https://planning.alveary.org/links.html?id=recC9nRRdwTdgzeDi","Exam","0","FALSE"
