"course_custom_id","syllabird_status","assignment_custom_id","assignment_week","assignment_day","assignment_name","assignment_description","assignment_teachersNote","assignment_linksUrl","assignment_type","assignment_duration","assignment_graded"
"alveary-recvfB9zd1vOwauPP-g4-6","Import is Current","alveary-recyBq4vTjXU9fX13-g4-6","1","1","20m Spanish Picture Study – Lesson 1","<h2>Materials</h2><p>⍞ Materials: Cuadros de Familia p.4-5, Student Notebook</p>
<h2>Preparation</h2><p>➜ PREP <br> ⬚ Review instructions on teaching Picture Study Lessons.<br> ⬚ Preview Lesson &amp; Audio/Video Links</p>
<h2>Phrase of the Week</h2><p>➜ PHRASE OF THE WEEK<br>¡Hola, amigos! -  Hello friends!</p>
<h2>Lesson</h2><p>➜ RECAP <br> ⬚ Recall what you learned in the previous lesson.</p><p>➜ LESSON <br> ⬚ Play Audio/Video Links &amp; Follow Along<br> ⬚ Introduce/Practice Picture Study Vocabulary <br> ⬚ Introduce/Practice Narration Sentences</p>
<p><a href=""https://planning.alveary.org/pdf/modern-language/individual-lessons/recyBq4vTjXU9fX13.pdf"">Click here to view charts and additional lesson information.</a></p>
<p><a href=""https://planning.alveary.org/links.html?id=recvfB9zd1vOwauPP&amp;term=1&amp;week=1"">Click here to view video/audio links.</a></p>","","https://planning.alveary.org/links.html?id=recvfB9zd1vOwauPP&term=1&week=1","Lesson","0","FALSE"
"alveary-recvfB9zd1vOwauPP-g4-6","Import is Current","alveary-recHUPSSkoa5pWAqp-g4-6","2","1","20m Spanish Picture Study – Lesson 2","<h2>Materials</h2><p>⍞ Materials: Cuadros de Familia p.4-5, Student Notebook</p>
<h2>Preparation</h2><p>➜ PREP <br> ⬚ Review instructions on teaching Picture Study Lessons.<br> ⬚ Preview Lesson &amp; Audio/Video Links</p>
<h2>Phrase of the Week</h2><p>➜ PHRASE OF THE WEEK<br>Buenos días, maestra. - Good morning, teacher.</p>
<h2>Lesson</h2><p>➜ RECAP <br> ⬚ Recall what you learned in the previous lesson.</p><p>➜ LESSON <br> ⬚ Play Audio/Video Links &amp; Follow Along<br> ⬚ Review &amp; Practice Picture Study Vocabulary <br> ⬚ Review &amp; Practice Narration Sentences</p>
<p><a href=""https://planning.alveary.org/pdf/modern-language/individual-lessons/recHUPSSkoa5pWAqp.pdf"">Click here to view charts and additional lesson information.</a></p>
<p><a href=""https://planning.alveary.org/links.html?id=recvfB9zd1vOwauPP&amp;term=1&amp;week=2"">Click here to view video/audio links.</a></p>","","https://planning.alveary.org/links.html?id=recvfB9zd1vOwauPP&term=1&week=2","Lesson","0","FALSE"
"alveary-recvfB9zd1vOwauPP-g4-6","Import is Current","alveary-recA2DHjqQEBw5IFU-g4-6","3","1","20m Spanish Picture Study – Lesson 3","<h2>Materials</h2><p>⍞ Materials: Cuadros de Familia p.4-5, Student Notebook</p>
<h2>Preparation</h2><p>➜ PREP <br> ⬚ Review instructions on teaching Picture Study Lessons.<br> ⬚ Preview Lesson &amp; Audio/Video Links</p>
<h2>Phrase of the Week</h2><p>➜ PHRASE OF THE WEEK<br>Buenas noches, mamá. - Good night, mom.</p>
<h2>Lesson</h2><p>➜ RECAP <br> ⬚ Recall what you learned in the previous lesson.</p><p>➜ LESSON <br> ⬚ Play Audio/Video Links &amp; Follow Along<br> ⬚ Introduce/Practice Picture Study Vocabulary <br> ⬚ Introduce/Practice Narration Sentences</p>
<p><a href=""https://planning.alveary.org/pdf/modern-language/individual-lessons/recA2DHjqQEBw5IFU.pdf"">Click here to view charts and additional lesson information.</a></p>
<p><a href=""https://planning.alveary.org/links.html?id=recvfB9zd1vOwauPP&amp;term=1&amp;week=3"">Click here to view video/audio links.</a></p>","","https://planning.alveary.org/links.html?id=recvfB9zd1vOwauPP&term=1&week=3","Lesson","0","FALSE"
"alveary-recvfB9zd1vOwauPP-g4-6","Import is Current","alveary-rec8YRUiYxzqaenui-g4-6","4","1","20m Spanish Picture Study – Lesson 4","<h2>Materials</h2><p>⍞ Materials: Cuadros de Familia p.4-5, Student Notebook</p>
<h2>Preparation</h2><p>➜ PREP <br> ⬚ Review instructions on teaching Picture Study Lessons.<br> ⬚ Preview Lesson &amp; Audio/Video Links</p>
<h2>Phrase of the Week</h2><p>➜ PHRASE OF THE WEEK<br>Duermo toda la noche. - I sleep all night.</p>
<h2>Lesson</h2><p>➜ RECAP <br> ⬚ Recall what you learned in the previous lesson.</p><p>➜ LESSON <br> ⬚ Play Audio/Video Links &amp; Follow Along<br> ⬚ Review &amp; Practice Picture Study Vocabulary <br> ⬚ Review &amp; Practice Narration Sentences</p>
<p><a href=""https://planning.alveary.org/pdf/modern-language/individual-lessons/rec8YRUiYxzqaenui.pdf"">Click here to view charts and additional lesson information.</a></p>
<p><a href=""https://planning.alveary.org/links.html?id=recvfB9zd1vOwauPP&amp;term=1&amp;week=4"">Click here to view video/audio links.</a></p>","","https://planning.alveary.org/links.html?id=recvfB9zd1vOwauPP&term=1&week=4","Lesson","0","FALSE"
"alveary-recvfB9zd1vOwauPP-g4-6","Import is Current","alveary-recvBJ743G3xNDUJT-g4-6","5","1","20m Spanish Picture Study – Lesson 5","<h2>Materials</h2><p>⍞ Materials: Cuadros de Familia p.4-5, Student Notebook</p>
<h2>Preparation</h2><p>➜ PREP <br> ⬚ Review Picture Study Lesson Weeks 1-4<br> ⬚ Preview Cultural Study Video Links</p>
<h2>Phrase of the Week</h2><p>➜ PHRASE OF THE WEEK<br>Gracias por tu ayuda. - Thank you for your help.</p>
<h2>Lesson</h2><p>➜ RECAP <br> ⬚ Recall what you learned in the previous lesson.</p><p>➜ LESSON <br> ⬚ Review Picture Study Vocabulary using gestures/pointing (TPR).	<br>      Have students point to the images in the Picture Book as they say the <br>      coordinating vocab words. <br>  ⬚ Review Picture Study Narration Sentences  <br>  ⬚ Read Cultural Study Introduction<br>  ⬚ View, Narrate &amp; Discuss Cultural Videos</p>
<h2>Additional Notes</h2><p>➜ Cultural Topic - La Feria<br>Most Spanish speaking countries celebrate regional “ferias” or fairs.  Historically they were a method of exchange and market for agricultural or livestock seasons. They usually include food, music, entertainment, religious and artisanal aspects.  They are bright, colorful and typically run for several days</p><p>∞ Video Link: [Feria de Sevilla](https://www.youtube.com/watch?v=aeHaioZ0vbc), Spain: 8 minutes<br>∞ Video Link: [Feria de Tonatico](https://www.youtube.com/watch?v=ARJB0f5K1_0), Mexico: 10 minutes <br>Tip: You may need to adjust your settings to display English subtitles.</p>
<p><a href=""https://planning.alveary.org/pdf/modern-language/individual-lessons/recvBJ743G3xNDUJT.pdf"">Click here to view charts and additional lesson information.</a></p>
<p><a href=""https://planning.alveary.org/links.html?id=recvfB9zd1vOwauPP&amp;term=1&amp;week=5"">Click here to view video/audio links.</a></p>","","https://planning.alveary.org/links.html?id=recvfB9zd1vOwauPP&term=1&week=5","Lesson","0","FALSE"
"alveary-recvfB9zd1vOwauPP-g4-6","Import is Current","alveary-recJNBaNTDNqHdRJZ-g4-6","6","1","20m Spanish Picture Study – Lesson 6","<h2>Materials</h2><p>⍞ Materials: Cuadros de Familia p.6-7, Student Notebook</p>
<h2>Preparation</h2><p>➜ PREP <br> ⬚ Review instructions on teaching Picture Study Lessons.<br> ⬚ Preview Lesson &amp; Audio/Video Links</p>
<h2>Phrase of the Week</h2><p>➜ PHRASE OF THE WEEK<br>¿Puedes repetir? - Can you repeat?</p>
<h2>Lesson</h2><p>➜ RECAP <br> ⬚ Recall what you learned in the previous lesson.</p><p>➜ LESSON <br> ⬚ Play Audio/Video Links &amp; Follow Along<br> ⬚ Introduce/Practice Picture Study Vocabulary <br> ⬚ Introduce/Practice Narration Sentences</p>
<p><a href=""https://planning.alveary.org/pdf/modern-language/individual-lessons/recJNBaNTDNqHdRJZ.pdf"">Click here to view charts and additional lesson information.</a></p>
<p><a href=""https://planning.alveary.org/links.html?id=recvfB9zd1vOwauPP&amp;term=1&amp;week=6"">Click here to view video/audio links.</a></p>","","https://planning.alveary.org/links.html?id=recvfB9zd1vOwauPP&term=1&week=6","Lesson","0","FALSE"
"alveary-recvfB9zd1vOwauPP-g4-6","Import is Current","alveary-reckxgFlXj4jcAYIt-g4-6","7","1","20m Spanish Picture Study – Lesson 7","<h2>Materials</h2><p>⍞ Materials: Cuadros de Familia p.6-7, Student Notebook</p>
<h2>Preparation</h2><p>➜ PREP <br> ⬚ Review instructions on teaching Picture Study Lessons.<br> ⬚ Preview Lesson &amp; Audio/Video Links</p>
<h2>Phrase of the Week</h2><p>➜ PHRASE OF THE WEEK<br>Lo siento mucho. -  I am very sorry.</p>
<h2>Lesson</h2><p>➜ RECAP <br> ⬚ Recall what you learned in the previous lesson.</p><p>➜ LESSON <br> ⬚ Play Audio/Video Links &amp; Follow Along<br> ⬚ Review &amp; Practice Picture Study Vocabulary <br> ⬚ Review &amp; Practice Narration Sentences</p>
<p><a href=""https://planning.alveary.org/pdf/modern-language/individual-lessons/reckxgFlXj4jcAYIt.pdf"">Click here to view charts and additional lesson information.</a></p>
<p><a href=""https://planning.alveary.org/links.html?id=recvfB9zd1vOwauPP&amp;term=1&amp;week=7"">Click here to view video/audio links.</a></p>","","https://planning.alveary.org/links.html?id=recvfB9zd1vOwauPP&term=1&week=7","Lesson","0","FALSE"
"alveary-recvfB9zd1vOwauPP-g4-6","Import is Current","alveary-recCbJunVVEwctfjG-g4-6","8","1","20m Spanish Picture Study – Lesson 8","<h2>Materials</h2><p>⍞ Materials: Cuadros de Familia p.6-7, Student Notebook</p>
<h2>Preparation</h2><p>➜ PREP <br> ⬚ Review instructions on teaching Picture Study Lessons.<br> ⬚ Preview Lesson &amp; Audio/Video Links</p>
<h2>Phrase of the Week</h2><p>➜ PHRASE OF THE WEEK<br>Me gusta leer libros. - I like to read books.</p>
<h2>Lesson</h2><p>➜ RECAP <br> ⬚ Recall what you learned in the previous lesson.</p><p>➜ LESSON <br> ⬚ Play Audio/Video Links &amp; Follow Along<br> ⬚ Introduce/Practice Picture Study Vocabulary <br> ⬚ Introduce/Practice Narration Sentences</p>
<p><a href=""https://planning.alveary.org/pdf/modern-language/individual-lessons/recCbJunVVEwctfjG.pdf"">Click here to view charts and additional lesson information.</a></p>
<p><a href=""https://planning.alveary.org/links.html?id=recvfB9zd1vOwauPP&amp;term=1&amp;week=8"">Click here to view video/audio links.</a></p>","","https://planning.alveary.org/links.html?id=recvfB9zd1vOwauPP&term=1&week=8","Lesson","0","FALSE"
"alveary-recvfB9zd1vOwauPP-g4-6","Import is Current","alveary-recN6DK0dL74BmbQg-g4-6","9","1","20m Spanish Picture Study – Lesson 9","<h2>Materials</h2><p>⍞ Materials: Cuadros de Familia p.6-7, Student Notebook</p>
<h2>Preparation</h2><p>➜ PREP <br> ⬚ Review instructions on teaching Picture Study Lessons.<br> ⬚ Preview Lesson &amp; Audio/Video Links</p>
<h2>Phrase of the Week</h2><p>➜ PHRASE OF THE WEEK<br>Me gusta jugar afuera - I like to play outside.</p>
<h2>Lesson</h2><p>➜ RECAP <br> ⬚ Recall what you learned in the previous lesson.</p><p>➜ LESSON <br> ⬚ Play Audio/Video Links &amp; Follow Along<br> ⬚ Review &amp; Practice Picture Study Vocabulary <br> ⬚ Review &amp; Practice Narration Sentences</p>
<p><a href=""https://planning.alveary.org/pdf/modern-language/individual-lessons/recN6DK0dL74BmbQg.pdf"">Click here to view charts and additional lesson information.</a></p>
<p><a href=""https://planning.alveary.org/links.html?id=recvfB9zd1vOwauPP&amp;term=1&amp;week=9"">Click here to view video/audio links.</a></p>","","https://planning.alveary.org/links.html?id=recvfB9zd1vOwauPP&term=1&week=9","Lesson","0","FALSE"
"alveary-recvfB9zd1vOwauPP-g4-6","Import is Current","alveary-recMwLCfDRW8E0guy-g4-6","10","1","20m Spanish Picture Study – Lesson 10","<h2>Materials</h2><p>⍞ Materials: Cuadros de Familia p.4-7, Student Notebook</p>
<h2>Preparation</h2><p>➜ PREP <br> ⬚ Review Picture Study Lesson Weeks 6-9<br> ⬚ Preview Cultural Study Video Links</p>
<h2>Phrase of the Week</h2><p>➜ PHRASE OF THE WEEK<br>Tengo un perro. - I have a dog.</p>
<h2>Lesson</h2><p>➜ RECAP <br> ⬚ Recall what you learned in the previous lesson.</p><p>➜ LESSON <br> ⬚ Review Picture Study Vocabulary using gestures/pointing (TPR).	<br>      Have students point to the images in the Picture Book as they say the <br>      coordinating vocab words. <br>  ⬚ Review Picture Study Narration Sentences  <br>  ⬚ Read Cultural Study Introduction<br>  ⬚ View, Narrate &amp; Discuss Cultural Videos</p>
<h2>Additional Notes</h2><p>➜ CULTURAL TOPIC - Naranjas<br>In Spanish culture, small portions of the backyard/land are designated for vegetable and fruit patches; these are known as huertos. They are culturally symbolic and practical in homes.  Such things as providing year-round food or shade in mostly desert-like areas, as found in places like Spain or Mexico. They are a source for gathering and tradition.</p><p>∞ Video Link: [Cuidados de Naranja](https://www.youtube.com/watch?v=BaNRNPUziog) (with a grandmother from Spain). The video is in Spanish but enjoy watching her explain her backyard orange tree. Maybe you will pick up some words.<br>∞ Video Link: A short video on a [boy picking up an orange](https://youtube.com/shorts/uNtB91ily0Y?si=ZJ7kMt1j6hUWsevU) from his grandfather’s backyard</p>
<p><a href=""https://planning.alveary.org/pdf/modern-language/individual-lessons/recMwLCfDRW8E0guy.pdf"">Click here to view charts and additional lesson information.</a></p>
<p><a href=""https://planning.alveary.org/links.html?id=recvfB9zd1vOwauPP&amp;term=1&amp;week=10"">Click here to view video/audio links.</a></p>","","https://planning.alveary.org/links.html?id=recvfB9zd1vOwauPP&term=1&week=10","Lesson","0","FALSE"
"alveary-recvfB9zd1vOwauPP-g4-6","Import is Current","alveary-recWPsGkkkS3HlPLN-g4-6","11","1","20m Spanish Picture Study – Lesson 11","<h2>Materials</h2><p>⍞ Materials: Cuadros de Familia p.4-7, Student Notebook</p>
<h2>Preparation</h2><p>➜ PREP<br> ⬚ Review Term Lessons &amp; Content<br> ⬚ Prep or Bookmark Audio/Video Lessons (optional)</p>
<h2>Phrase of the Week</h2><p>➜ PHRASE OF THE WEEK<br>La clase es divertida. - The class is fun.</p>
<h2>Lesson</h2><p>➜ REVIEW<br> ⬚ Review Picture Study Lessons from the term.</p>
<p><a href=""https://planning.alveary.org/pdf/modern-language/individual-lessons/recWPsGkkkS3HlPLN.pdf"">Click here to view charts and additional lesson information.</a></p>
<p><a href=""https://planning.alveary.org/links.html?id=recvfB9zd1vOwauPP&amp;term=1&amp;week=11"">Click here to view video/audio links.</a></p>","","https://planning.alveary.org/links.html?id=recvfB9zd1vOwauPP&term=1&week=11","Lesson","0","FALSE"
"alveary-recvfB9zd1vOwauPP-g4-6","Import is Current","alveary-recllE55sbvh5uKB0-g4-6","12","1","20m Spanish Picture Study – Lesson 12","<h2>Materials</h2><p>⍞ Materials: Cuadros de Familia</p>
<h2>Phrase of the Week</h2><p>➜ PHRASE OF THE WEEK<br> -</p>
<h2>Lesson</h2><p>➜ EXAMS<br>Answer questions related to course.</p><p>Questions will come from Course Materials</p>
<p><a href=""https://planning.alveary.org/pdf/modern-language/individual-lessons/recllE55sbvh5uKB0.pdf"">Click here to view charts and additional lesson information.</a></p>
<p><a href=""https://planning.alveary.org/links.html?id=recvfB9zd1vOwauPP"">Click here to view video/audio links.</a></p>","","https://planning.alveary.org/links.html?id=recvfB9zd1vOwauPP","Lesson","0","FALSE"
"alveary-recvfB9zd1vOwauPP-g4-6","Import is Current","alveary-recPuzMcCSPq4Ft1s-g4-6","13","1","20m Spanish Picture Study – Lesson 13","<h2>Materials</h2><p>⍞ Materials: Cuadros de Familia p.8-9, Student Notebook</p>
<h2>Preparation</h2><p>➜ PREP <br> ⬚ Review instructions on teaching Picture Study Lessons.<br> ⬚ Preview Lesson &amp; Audio/Video Links</p>
<h2>Phrase of the Week</h2><p>➜ PHRASE OF THE WEEK<br>Vamos a aprender. - Let's learn.</p>
<h2>Lesson</h2><p>➜ RECAP <br> ⬚ Recall what you learned in the previous lesson.</p><p>➜ LESSON <br> ⬚ Play Audio/Video Links &amp; Follow Along<br> ⬚ Introduce/Practice Picture Study Vocabulary <br> ⬚ Introduce/Practice Narration Sentences</p>
<p><a href=""https://planning.alveary.org/pdf/modern-language/individual-lessons/recPuzMcCSPq4Ft1s.pdf"">Click here to view charts and additional lesson information.</a></p>
<p><a href=""https://planning.alveary.org/links.html?id=recvfB9zd1vOwauPP&amp;term=2&amp;week=13"">Click here to view video/audio links.</a></p>","","https://planning.alveary.org/links.html?id=recvfB9zd1vOwauPP&term=2&week=13","Lesson","0","FALSE"
"alveary-recvfB9zd1vOwauPP-g4-6","Import is Current","alveary-reczRZctcRoTSwsXl-g4-6","14","1","20m Spanish Picture Study – Lesson 14","<h2>Materials</h2><p>⍞ Materials: Cuadros de Familia p.8-9, Student Notebook</p>
<h2>Preparation</h2><p>➜ PREP <br> ⬚ Review instructions on teaching Picture Study Lessons.<br> ⬚ Preview Lesson &amp; Audio/Video Links</p>
<h2>Phrase of the Week</h2><p>➜ PHRASE OF THE WEEK<br>Hoy hace sol. - Today it is sunny</p>
<h2>Lesson</h2><p>➜ RECAP <br> ⬚ Recall what you learned in the previous lesson.</p><p>➜ LESSON <br> ⬚ Play Audio/Video Links &amp; Follow Along<br> ⬚ Review &amp; Practice Picture Study Vocabulary <br> ⬚ Review &amp; Practice Narration Sentences</p>
<p><a href=""https://planning.alveary.org/pdf/modern-language/individual-lessons/reczRZctcRoTSwsXl.pdf"">Click here to view charts and additional lesson information.</a></p>
<p><a href=""https://planning.alveary.org/links.html?id=recvfB9zd1vOwauPP&amp;term=2&amp;week=14"">Click here to view video/audio links.</a></p>","","https://planning.alveary.org/links.html?id=recvfB9zd1vOwauPP&term=2&week=14","Lesson","0","FALSE"
"alveary-recvfB9zd1vOwauPP-g4-6","Import is Current","alveary-rec5QwyIp7cdA83MT-g4-6","15","1","20m Spanish Picture Study – Lesson 15","<h2>Materials</h2><p>⍞ Materials: Cuadros de Familia p.8-9, Student Notebook</p>
<h2>Preparation</h2><p>➜ PREP <br> ⬚ Review instructions on teaching Picture Study Lessons.<br> ⬚ Preview Lesson &amp; Audio/Video Links</p>
<h2>Phrase of the Week</h2><p>➜ PHRASE OF THE WEEK<br>Juego con mis amigos. - I play with my friends.</p>
<h2>Lesson</h2><p>➜ RECAP <br> ⬚ Recall what you learned in the previous lesson.</p><p>➜ LESSON <br> ⬚ Play Audio/Video Links &amp; Follow Along<br> ⬚ Introduce/Practice Picture Study Vocabulary <br> ⬚ Introduce/Practice Narration Sentences</p>
<p><a href=""https://planning.alveary.org/pdf/modern-language/individual-lessons/rec5QwyIp7cdA83MT.pdf"">Click here to view charts and additional lesson information.</a></p>
<p><a href=""https://planning.alveary.org/links.html?id=recvfB9zd1vOwauPP&amp;term=2&amp;week=15"">Click here to view video/audio links.</a></p>","","https://planning.alveary.org/links.html?id=recvfB9zd1vOwauPP&term=2&week=15","Lesson","0","FALSE"
"alveary-recvfB9zd1vOwauPP-g4-6","Import is Current","alveary-recoApGmSvpUMi8nr-g4-6","16","1","20m Spanish Picture Study – Lesson 16","<h2>Materials</h2><p>⍞ Materials: Cuadros de Familia p.8-9, Student Notebook</p>
<h2>Preparation</h2><p>➜ PREP <br> ⬚ Review instructions on teaching Picture Study Lessons.<br> ⬚ Preview Lesson &amp; Audio/Video Links</p>
<h2>Phrase of the Week</h2><p>➜ PHRASE OF THE WEEK<br>Estoy feliz hoy. - I am happy today.</p>
<h2>Lesson</h2><p>➜ RECAP <br> ⬚ Recall what you learned in the previous lesson.</p><p>➜ LESSON <br> ⬚ Play Audio/Video Links &amp; Follow Along<br> ⬚ Review &amp; Practice Picture Study Vocabulary <br> ⬚ Review &amp; Practice Narration Sentences</p>
<p><a href=""https://planning.alveary.org/pdf/modern-language/individual-lessons/recoApGmSvpUMi8nr.pdf"">Click here to view charts and additional lesson information.</a></p>
<p><a href=""https://planning.alveary.org/links.html?id=recvfB9zd1vOwauPP&amp;term=2&amp;week=16"">Click here to view video/audio links.</a></p>","","https://planning.alveary.org/links.html?id=recvfB9zd1vOwauPP&term=2&week=16","Lesson","0","FALSE"
"alveary-recvfB9zd1vOwauPP-g4-6","Import is Current","alveary-recopL3asYd0vU1tq-g4-6","17","1","20m Spanish Picture Study – Lesson 17","<h2>Materials</h2><p>⍞ Materials: Cuadros de Familia p.8-9, Student Notebook</p>
<h2>Preparation</h2><p>➜ PREP <br> ⬚ Review Picture Study Lesson Weeks 1-4<br> ⬚ Preview Cultural Study Video Links</p>
<h2>Phrase of the Week</h2><p>➜ PHRASE OF THE WEEK<br>Me gusta el color azul. - I like the color blue.</p>
<h2>Lesson</h2><p>➜ RECAP <br> ⬚ Recall what you learned in the previous lesson.</p><p>➜ LESSON <br> ⬚ Review Picture Study Vocabulary using gestures/pointing (TPR).	<br>      Have students point to the images in the Picture Book as they say the <br>      coordinating vocab words. <br>  ⬚ Review Picture Study Narration Sentences  <br>  ⬚ Read Cultural Study Introduction<br>  ⬚ View, Narrate &amp; Discuss Cultural Videos</p>
<h2>Additional Notes</h2><p>➜ CULTURAL TOPIC - Gallinas<br>Introduction of chickens to Latin American countries provided a good source of protein for families in the form of meat and eggs.  The keeping of chickens continues in many households as a form of maintaining cultural and practical traditions.</p><p>∞ Video Link: [Raising chickens in Ecuador](https://www.youtube.com/watch?v=-Dhrv3CUXGc), 3 minutes</p>
<p><a href=""https://planning.alveary.org/pdf/modern-language/individual-lessons/recopL3asYd0vU1tq.pdf"">Click here to view charts and additional lesson information.</a></p>
<p><a href=""https://planning.alveary.org/links.html?id=recvfB9zd1vOwauPP&amp;term=2&amp;week=17"">Click here to view video/audio links.</a></p>","","https://planning.alveary.org/links.html?id=recvfB9zd1vOwauPP&term=2&week=17","Lesson","0","FALSE"
"alveary-recvfB9zd1vOwauPP-g4-6","Import is Current","alveary-recMGTynin4BsM6bR-g4-6","18","1","20m Spanish Picture Study – Lesson 18","<h2>Materials</h2><p>⍞ Materials: Cuadros de Familia p.10-11, Student Notebook</p>
<h2>Preparation</h2><p>➜ PREP <br> ⬚ Review instructions on teaching Picture Study Lessons.<br> ⬚ Preview Lesson &amp; Audio/Video Links</p>
<h2>Phrase of the Week</h2><p>➜ PHRASE OF THE WEEK<br>Me levanto temprano. - I wake up early.</p>
<h2>Lesson</h2><p>➜ RECAP <br> ⬚ Recall what you learned in the previous lesson.</p><p>➜ LESSON <br> ⬚ Play Audio/Video Links &amp; Follow Along<br> ⬚ Introduce/Practice Picture Study Vocabulary <br> ⬚ Introduce/Practice Narration Sentences</p>
<p><a href=""https://planning.alveary.org/pdf/modern-language/individual-lessons/recMGTynin4BsM6bR.pdf"">Click here to view charts and additional lesson information.</a></p>
<p><a href=""https://planning.alveary.org/links.html?id=recvfB9zd1vOwauPP&amp;term=2&amp;week=18"">Click here to view video/audio links.</a></p>","","https://planning.alveary.org/links.html?id=recvfB9zd1vOwauPP&term=2&week=18","Lesson","0","FALSE"
"alveary-recvfB9zd1vOwauPP-g4-6","Import is Current","alveary-recX443N9GUroIUnI-g4-6","19","1","20m Spanish Picture Study – Lesson 19","<h2>Materials</h2><p>⍞ Materials: Cuadros de Familia p.10-11, Student Notebook</p>
<h2>Preparation</h2><p>➜ PREP <br> ⬚ Review instructions on teaching Picture Study Lessons.<br> ⬚ Preview Lesson &amp; Audio/Video Links</p>
<h2>Phrase of the Week</h2><p>➜ PHRASE OF THE WEEK<br>Adiós, hasta mañana. - Goodbye, see you tomorrow.</p>
<h2>Lesson</h2><p>➜ RECAP <br> ⬚ Recall what you learned in the previous lesson.</p><p>➜ LESSON <br> ⬚ Play Audio/Video Links &amp; Follow Along<br> ⬚ Review &amp; Practice Picture Study Vocabulary <br> ⬚ Review &amp; Practice Narration Sentences</p>
<p><a href=""https://planning.alveary.org/pdf/modern-language/individual-lessons/recX443N9GUroIUnI.pdf"">Click here to view charts and additional lesson information.</a></p>
<p><a href=""https://planning.alveary.org/links.html?id=recvfB9zd1vOwauPP&amp;term=2&amp;week=19"">Click here to view video/audio links.</a></p>","","https://planning.alveary.org/links.html?id=recvfB9zd1vOwauPP&term=2&week=19","Lesson","0","FALSE"
"alveary-recvfB9zd1vOwauPP-g4-6","Import is Current","alveary-recTugAx8w237Uw9c-g4-6","20","1","20m Spanish Picture Study – Lesson 20","<h2>Materials</h2><p>⍞ Materials: Cuadros de Familia p.10-11, Student Notebook</p>
<h2>Preparation</h2><p>➜ PREP <br> ⬚ Review instructions on teaching Picture Study Lessons.<br> ⬚ Preview Lesson &amp; Audio/Video Links</p>
<h2>Phrase of the Week</h2><p>➜ PHRASE OF THE WEEK<br>Me lavo las manos - I wash my hands.</p>
<h2>Lesson</h2><p>➜ RECAP <br> ⬚ Recall what you learned in the previous lesson.</p><p>➜ LESSON <br> ⬚ Play Audio/Video Links &amp; Follow Along<br> ⬚ Introduce/Practice Picture Study Vocabulary <br> ⬚ Introduce/Practice Narration Sentences</p>
<p><a href=""https://planning.alveary.org/pdf/modern-language/individual-lessons/recTugAx8w237Uw9c.pdf"">Click here to view charts and additional lesson information.</a></p>
<p><a href=""https://planning.alveary.org/links.html?id=recvfB9zd1vOwauPP&amp;term=2&amp;week=20"">Click here to view video/audio links.</a></p>","","https://planning.alveary.org/links.html?id=recvfB9zd1vOwauPP&term=2&week=20","Lesson","0","FALSE"
"alveary-recvfB9zd1vOwauPP-g4-6","Import is Current","alveary-receMzwoMkbKxOpKD-g4-6","21","1","20m Spanish Picture Study – Lesson 21","<h2>Materials</h2><p>⍞ Materials: Cuadros de Familia p.10-11, Student Notebook</p>
<h2>Preparation</h2><p>➜ PREP <br> ⬚ Review instructions on teaching Picture Study Lessons.<br> ⬚ Preview Lesson &amp; Audio/Video Links</p>
<h2>Phrase of the Week</h2><p>➜ PHRASE OF THE WEEK<br>Me cepillo los dientes - I brush my teeth.</p>
<h2>Lesson</h2><p>➜ RECAP <br> ⬚ Recall what you learned in the previous lesson.</p><p>➜ LESSON <br> ⬚ Play Audio/Video Links &amp; Follow Along<br> ⬚ Review &amp; Practice Picture Study Vocabulary <br> ⬚ Review &amp; Practice Narration Sentences</p>
<p><a href=""https://planning.alveary.org/pdf/modern-language/individual-lessons/receMzwoMkbKxOpKD.pdf"">Click here to view charts and additional lesson information.</a></p>
<p><a href=""https://planning.alveary.org/links.html?id=recvfB9zd1vOwauPP&amp;term=2&amp;week=21"">Click here to view video/audio links.</a></p>","","https://planning.alveary.org/links.html?id=recvfB9zd1vOwauPP&term=2&week=21","Lesson","0","FALSE"
"alveary-recvfB9zd1vOwauPP-g4-6","Import is Current","alveary-recCSSfTrnapqsxZj-g4-6","22","1","20m Spanish Picture Study – Lesson 22","<h2>Materials</h2><p>⍞ Materials: Cuadros de Familia p.10-11, Student Notebook</p>
<h2>Preparation</h2><p>➜ PREP <br> ⬚ Review Picture Study Lesson Weeks 6-9<br> ⬚ Preview Cultural Study Video Links</p>
<h2>Phrase of the Week</h2><p>➜ PHRASE OF THE WEEK<br>Desayuno en la mañana. - I eat breakfast in the morning.</p>
<h2>Lesson</h2><p>➜ RECAP <br> ⬚ Recall what you learned in the previous lesson.</p><p>➜ LESSON <br> ⬚ Review Picture Study Vocabulary using gestures/pointing (TPR).	<br>      Have students point to the images in the Picture Book as they say the <br>      coordinating vocab words. <br>  ⬚ Review Picture Study Narration Sentences  <br>  ⬚ Read Cultural Study Introduction<br>  ⬚ View, Narrate &amp; Discuss Cultural Videos</p>
<h2>Additional Notes</h2><p>➜ CULTURAL TOPIC - Feliz Cumpleaños<br>Celebrations of birthdays in Spanish culture still maintain many traditions dating decades and with variations based on the country. Celebrations are typically multi-generational, bringing together large extended families</p><p>∞ Video Link: The following [video](https://www.youtube.com/watch?v=1KoVOiIwk7A) does a wonderful job of explaining many of the Mexican birthday traditions as experienced by an American girl living in Mexico.<br>∞ Video Link: This [video](https://www.youtube.com/watch?v=zDfLQz-zmzA&amp;t=21s) is also has a good explanation of birthday traditions but the speaker explains in Spanish and the words are subtitled in English</p>
<p><a href=""https://planning.alveary.org/pdf/modern-language/individual-lessons/recCSSfTrnapqsxZj.pdf"">Click here to view charts and additional lesson information.</a></p>
<p><a href=""https://planning.alveary.org/links.html?id=recvfB9zd1vOwauPP&amp;term=2&amp;week=22"">Click here to view video/audio links.</a></p>","","https://planning.alveary.org/links.html?id=recvfB9zd1vOwauPP&term=2&week=22","Lesson","0","FALSE"
"alveary-recvfB9zd1vOwauPP-g4-6","Import is Current","alveary-recuy2Uowj1CodwvD-g4-6","23","1","20m Spanish Picture Study – Lesson 23","<h2>Materials</h2><p>⍞ Materials: Cuadros de Familia p.8-11, Student Notebook</p>
<h2>Preparation</h2><p>➜ PREP<br> ⬚ Review Term Lessons &amp; Content<br> ⬚ Prep or Bookmark Audio/Video Lessons (optional)</p>
<h2>Phrase of the Week</h2><p>➜ PHRASE OF THE WEEK<br>Me siento en mi silla. - I sit in my chair.</p>
<h2>Lesson</h2><p>➜ REVIEW<br> ⬚ Review Picture Study Lessons from the term.</p>
<p><a href=""https://planning.alveary.org/pdf/modern-language/individual-lessons/recuy2Uowj1CodwvD.pdf"">Click here to view charts and additional lesson information.</a></p>
<p><a href=""https://planning.alveary.org/links.html?id=recvfB9zd1vOwauPP&amp;term=2&amp;week=23"">Click here to view video/audio links.</a></p>","","https://planning.alveary.org/links.html?id=recvfB9zd1vOwauPP&term=2&week=23","Lesson","0","FALSE"
"alveary-recvfB9zd1vOwauPP-g4-6","Import is Current","alveary-recfc0073it3fsOdZ-g4-6","24","1","20m Spanish Picture Study – Lesson 24","<h2>Materials</h2><p>⍞ Materials: Cuadros de Familia</p>
<h2>Phrase of the Week</h2><p>➜ PHRASE OF THE WEEK<br> -</p>
<h2>Lesson</h2><p>➜ EXAMS<br>Answer questions related to course.</p><p>Questions will come from Course Materials</p>
<p><a href=""https://planning.alveary.org/pdf/modern-language/individual-lessons/recfc0073it3fsOdZ.pdf"">Click here to view charts and additional lesson information.</a></p>
<p><a href=""https://planning.alveary.org/links.html?id=recvfB9zd1vOwauPP"">Click here to view video/audio links.</a></p>","","https://planning.alveary.org/links.html?id=recvfB9zd1vOwauPP","Lesson","0","FALSE"
"alveary-recvfB9zd1vOwauPP-g4-6","Import is Current","alveary-reck5BVbit2UkdfhC-g4-6","25","1","20m Spanish Picture Study – Lesson 25","<h2>Materials</h2><p>⍞ Materials: Cuadros de Familia p.12-13, Student Notebook</p>
<h2>Preparation</h2><p>➜ PREP <br> ⬚ Review instructions on teaching Picture Study Lessons.<br> ⬚ Preview Lesson &amp; Audio/Video Links</p>
<h2>Phrase of the Week</h2><p>➜ PHRASE OF THE WEEK<br>Como mi almuerzo. - I eat my lunch.</p>
<h2>Lesson</h2><p>➜ RECAP <br> ⬚ Recall what you learned in the previous lesson.</p><p>➜ LESSON <br> ⬚ Play Audio/Video Links &amp; Follow Along<br> ⬚ Introduce/Practice Picture Study Vocabulary <br> ⬚ Introduce/Practice Narration Sentences</p>
<p><a href=""https://planning.alveary.org/pdf/modern-language/individual-lessons/reck5BVbit2UkdfhC.pdf"">Click here to view charts and additional lesson information.</a></p>
<p><a href=""https://planning.alveary.org/links.html?id=recvfB9zd1vOwauPP&amp;term=3&amp;week=25"">Click here to view video/audio links.</a></p>","","https://planning.alveary.org/links.html?id=recvfB9zd1vOwauPP&term=3&week=25","Lesson","0","FALSE"
"alveary-recvfB9zd1vOwauPP-g4-6","Import is Current","alveary-recQGf92avfW5OWFI-g4-6","26","1","20m Spanish Picture Study – Lesson 26","<h2>Materials</h2><p>⍞ Materials: Cuadros de Familia p.12-13, Student Notebook</p>
<h2>Preparation</h2><p>➜ PREP <br> ⬚ Review instructions on teaching Picture Study Lessons.<br> ⬚ Preview Lesson &amp; Audio/Video Links</p>
<h2>Phrase of the Week</h2><p>➜ PHRASE OF THE WEEK<br>Como mi desayuno. - I eat my breakfast.</p>
<h2>Lesson</h2><p>➜ RECAP <br> ⬚ Recall what you learned in the previous lesson.</p><p>➜ LESSON <br> ⬚ Play Audio/Video Links &amp; Follow Along<br> ⬚ Review &amp; Practice Picture Study Vocabulary <br> ⬚ Review &amp; Practice Narration Sentences</p>
<p><a href=""https://planning.alveary.org/pdf/modern-language/individual-lessons/recQGf92avfW5OWFI.pdf"">Click here to view charts and additional lesson information.</a></p>
<p><a href=""https://planning.alveary.org/links.html?id=recvfB9zd1vOwauPP&amp;term=3&amp;week=26"">Click here to view video/audio links.</a></p>","","https://planning.alveary.org/links.html?id=recvfB9zd1vOwauPP&term=3&week=26","Lesson","0","FALSE"
"alveary-recvfB9zd1vOwauPP-g4-6","Import is Current","alveary-recmnmoARSfHDwb2B-g4-6","27","1","20m Spanish Picture Study – Lesson 27","<h2>Materials</h2><p>⍞ Materials: Cuadros de Familia p.12-13, Student Notebook</p>
<h2>Preparation</h2><p>➜ PREP <br> ⬚ Review instructions on teaching Picture Study Lessons.<br> ⬚ Preview Lesson &amp; Audio/Video Links</p>
<h2>Phrase of the Week</h2><p>➜ PHRASE OF THE WEEK<br>Me gusta la música. - I like music.</p>
<h2>Lesson</h2><p>➜ RECAP <br> ⬚ Recall what you learned in the previous lesson.</p><p>➜ LESSON <br> ⬚ Play Audio/Video Links &amp; Follow Along<br> ⬚ Introduce/Practice Picture Study Vocabulary <br> ⬚ Introduce/Practice Narration Sentences</p>
<p><a href=""https://planning.alveary.org/pdf/modern-language/individual-lessons/recmnmoARSfHDwb2B.pdf"">Click here to view charts and additional lesson information.</a></p>
<p><a href=""https://planning.alveary.org/links.html?id=recvfB9zd1vOwauPP&amp;term=3&amp;week=27"">Click here to view video/audio links.</a></p>","","https://planning.alveary.org/links.html?id=recvfB9zd1vOwauPP&term=3&week=27","Lesson","0","FALSE"
"alveary-recvfB9zd1vOwauPP-g4-6","Import is Current","alveary-recQtliYKb3BfCfAO-g4-6","28","1","20m Spanish Picture Study – Lesson 28","<h2>Materials</h2><p>⍞ Materials: Cuadros de Familia p.12-13, Student Notebook</p>
<h2>Preparation</h2><p>➜ PREP <br> ⬚ Review instructions on teaching Picture Study Lessons.<br> ⬚ Preview Lesson &amp; Audio/Video Links</p>
<h2>Phrase of the Week</h2><p>➜ PHRASE OF THE WEEK<br>Cierra la puerta. - Close the door.</p>
<h2>Lesson</h2><p>➜ RECAP <br> ⬚ Recall what you learned in the previous lesson.</p><p>➜ LESSON <br> ⬚ Play Audio/Video Links &amp; Follow Along<br> ⬚ Review &amp; Practice Picture Study Vocabulary <br> ⬚ Review &amp; Practice Narration Sentences</p>
<p><a href=""https://planning.alveary.org/pdf/modern-language/individual-lessons/recQtliYKb3BfCfAO.pdf"">Click here to view charts and additional lesson information.</a></p>
<p><a href=""https://planning.alveary.org/links.html?id=recvfB9zd1vOwauPP&amp;term=3&amp;week=28"">Click here to view video/audio links.</a></p>","","https://planning.alveary.org/links.html?id=recvfB9zd1vOwauPP&term=3&week=28","Lesson","0","FALSE"
"alveary-recvfB9zd1vOwauPP-g4-6","Import is Current","alveary-rec7cPhWU9R3zYtJt-g4-6","29","1","20m Spanish Picture Study – Lesson 29","<h2>Materials</h2><p>⍞ Materials: Cuadros de Familia p.12-13, Student Notebook</p>
<h2>Preparation</h2><p>➜ PREP <br> ⬚ Review Picture Study Lesson Weeks 1-4<br> ⬚ Preview Cultural Study Video Links</p>
<h2>Phrase of the Week</h2><p>➜ PHRASE OF THE WEEK<br>Ayudo en la casa. - I help at home.</p>
<h2>Lesson</h2><p>➜ RECAP <br> ⬚ Recall what you learned in the previous lesson.</p><p>➜ LESSON <br> ⬚ Review Picture Study Vocabulary using gestures/pointing (TPR).	<br>      Have students point to the images in the Picture Book as they say the <br>      coordinating vocab words. <br>  ⬚ Review Picture Study Narration Sentences  <br>  ⬚ Read Cultural Study Introduction<br>  ⬚ View, Narrate &amp; Discuss Cultural Videos</p>
<h2>Additional Notes</h2><p>➜ CULTURAL TOPIC - Canicas y Trompos<br>Across Latin America and Spain, they represent a communal, low-cost heritage where kids gather to share stories and trade marbles and play spinning tops.</p><p>∞ Video Link: This [video](https://www.youtube.com/watch?v=jDF4O_yEQFY) shows a tutorial for a trick with a spinning top “trompos&quot;.  Make sure you have the auto translate on for captions.<br>∞ Video Link: Short [video](https://www.youtube.com/watch?v=5V-uOT820vA) of children in Oaxaca playing marbles “canicas”</p>
<p><a href=""https://planning.alveary.org/pdf/modern-language/individual-lessons/rec7cPhWU9R3zYtJt.pdf"">Click here to view charts and additional lesson information.</a></p>
<p><a href=""https://planning.alveary.org/links.html?id=recvfB9zd1vOwauPP&amp;term=3&amp;week=29"">Click here to view video/audio links.</a></p>","","https://planning.alveary.org/links.html?id=recvfB9zd1vOwauPP&term=3&week=29","Lesson","0","FALSE"
"alveary-recvfB9zd1vOwauPP-g4-6","Import is Current","alveary-recXqWozsWYGV2iop-g4-6","30","1","20m Spanish Picture Study – Lesson 30","<h2>Materials</h2><p>⍞ Materials: Cuadros de Familia p.14-15, Student Notebook</p>
<h2>Preparation</h2><p>➜ PREP <br> ⬚ Review instructions on teaching Picture Study Lessons.<br> ⬚ Preview Lesson &amp; Audio/Video Links</p>
<h2>Phrase of the Week</h2><p>➜ PHRASE OF THE WEEK<br>Limpio mi cuarto.  - I clean my room.</p>
<h2>Lesson</h2><p>➜ RECAP <br> ⬚ Recall what you learned in the previous lesson.</p><p>➜ LESSON <br> ⬚ Play Audio/Video Links &amp; Follow Along<br> ⬚ Introduce/Practice Picture Study Vocabulary <br> ⬚ Introduce/Practice Narration Sentences</p>
<p><a href=""https://planning.alveary.org/pdf/modern-language/individual-lessons/recXqWozsWYGV2iop.pdf"">Click here to view charts and additional lesson information.</a></p>
<p><a href=""https://planning.alveary.org/links.html?id=recvfB9zd1vOwauPP&amp;term=3&amp;week=30"">Click here to view video/audio links.</a></p>","","https://planning.alveary.org/links.html?id=recvfB9zd1vOwauPP&term=3&week=30","Lesson","0","FALSE"
"alveary-recvfB9zd1vOwauPP-g4-6","Import is Current","alveary-recl9IRdGiCQI0iEe-g4-6","31","1","20m Spanish Picture Study – Lesson 31","<h2>Materials</h2><p>⍞ Materials: Cuadros de Familia p.14-15, Student Notebook</p>
<h2>Preparation</h2><p>➜ PREP <br> ⬚ Review instructions on teaching Picture Study Lessons.<br> ⬚ Preview Lesson &amp; Audio/Video Links</p>
<h2>Phrase of the Week</h2><p>➜ PHRASE OF THE WEEK<br>Pongo la mesa. - I set the table.</p>
<h2>Lesson</h2><p>➜ RECAP <br> ⬚ Recall what you learned in the previous lesson.</p><p>➜ LESSON <br> ⬚ Play Audio/Video Links &amp; Follow Along<br> ⬚ Review &amp; Practice Picture Study Vocabulary <br> ⬚ Review &amp; Practice Narration Sentences</p>
<p><a href=""https://planning.alveary.org/pdf/modern-language/individual-lessons/recl9IRdGiCQI0iEe.pdf"">Click here to view charts and additional lesson information.</a></p>
<p><a href=""https://planning.alveary.org/links.html?id=recvfB9zd1vOwauPP&amp;term=3&amp;week=31"">Click here to view video/audio links.</a></p>","","https://planning.alveary.org/links.html?id=recvfB9zd1vOwauPP&term=3&week=31","Lesson","0","FALSE"
"alveary-recvfB9zd1vOwauPP-g4-6","Import is Current","alveary-recML8S8WC81tXBeF-g4-6","32","1","20m Spanish Picture Study – Lesson 32","<h2>Materials</h2><p>⍞ Materials: Cuadros de Familia p.14-15, Student Notebook</p>
<h2>Preparation</h2><p>➜ PREP <br> ⬚ Review instructions on teaching Picture Study Lessons.<br> ⬚ Preview Lesson &amp; Audio/Video Links</p>
<h2>Phrase of the Week</h2><p>➜ PHRASE OF THE WEEK<br>Recojo mis juguetes. - I pick up my toys.</p>
<h2>Lesson</h2><p>➜ RECAP <br> ⬚ Recall what you learned in the previous lesson.</p><p>➜ LESSON <br> ⬚ Play Audio/Video Links &amp; Follow Along<br> ⬚ Introduce/Practice Picture Study Vocabulary <br> ⬚ Introduce/Practice Narration Sentences</p>
<p><a href=""https://planning.alveary.org/pdf/modern-language/individual-lessons/recML8S8WC81tXBeF.pdf"">Click here to view charts and additional lesson information.</a></p>
<p><a href=""https://planning.alveary.org/links.html?id=recvfB9zd1vOwauPP&amp;term=3&amp;week=32"">Click here to view video/audio links.</a></p>","","https://planning.alveary.org/links.html?id=recvfB9zd1vOwauPP&term=3&week=32","Lesson","0","FALSE"
"alveary-recvfB9zd1vOwauPP-g4-6","Import is Current","alveary-recCtvgajMY1uoOuB-g4-6","33","1","20m Spanish Picture Study – Lesson 33","<h2>Materials</h2><p>⍞ Materials: Cuadros de Familia p.14-15, Student Notebook</p>
<h2>Preparation</h2><p>➜ PREP <br> ⬚ Review instructions on teaching Picture Study Lessons.<br> ⬚ Preview Lesson &amp; Audio/Video Links</p>
<h2>Phrase of the Week</h2><p>➜ PHRASE OF THE WEEK<br>Ceno con mi familia. -  I eat dinner with my family.</p>
<h2>Lesson</h2><p>➜ RECAP <br> ⬚ Recall what you learned in the previous lesson.</p><p>➜ LESSON <br> ⬚ Play Audio/Video Links &amp; Follow Along<br> ⬚ Review &amp; Practice Picture Study Vocabulary <br> ⬚ Review &amp; Practice Narration Sentences</p>
<p><a href=""https://planning.alveary.org/pdf/modern-language/individual-lessons/recCtvgajMY1uoOuB.pdf"">Click here to view charts and additional lesson information.</a></p>
<p><a href=""https://planning.alveary.org/links.html?id=recvfB9zd1vOwauPP&amp;term=3&amp;week=33"">Click here to view video/audio links.</a></p>","","https://planning.alveary.org/links.html?id=recvfB9zd1vOwauPP&term=3&week=33","Lesson","0","FALSE"
"alveary-recvfB9zd1vOwauPP-g4-6","Import is Current","alveary-recI4TJ5P0DScktCQ-g4-6","34","1","20m Spanish Picture Study – Lesson 34","<h2>Materials</h2><p>⍞ Materials: Cuadros de Familia p.14-15, Student Notebook</p>
<h2>Preparation</h2><p>➜ PREP <br> ⬚ Review Picture Study Lesson Weeks 6-9<br> ⬚ Preview Cultural Study Video Links</p>
<h2>Phrase of the Week</h2><p>➜ PHRASE OF THE WEEK<br>Recojo los platos de la mesa. - I clear the dishes from the table.</p>
<h2>Lesson</h2><p>➜ RECAP <br> ⬚ Recall what you learned in the previous lesson.</p><p>➜ LESSON <br> ⬚ Review Picture Study Vocabulary using gestures/pointing (TPR).	<br>      Have students point to the images in the Picture Book as they say the <br>      coordinating vocab words. <br>  ⬚ Review Picture Study Narration Sentences  <br>  ⬚ Read Cultural Study Introduction<br>  ⬚ View, Narrate &amp; Discuss Cultural Videos</p>
<h2>Additional Notes</h2><p>➜ CULTURAL TOPIC - Nopales for Cooking<br>In Mexican culture, &quot;picando nopales&quot; (dicing cactus pads) represents far more than a culinary step. The prickly pear cactus (nopal) is a profound symbol of resilience and indigenous heritage. It thrives in harsh, arid landscapes and has sustained Mesoamerican communities for thousands of years.</p><p>∞ Video Link: This is a [video](https://www.youtube.com/watch?v=WJ359L5W988) of a grandma showing how she prepares the nopales she harvests from her home. Remember to have your settings on Spanish to English translation of captions.</p>
<p><a href=""https://planning.alveary.org/pdf/modern-language/individual-lessons/recI4TJ5P0DScktCQ.pdf"">Click here to view charts and additional lesson information.</a></p>
<p><a href=""https://planning.alveary.org/links.html?id=recvfB9zd1vOwauPP&amp;term=3&amp;week=34"">Click here to view video/audio links.</a></p>","","https://planning.alveary.org/links.html?id=recvfB9zd1vOwauPP&term=3&week=34","Lesson","0","FALSE"
"alveary-recvfB9zd1vOwauPP-g4-6","Import is Current","alveary-rec0yVs545sFZZf5r-g4-6","35","1","20m Spanish Picture Study – Lesson 35","<h2>Materials</h2><p>⍞ Materials: Cuadros de Familia p.12-15, Student Notebook</p>
<h2>Preparation</h2><p>➜ PREP<br> ⬚ Review Term Lessons &amp; Content<br> ⬚ Prep or Bookmark Audio/Video Lessons (optional)</p>
<h2>Phrase of the Week</h2><p>➜ PHRASE OF THE WEEK<br>Apago la luz. - I turn off the light.</p>
<h2>Lesson</h2><p>➜ REVIEW<br> ⬚ Review Picture Study Lessons from the term.</p>
<p><a href=""https://planning.alveary.org/pdf/modern-language/individual-lessons/rec0yVs545sFZZf5r.pdf"">Click here to view charts and additional lesson information.</a></p>
<p><a href=""https://planning.alveary.org/links.html?id=recvfB9zd1vOwauPP&amp;term=3&amp;week=35"">Click here to view video/audio links.</a></p>","","https://planning.alveary.org/links.html?id=recvfB9zd1vOwauPP&term=3&week=35","Lesson","0","FALSE"
"alveary-recvfB9zd1vOwauPP-g4-6","Import is Current","alveary-recN2JuCtxC0CTpUi-g4-6","36","1","20m Spanish Picture Study – Lesson 36","<h2>Materials</h2><p>⍞ Materials: Cuadros de Familia</p>
<h2>Phrase of the Week</h2><p>➜ PHRASE OF THE WEEK<br> -</p>
<h2>Lesson</h2><p>➜ EXAMS<br>Answer questions related to course.</p><p>Questions will come from Course Materials</p>
<p><a href=""https://planning.alveary.org/pdf/modern-language/individual-lessons/recN2JuCtxC0CTpUi.pdf"">Click here to view charts and additional lesson information.</a></p>
<p><a href=""https://planning.alveary.org/links.html?id=recvfB9zd1vOwauPP"">Click here to view video/audio links.</a></p>","","https://planning.alveary.org/links.html?id=recvfB9zd1vOwauPP","Lesson","0","FALSE"
"alveary-recvfB9zd1vOwauPP-g4-6","Import is Current","alveary-recG8MH9BJgRe0gfm-g4-6","1","2","20m Spanish Picture Study Ext. + Grammar –
Lesson 1","<h2>Materials</h2><p>⍞ Materials: Cuadros de Familia p.4-5, Student Notebook</p>
<h2>Preparation</h2><p>➜ PREP <br> ⬚ Review instructions on teaching Picture Study and Grammar Lessons<br> ⬚ Preview Lesson &amp; Audio/Video Links</p>
<h2>Phrase of the Week</h2><p>➜ PHRASE OF THE WEEK<br>¡Hola, amigos! -  Hello friends!</p>
<h2>Lesson</h2><p>➜ RECAP <br> ⬚ Recall what you learned in the previous lesson.</p><p>➜ LESSON <br> ⬚ Play Audio/Video Links &amp; Follow Along<br> ⬚ Review Picture Study Vocabulary &amp; Narration Sentences<br> ⬚ Introduce Grammar Concept <br> ⬚ Practice Sentences</p>
<p><a href=""https://planning.alveary.org/pdf/modern-language/individual-lessons/recG8MH9BJgRe0gfm.pdf"">Click here to view charts and additional lesson information.</a></p>
<p><a href=""https://planning.alveary.org/links.html?id=recvfB9zd1vOwauPP&amp;term=1&amp;week=1"">Click here to view video/audio links.</a></p>","","https://planning.alveary.org/links.html?id=recvfB9zd1vOwauPP&term=1&week=1","Lesson","0","FALSE"
"alveary-recvfB9zd1vOwauPP-g4-6","Import is Current","alveary-recSO7iISUBQCjUYx-g4-6","2","2","20m Spanish Picture Study Ext. + Grammar –
Lesson 2","<h2>Materials</h2><p>⍞ Materials: Cuadros de Familia p.4-5, Student Notebook</p>
<h2>Preparation</h2><p>➜ PREP <br> ⬚ Review instructions on teaching Picture Study and Grammar Lessons.<br> ⬚ Preview Lesson &amp; Audio/Video Links</p>
<h2>Phrase of the Week</h2><p>➜ PHRASE OF THE WEEK<br>Buenos días, maestra. - Good morning, teacher.</p>
<h2>Lesson</h2><p>➜ RECAP <br> ⬚ Recall what you learned in the previous lesson.</p><p>➜ LESSON <br> ⬚ Play Audio/Video Links &amp; Follow Along<br> ⬚ Review Picture Study Vocabulary &amp; Narration Sentences<br> ⬚ Review Grammar Concept (from previous week)<br> ⬚ Practice Sentences</p>
<p><a href=""https://planning.alveary.org/pdf/modern-language/individual-lessons/recSO7iISUBQCjUYx.pdf"">Click here to view charts and additional lesson information.</a></p>
<p><a href=""https://planning.alveary.org/links.html?id=recvfB9zd1vOwauPP&amp;term=1&amp;week=2"">Click here to view video/audio links.</a></p>","","https://planning.alveary.org/links.html?id=recvfB9zd1vOwauPP&term=1&week=2","Lesson","0","FALSE"
"alveary-recvfB9zd1vOwauPP-g4-6","Import is Current","alveary-recSOl4uvHHn2xdXQ-g4-6","3","2","20m Spanish Picture Study Ext. + Grammar –
Lesson 3","<h2>Materials</h2><p>⍞ Materials: Cuadros de Familia p.4-5, Student Notebook</p>
<h2>Preparation</h2><p>➜ PREP <br> ⬚ Review instructions on teaching Picture Study and Grammar Lessons<br> ⬚ Preview Lesson &amp; Audio/Video Links</p>
<h2>Phrase of the Week</h2><p>➜ PHRASE OF THE WEEK<br>Buenas noches, mamá. - Good night, mom.</p>
<h2>Lesson</h2><p>➜ RECAP <br> ⬚ Recall what you learned in the previous lesson.</p><p>➜ LESSON <br> ⬚ Play Audio/Video Links &amp; Follow Along<br> ⬚ Review Picture Study Vocabulary &amp; Narration Sentences<br> ⬚ Introduce Grammar Concept <br> ⬚ Practice Sentences</p>
<p><a href=""https://planning.alveary.org/pdf/modern-language/individual-lessons/recSOl4uvHHn2xdXQ.pdf"">Click here to view charts and additional lesson information.</a></p>
<p><a href=""https://planning.alveary.org/links.html?id=recvfB9zd1vOwauPP&amp;term=1&amp;week=3"">Click here to view video/audio links.</a></p>","","https://planning.alveary.org/links.html?id=recvfB9zd1vOwauPP&term=1&week=3","Lesson","0","FALSE"
"alveary-recvfB9zd1vOwauPP-g4-6","Import is Current","alveary-recu39dwANWKomJWm-g4-6","4","2","20m Spanish Picture Study Ext. + Grammar –
Lesson 4","<h2>Materials</h2><p>⍞ Materials: Cuadros de Familia p.4-5, Student Notebook</p>
<h2>Preparation</h2><p>➜ PREP <br> ⬚ Review instructions on teaching Picture Study and Grammar Lessons.<br> ⬚ Preview Lesson &amp; Audio/Video Links</p>
<h2>Phrase of the Week</h2><p>➜ PHRASE OF THE WEEK<br>Duermo toda la noche. - I sleep all night.</p>
<h2>Lesson</h2><p>➜ RECAP <br> ⬚ Recall what you learned in the previous lesson.</p><p>➜ LESSON <br> ⬚ Play Audio/Video Links &amp; Follow Along<br> ⬚ Review Picture Study Vocabulary &amp; Narration Sentences<br> ⬚ Review Grammar Concept (from previous week)<br> ⬚ Practice Sentences</p>
<p><a href=""https://planning.alveary.org/pdf/modern-language/individual-lessons/recu39dwANWKomJWm.pdf"">Click here to view charts and additional lesson information.</a></p>
<p><a href=""https://planning.alveary.org/links.html?id=recvfB9zd1vOwauPP&amp;term=1&amp;week=4"">Click here to view video/audio links.</a></p>","","https://planning.alveary.org/links.html?id=recvfB9zd1vOwauPP&term=1&week=4","Lesson","0","FALSE"
"alveary-recvfB9zd1vOwauPP-g4-6","Import is Current","alveary-recoQbF4IBbAEAsEV-g4-6","5","2","20m Spanish Picture Study Ext. + Grammar –
Lesson 5","<h2>Materials</h2><p>⍞ Materials: Cuadros de Familia p.4-5, Student Notebook</p>
<h2>Preparation</h2><p>➜ PREP <br> ⬚ Review Lessons &amp; Content from Weeks 1-4<br> ⬚ Prep or Bookmark Audio/Video Lessons from Weeks 1-4</p>
<h2>Phrase of the Week</h2><p>➜ PHRASE OF THE WEEK<br>Gracias por tu ayuda. - Thank you for your help.</p>
<h2>Lesson</h2><p>➜ RECAP <br> ⬚ Recall what you learned in the previous lesson.</p><p>➜ LESSON <br> ⬚ Play Audio/Video Links &amp; Follow Along<br> ⬚ Review Picture Study Vocabulary &amp; Narration Sentences<br> ⬚ Review Grammar Concepts &amp; Practice Sentences</p>
<p><a href=""https://planning.alveary.org/pdf/modern-language/individual-lessons/recoQbF4IBbAEAsEV.pdf"">Click here to view charts and additional lesson information.</a></p>
<p><a href=""https://planning.alveary.org/links.html?id=recvfB9zd1vOwauPP&amp;term=1&amp;week=5"">Click here to view video/audio links.</a></p>","","https://planning.alveary.org/links.html?id=recvfB9zd1vOwauPP&term=1&week=5","Lesson","0","FALSE"
"alveary-recvfB9zd1vOwauPP-g4-6","Import is Current","alveary-recXkgfsXUlpynvav-g4-6","6","2","20m Spanish Picture Study Ext. + Grammar –
Lesson 6","<h2>Materials</h2><p>⍞ Materials: Cuadros de Familia p.6-7, Student Notebook</p>
<h2>Preparation</h2><p>➜ PREP <br> ⬚ Review instructions on teaching Picture Study and Grammar Lessons<br> ⬚ Preview Lesson &amp; Audio/Video Links</p>
<h2>Phrase of the Week</h2><p>➜ PHRASE OF THE WEEK<br>¿Puedes repetir? - Can you repeat?</p>
<h2>Lesson</h2><p>➜ RECAP <br> ⬚ Recall what you learned in the previous lesson.</p><p>➜ LESSON <br> ⬚ Play Audio/Video Links &amp; Follow Along<br> ⬚ Review Picture Study Vocabulary &amp; Narration Sentences<br> ⬚ Introduce Grammar Concept <br> ⬚ Practice Sentences</p>
<p><a href=""https://planning.alveary.org/pdf/modern-language/individual-lessons/recXkgfsXUlpynvav.pdf"">Click here to view charts and additional lesson information.</a></p>
<p><a href=""https://planning.alveary.org/links.html?id=recvfB9zd1vOwauPP&amp;term=1&amp;week=6"">Click here to view video/audio links.</a></p>","","https://planning.alveary.org/links.html?id=recvfB9zd1vOwauPP&term=1&week=6","Lesson","0","FALSE"
"alveary-recvfB9zd1vOwauPP-g4-6","Import is Current","alveary-rec7YsgpURWl3KxMq-g4-6","7","2","20m Spanish Picture Study Ext. + Grammar –
Lesson 7","<h2>Materials</h2><p>⍞ Materials: Cuadros de Familia p.6-7, Student Notebook</p>
<h2>Preparation</h2><p>➜ PREP <br> ⬚ Review instructions on teaching Picture Study and Grammar Lessons.<br> ⬚ Preview Lesson &amp; Audio/Video Links</p>
<h2>Phrase of the Week</h2><p>➜ PHRASE OF THE WEEK<br>Lo siento mucho. -  I am very sorry.</p>
<h2>Lesson</h2><p>➜ RECAP <br> ⬚ Recall what you learned in the previous lesson.</p><p>➜ LESSON <br> ⬚ Play Audio/Video Links &amp; Follow Along<br> ⬚ Review Picture Study Vocabulary &amp; Narration Sentences<br> ⬚ Review Grammar Concept (from previous week)<br> ⬚ Practice Sentences</p>
<p><a href=""https://planning.alveary.org/pdf/modern-language/individual-lessons/rec7YsgpURWl3KxMq.pdf"">Click here to view charts and additional lesson information.</a></p>
<p><a href=""https://planning.alveary.org/links.html?id=recvfB9zd1vOwauPP&amp;term=1&amp;week=7"">Click here to view video/audio links.</a></p>","","https://planning.alveary.org/links.html?id=recvfB9zd1vOwauPP&term=1&week=7","Lesson","0","FALSE"
"alveary-recvfB9zd1vOwauPP-g4-6","Import is Current","alveary-recId5Rn1e5pC8Ykz-g4-6","8","2","20m Spanish Picture Study Ext. + Grammar –
Lesson 8","<h2>Materials</h2><p>⍞ Materials: Cuadros de Familia p.6-7, Student Notebook</p>
<h2>Preparation</h2><p>➜ PREP <br> ⬚ Review instructions on teaching Picture Study and Grammar Lessons<br> ⬚ Preview Lesson &amp; Audio/Video Links</p>
<h2>Phrase of the Week</h2><p>➜ PHRASE OF THE WEEK<br>Me gusta leer libros. - I like to read books.</p>
<h2>Lesson</h2><p>➜ RECAP <br> ⬚ Recall what you learned in the previous lesson.</p><p>➜ LESSON <br> ⬚ Play Audio/Video Links &amp; Follow Along<br> ⬚ Review Picture Study Vocabulary &amp; Narration Sentences<br> ⬚ Introduce Grammar Concept <br> ⬚ Practice Sentences</p>
<p><a href=""https://planning.alveary.org/pdf/modern-language/individual-lessons/recId5Rn1e5pC8Ykz.pdf"">Click here to view charts and additional lesson information.</a></p>
<p><a href=""https://planning.alveary.org/links.html?id=recvfB9zd1vOwauPP&amp;term=1&amp;week=8"">Click here to view video/audio links.</a></p>","","https://planning.alveary.org/links.html?id=recvfB9zd1vOwauPP&term=1&week=8","Lesson","0","FALSE"
"alveary-recvfB9zd1vOwauPP-g4-6","Import is Current","alveary-rec2QHR94ct8tQX0r-g4-6","9","2","20m Spanish Picture Study Ext. + Grammar –
Lesson 9","<h2>Materials</h2><p>⍞ Materials: Cuadros de Familia p.6-7, Student Notebook</p>
<h2>Preparation</h2><p>➜ PREP <br> ⬚ Review instructions on teaching Picture Study and Grammar Lessons.<br> ⬚ Preview Lesson &amp; Audio/Video Links</p>
<h2>Phrase of the Week</h2><p>➜ PHRASE OF THE WEEK<br>Me gusta jugar afuera - I like to play outside.</p>
<h2>Lesson</h2><p>➜ RECAP <br> ⬚ Recall what you learned in the previous lesson.</p><p>➜ LESSON <br> ⬚ Play Audio/Video Links &amp; Follow Along<br> ⬚ Review Picture Study Vocabulary &amp; Narration Sentences<br> ⬚ Review Grammar Concept (from previous week)<br> ⬚ Practice Sentences</p>
<p><a href=""https://planning.alveary.org/pdf/modern-language/individual-lessons/rec2QHR94ct8tQX0r.pdf"">Click here to view charts and additional lesson information.</a></p>
<p><a href=""https://planning.alveary.org/links.html?id=recvfB9zd1vOwauPP&amp;term=1&amp;week=9"">Click here to view video/audio links.</a></p>","","https://planning.alveary.org/links.html?id=recvfB9zd1vOwauPP&term=1&week=9","Lesson","0","FALSE"
"alveary-recvfB9zd1vOwauPP-g4-6","Import is Current","alveary-recvhTzHg1QACWl0P-g4-6","10","2","20m Spanish Picture Study Ext. + Grammar –
Lesson 10","<h2>Materials</h2><p>⍞ Materials: Cuadros de Familia p.6-7, Student Notebook</p>
<h2>Preparation</h2><p>➜ PREP <br> ⬚ Review Lessons &amp; Content from Weeks 6-9<br> ⬚ Prep or Bookmark Audio/Video Lessons from Weeks 6-9</p>
<h2>Phrase of the Week</h2><p>➜ PHRASE OF THE WEEK<br>Tengo un perro. - I have a dog.</p>
<h2>Lesson</h2><p>➜ RECAP <br> ⬚ Recall what you learned in the previous lesson.</p><p>➜ LESSON <br> ⬚ Play Audio/Video Links &amp; Follow Along<br> ⬚ Review Picture Study Vocabulary &amp; Narration Sentences<br> ⬚ Review Grammar Concepts &amp; Practice Sentences</p>
<p><a href=""https://planning.alveary.org/pdf/modern-language/individual-lessons/recvhTzHg1QACWl0P.pdf"">Click here to view charts and additional lesson information.</a></p>
<p><a href=""https://planning.alveary.org/links.html?id=recvfB9zd1vOwauPP&amp;term=1&amp;week=10"">Click here to view video/audio links.</a></p>","","https://planning.alveary.org/links.html?id=recvfB9zd1vOwauPP&term=1&week=10","Lesson","0","FALSE"
"alveary-recvfB9zd1vOwauPP-g4-6","Import is Current","alveary-recvjyW6Bw62x7VQI-g4-6","11","2","20m Spanish Picture Study Ext. + Grammar –
Lesson 11","<h2>Materials</h2><p>⍞ Materials: Cuadros de Familia p.4-7, Student Notebook</p>
<h2>Preparation</h2><p>➜ PREP<br> ⬚ Review Term Lessons &amp; Content<br> ⬚ Prep or Bookmark Audio/Video Lessons (optional)</p>
<h2>Phrase of the Week</h2><p>➜ PHRASE OF THE WEEK<br>La clase es divertida. - The class is fun.</p>
<h2>Lesson</h2><p>➜ REVIEW<br> ⬚ Review Picture Study Vocabulary &amp; Narration Sentences from the term.<br> ⬚ Review Grammar Concepts &amp; Practice Sentences from the term.</p>
<p><a href=""https://planning.alveary.org/pdf/modern-language/individual-lessons/recvjyW6Bw62x7VQI.pdf"">Click here to view charts and additional lesson information.</a></p>
<p><a href=""https://planning.alveary.org/links.html?id=recvfB9zd1vOwauPP&amp;term=1&amp;week=11"">Click here to view video/audio links.</a></p>","","https://planning.alveary.org/links.html?id=recvfB9zd1vOwauPP&term=1&week=11","Lesson","0","FALSE"
"alveary-recvfB9zd1vOwauPP-g4-6","Import is Current","alveary-rec0pKmtzG5RukqNW-g4-6","12","2","20m Spanish Picture Study Ext. + Grammar –
Lesson 12","<h2>Materials</h2><p>⍞ Materials: Cuadros de Familia</p>
<h2>Phrase of the Week</h2><p>➜ PHRASE OF THE WEEK<br> -</p>
<h2>Lesson</h2><p>➜ EXAMS<br>Answer questions related to course.</p><p>Questions will come from Course Materials</p>
<p><a href=""https://planning.alveary.org/pdf/modern-language/individual-lessons/rec0pKmtzG5RukqNW.pdf"">Click here to view charts and additional lesson information.</a></p>
<p><a href=""https://planning.alveary.org/links.html?id=recvfB9zd1vOwauPP"">Click here to view video/audio links.</a></p>","","https://planning.alveary.org/links.html?id=recvfB9zd1vOwauPP","Lesson","0","FALSE"
"alveary-recvfB9zd1vOwauPP-g4-6","Import is Current","alveary-recQkIvTGSdv2wMkD-g4-6","13","2","20m Spanish Picture Study Ext. + Grammar –
Lesson 13","<h2>Materials</h2><p>⍞ Materials: Student Notebook</p>
<h2>Preparation</h2><p>➜ PREP <br> ⬚ Review instructions on teaching Picture Study and Grammar Lessons<br> ⬚ Preview Lesson &amp; Audio/Video Links</p>
<h2>Phrase of the Week</h2><p>➜ PHRASE OF THE WEEK<br>Vamos a aprender. - Let's learn.</p>
<h2>Lesson</h2><p>➜ RECAP <br> ⬚ Recall what you learned in the previous lesson.</p><p>➜ LESSON <br> ⬚ Play Audio/Video Links &amp; Follow Along<br> ⬚ Review Picture Study Vocabulary &amp; Narration Sentences<br> ⬚ Introduce Grammar Concept <br> ⬚ Practice Sentences</p>
<p><a href=""https://planning.alveary.org/pdf/modern-language/individual-lessons/recQkIvTGSdv2wMkD.pdf"">Click here to view charts and additional lesson information.</a></p>
<p><a href=""https://planning.alveary.org/links.html?id=recvfB9zd1vOwauPP&amp;term=2&amp;week=13"">Click here to view video/audio links.</a></p>","","https://planning.alveary.org/links.html?id=recvfB9zd1vOwauPP&term=2&week=13","Lesson","0","FALSE"
"alveary-recvfB9zd1vOwauPP-g4-6","Import is Current","alveary-recHfX6qE54MAf8SI-g4-6","14","2","20m Spanish Picture Study Ext. + Grammar –
Lesson 14","<h2>Materials</h2><p>⍞ Materials: Student Notebook</p>
<h2>Preparation</h2><p>➜ PREP <br> ⬚ Review instructions on teaching Picture Study and Grammar Lessons.<br> ⬚ Preview Lesson &amp; Audio/Video Links</p>
<h2>Phrase of the Week</h2><p>➜ PHRASE OF THE WEEK<br>Hoy hace sol. - Today it is sunny</p>
<h2>Lesson</h2><p>➜ RECAP <br> ⬚ Recall what you learned in the previous lesson.</p><p>➜ LESSON <br> ⬚ Play Audio/Video Links &amp; Follow Along<br> ⬚ Review Picture Study Vocabulary &amp; Narration Sentences<br> ⬚ Review Grammar Concept (from previous week)<br> ⬚ Practice Sentences</p>
<p><a href=""https://planning.alveary.org/pdf/modern-language/individual-lessons/recHfX6qE54MAf8SI.pdf"">Click here to view charts and additional lesson information.</a></p>
<p><a href=""https://planning.alveary.org/links.html?id=recvfB9zd1vOwauPP&amp;term=2&amp;week=14"">Click here to view video/audio links.</a></p>","","https://planning.alveary.org/links.html?id=recvfB9zd1vOwauPP&term=2&week=14","Lesson","0","FALSE"
"alveary-recvfB9zd1vOwauPP-g4-6","Import is Current","alveary-recysRZiK4fAuYOYJ-g4-6","15","2","20m Spanish Picture Study Ext. + Grammar –
Lesson 15","<h2>Materials</h2><p>⍞ Materials: Student Notebook</p>
<h2>Preparation</h2><p>➜ PREP <br> ⬚ Review instructions on teaching Picture Study and Grammar Lessons<br> ⬚ Preview Lesson &amp; Audio/Video Links</p>
<h2>Phrase of the Week</h2><p>➜ PHRASE OF THE WEEK<br>Juego con mis amigos. - I play with my friends.</p>
<h2>Lesson</h2><p>➜ RECAP <br> ⬚ Recall what you learned in the previous lesson.</p><p>➜ LESSON <br> ⬚ Play Audio/Video Links &amp; Follow Along<br> ⬚ Review Picture Study Vocabulary &amp; Narration Sentences<br> ⬚ Introduce Grammar Concept <br> ⬚ Practice Sentences</p>
<p><a href=""https://planning.alveary.org/pdf/modern-language/individual-lessons/recysRZiK4fAuYOYJ.pdf"">Click here to view charts and additional lesson information.</a></p>
<p><a href=""https://planning.alveary.org/links.html?id=recvfB9zd1vOwauPP&amp;term=2&amp;week=15"">Click here to view video/audio links.</a></p>","","https://planning.alveary.org/links.html?id=recvfB9zd1vOwauPP&term=2&week=15","Lesson","0","FALSE"
"alveary-recvfB9zd1vOwauPP-g4-6","Import is Current","alveary-recb28vyqzL3PoVfV-g4-6","16","2","20m Spanish Picture Study Ext. + Grammar –
Lesson 16","<h2>Materials</h2><p>⍞ Materials: Student Notebook</p>
<h2>Preparation</h2><p>➜ PREP <br> ⬚ Review instructions on teaching Picture Study and Grammar Lessons.<br> ⬚ Preview Lesson &amp; Audio/Video Links</p>
<h2>Phrase of the Week</h2><p>➜ PHRASE OF THE WEEK<br>Estoy feliz hoy. - I am happy today.</p>
<h2>Lesson</h2><p>➜ RECAP <br> ⬚ Recall what you learned in the previous lesson.</p><p>➜ LESSON <br> ⬚ Play Audio/Video Links &amp; Follow Along<br> ⬚ Review Picture Study Vocabulary &amp; Narration Sentences<br> ⬚ Review Grammar Concept (from previous week)<br> ⬚ Practice Sentences</p>
<p><a href=""https://planning.alveary.org/pdf/modern-language/individual-lessons/recb28vyqzL3PoVfV.pdf"">Click here to view charts and additional lesson information.</a></p>
<p><a href=""https://planning.alveary.org/links.html?id=recvfB9zd1vOwauPP&amp;term=2&amp;week=16"">Click here to view video/audio links.</a></p>","","https://planning.alveary.org/links.html?id=recvfB9zd1vOwauPP&term=2&week=16","Lesson","0","FALSE"
"alveary-recvfB9zd1vOwauPP-g4-6","Import is Current","alveary-rec0U4POuBShktEt0-g4-6","17","2","20m Spanish Picture Study Ext. + Grammar –
Lesson 17","<h2>Materials</h2><p>⍞ Materials: Student Notebook</p>
<h2>Preparation</h2><p>➜ PREP <br> ⬚ Review Lessons &amp; Content from Weeks 1-4<br> ⬚ Prep or Bookmark Audio/Video Lessons from Weeks 1-4</p>
<h2>Phrase of the Week</h2><p>➜ PHRASE OF THE WEEK<br>Me gusta el color azul. - I like the color blue.</p>
<h2>Lesson</h2><p>➜ RECAP <br> ⬚ Recall what you learned in the previous lesson.</p><p>➜ LESSON <br> ⬚ Play Audio/Video Links &amp; Follow Along<br> ⬚ Review Picture Study Vocabulary &amp; Narration Sentences<br> ⬚ Review Grammar Concepts &amp; Practice Sentences</p>
<p><a href=""https://planning.alveary.org/pdf/modern-language/individual-lessons/rec0U4POuBShktEt0.pdf"">Click here to view charts and additional lesson information.</a></p>
<p><a href=""https://planning.alveary.org/links.html?id=recvfB9zd1vOwauPP&amp;term=2&amp;week=17"">Click here to view video/audio links.</a></p>","","https://planning.alveary.org/links.html?id=recvfB9zd1vOwauPP&term=2&week=17","Lesson","0","FALSE"
"alveary-recvfB9zd1vOwauPP-g4-6","Import is Current","alveary-recLxtIYBDSjBjSuM-g4-6","18","2","20m Spanish Picture Study Ext. + Grammar –
Lesson 18","<h2>Materials</h2><p>⍞ Materials: Student Notebook</p>
<h2>Preparation</h2><p>➜ PREP <br> ⬚ Review instructions on teaching Picture Study and Grammar Lessons<br> ⬚ Preview Lesson &amp; Audio/Video Links</p>
<h2>Phrase of the Week</h2><p>➜ PHRASE OF THE WEEK<br>Me levanto temprano. - I wake up early.</p>
<h2>Lesson</h2><p>➜ RECAP <br> ⬚ Recall what you learned in the previous lesson.</p><p>➜ LESSON <br> ⬚ Play Audio/Video Links &amp; Follow Along<br> ⬚ Review Picture Study Vocabulary &amp; Narration Sentences<br> ⬚ Introduce Grammar Concept <br> ⬚ Practice Sentences</p>
<p><a href=""https://planning.alveary.org/pdf/modern-language/individual-lessons/recLxtIYBDSjBjSuM.pdf"">Click here to view charts and additional lesson information.</a></p>
<p><a href=""https://planning.alveary.org/links.html?id=recvfB9zd1vOwauPP&amp;term=2&amp;week=18"">Click here to view video/audio links.</a></p>","","https://planning.alveary.org/links.html?id=recvfB9zd1vOwauPP&term=2&week=18","Lesson","0","FALSE"
"alveary-recvfB9zd1vOwauPP-g4-6","Import is Current","alveary-recd851m0ZBuDMKqg-g4-6","19","2","20m Spanish Picture Study Ext. + Grammar –
Lesson 19","<h2>Materials</h2><p>⍞ Materials: Student Notebook</p>
<h2>Preparation</h2><p>➜ PREP <br> ⬚ Review instructions on teaching Picture Study and Grammar Lessons.<br> ⬚ Preview Lesson &amp; Audio/Video Links</p>
<h2>Phrase of the Week</h2><p>➜ PHRASE OF THE WEEK<br>Adiós, hasta mañana. - Goodbye, see you tomorrow.</p>
<h2>Lesson</h2><p>➜ RECAP <br> ⬚ Recall what you learned in the previous lesson.</p><p>➜ LESSON <br> ⬚ Play Audio/Video Links &amp; Follow Along<br> ⬚ Review Picture Study Vocabulary &amp; Narration Sentences<br> ⬚ Review Grammar Concept (from previous week)<br> ⬚ Practice Sentences</p>
<p><a href=""https://planning.alveary.org/pdf/modern-language/individual-lessons/recd851m0ZBuDMKqg.pdf"">Click here to view charts and additional lesson information.</a></p>
<p><a href=""https://planning.alveary.org/links.html?id=recvfB9zd1vOwauPP&amp;term=2&amp;week=19"">Click here to view video/audio links.</a></p>","","https://planning.alveary.org/links.html?id=recvfB9zd1vOwauPP&term=2&week=19","Lesson","0","FALSE"
"alveary-recvfB9zd1vOwauPP-g4-6","Import is Current","alveary-rec6jPiczNUdnG4Uc-g4-6","20","2","20m Spanish Picture Study Ext. + Grammar –
Lesson 20","<h2>Materials</h2><p>⍞ Materials: Student Notebook</p>
<h2>Preparation</h2><p>➜ PREP <br> ⬚ Review instructions on teaching Picture Study and Grammar Lessons<br> ⬚ Preview Lesson &amp; Audio/Video Links</p>
<h2>Phrase of the Week</h2><p>➜ PHRASE OF THE WEEK<br>Me lavo las manos - I wash my hands.</p>
<h2>Lesson</h2><p>➜ RECAP <br> ⬚ Recall what you learned in the previous lesson.</p><p>➜ LESSON <br> ⬚ Play Audio/Video Links &amp; Follow Along<br> ⬚ Review Picture Study Vocabulary &amp; Narration Sentences<br> ⬚ Introduce Grammar Concept <br> ⬚ Practice Sentences</p>
<p><a href=""https://planning.alveary.org/pdf/modern-language/individual-lessons/rec6jPiczNUdnG4Uc.pdf"">Click here to view charts and additional lesson information.</a></p>
<p><a href=""https://planning.alveary.org/links.html?id=recvfB9zd1vOwauPP&amp;term=2&amp;week=20"">Click here to view video/audio links.</a></p>","","https://planning.alveary.org/links.html?id=recvfB9zd1vOwauPP&term=2&week=20","Lesson","0","FALSE"
"alveary-recvfB9zd1vOwauPP-g4-6","Import is Current","alveary-recvwGdVmkxZ0yvQk-g4-6","21","2","20m Spanish Picture Study Ext. + Grammar –
Lesson 21","<h2>Materials</h2><p>⍞ Materials: Student Notebook</p>
<h2>Preparation</h2><p>➜ PREP <br> ⬚ Review instructions on teaching Picture Study and Grammar Lessons.<br> ⬚ Preview Lesson &amp; Audio/Video Links</p>
<h2>Phrase of the Week</h2><p>➜ PHRASE OF THE WEEK<br>Me cepillo los dientes - I brush my teeth.</p>
<h2>Lesson</h2><p>➜ RECAP <br> ⬚ Recall what you learned in the previous lesson.</p><p>➜ LESSON <br> ⬚ Play Audio/Video Links &amp; Follow Along<br> ⬚ Review Picture Study Vocabulary &amp; Narration Sentences<br> ⬚ Review Grammar Concept (from previous week)<br> ⬚ Practice Sentences</p>
<p><a href=""https://planning.alveary.org/pdf/modern-language/individual-lessons/recvwGdVmkxZ0yvQk.pdf"">Click here to view charts and additional lesson information.</a></p>
<p><a href=""https://planning.alveary.org/links.html?id=recvfB9zd1vOwauPP&amp;term=2&amp;week=21"">Click here to view video/audio links.</a></p>","","https://planning.alveary.org/links.html?id=recvfB9zd1vOwauPP&term=2&week=21","Lesson","0","FALSE"
"alveary-recvfB9zd1vOwauPP-g4-6","Import is Current","alveary-recFNqmmNinZqr6Km-g4-6","22","2","20m Spanish Picture Study Ext. + Grammar –
Lesson 22","<h2>Materials</h2><p>⍞ Materials: Student Notebook</p>
<h2>Preparation</h2><p>➜ PREP <br> ⬚ Review Lessons &amp; Content from Weeks 6-9<br> ⬚ Prep or Bookmark Audio/Video Lessons from Weeks 6-9</p>
<h2>Phrase of the Week</h2><p>➜ PHRASE OF THE WEEK<br>Desayuno en la mañana. - I eat breakfast in the morning.</p>
<h2>Lesson</h2><p>➜ RECAP <br> ⬚ Recall what you learned in the previous lesson.</p><p>➜ LESSON <br> ⬚ Play Audio/Video Links &amp; Follow Along<br> ⬚ Review Picture Study Vocabulary &amp; Narration Sentences<br> ⬚ Review Grammar Concepts &amp; Practice Sentences</p>
<p><a href=""https://planning.alveary.org/pdf/modern-language/individual-lessons/recFNqmmNinZqr6Km.pdf"">Click here to view charts and additional lesson information.</a></p>
<p><a href=""https://planning.alveary.org/links.html?id=recvfB9zd1vOwauPP&amp;term=2&amp;week=22"">Click here to view video/audio links.</a></p>","","https://planning.alveary.org/links.html?id=recvfB9zd1vOwauPP&term=2&week=22","Lesson","0","FALSE"
"alveary-recvfB9zd1vOwauPP-g4-6","Import is Current","alveary-recaHa1HD7HGgOz1p-g4-6","23","2","20m Spanish Picture Study Ext. + Grammar –
Lesson 23","<h2>Materials</h2><p>⍞ Materials: Student Notebook</p>
<h2>Preparation</h2><p>➜ PREP<br> ⬚ Review Term Lessons &amp; Content<br> ⬚ Prep or Bookmark Audio/Video Lessons (optional)</p>
<h2>Phrase of the Week</h2><p>➜ PHRASE OF THE WEEK<br>Me siento en mi silla. - I sit in my chair.</p>
<h2>Lesson</h2><p>➜ REVIEW<br> ⬚ Review Picture Study Vocabulary &amp; Narration Sentences from the term.<br> ⬚ Review Grammar Concepts &amp; Practice Sentences from the term.</p>
<p><a href=""https://planning.alveary.org/pdf/modern-language/individual-lessons/recaHa1HD7HGgOz1p.pdf"">Click here to view charts and additional lesson information.</a></p>
<p><a href=""https://planning.alveary.org/links.html?id=recvfB9zd1vOwauPP&amp;term=2&amp;week=23"">Click here to view video/audio links.</a></p>","","https://planning.alveary.org/links.html?id=recvfB9zd1vOwauPP&term=2&week=23","Lesson","0","FALSE"
"alveary-recvfB9zd1vOwauPP-g4-6","Import is Current","alveary-recEan1d5HjhaaTPW-g4-6","24","2","20m Spanish Picture Study Ext. + Grammar –
Lesson 24","<h2>Materials</h2><p>⍞ Materials: Cuadros de Familia</p>
<h2>Phrase of the Week</h2><p>➜ PHRASE OF THE WEEK<br> -</p>
<h2>Lesson</h2><p>➜ EXAMS<br>Answer questions related to course.</p><p>Questions will come from Course Materials</p>
<p><a href=""https://planning.alveary.org/pdf/modern-language/individual-lessons/recEan1d5HjhaaTPW.pdf"">Click here to view charts and additional lesson information.</a></p>
<p><a href=""https://planning.alveary.org/links.html?id=recvfB9zd1vOwauPP"">Click here to view video/audio links.</a></p>","","https://planning.alveary.org/links.html?id=recvfB9zd1vOwauPP","Lesson","0","FALSE"
"alveary-recvfB9zd1vOwauPP-g4-6","Import is Current","alveary-recsgyhwnxY45jU01-g4-6","25","2","20m Spanish Picture Study Ext. + Grammar –
Lesson 25","<h2>Materials</h2><p>⍞ Materials: Student Notebook</p>
<h2>Preparation</h2><p>➜ PREP <br> ⬚ Review instructions on teaching Picture Study and Grammar Lessons<br> ⬚ Preview Lesson &amp; Audio/Video Links</p>
<h2>Phrase of the Week</h2><p>➜ PHRASE OF THE WEEK<br>Como mi almuerzo. - I eat my lunch.</p>
<h2>Lesson</h2><p>➜ RECAP <br> ⬚ Recall what you learned in the previous lesson.</p><p>➜ LESSON <br> ⬚ Play Audio/Video Links &amp; Follow Along<br> ⬚ Review Picture Study Vocabulary &amp; Narration Sentences<br> ⬚ Introduce Grammar Concept <br> ⬚ Practice Sentences</p>
<p><a href=""https://planning.alveary.org/pdf/modern-language/individual-lessons/recsgyhwnxY45jU01.pdf"">Click here to view charts and additional lesson information.</a></p>
<p><a href=""https://planning.alveary.org/links.html?id=recvfB9zd1vOwauPP&amp;term=3&amp;week=25"">Click here to view video/audio links.</a></p>","","https://planning.alveary.org/links.html?id=recvfB9zd1vOwauPP&term=3&week=25","Lesson","0","FALSE"
"alveary-recvfB9zd1vOwauPP-g4-6","Import is Current","alveary-recY6EK5QYrgTrlbp-g4-6","26","2","20m Spanish Picture Study Ext. + Grammar –
Lesson 26","<h2>Materials</h2><p>⍞ Materials: Student Notebook</p>
<h2>Preparation</h2><p>➜ PREP <br> ⬚ Review instructions on teaching Picture Study and Grammar Lessons.<br> ⬚ Preview Lesson &amp; Audio/Video Links</p>
<h2>Phrase of the Week</h2><p>➜ PHRASE OF THE WEEK<br>Como mi desayuno. - I eat my breakfast.</p>
<h2>Lesson</h2><p>➜ RECAP <br> ⬚ Recall what you learned in the previous lesson.</p><p>➜ LESSON <br> ⬚ Play Audio/Video Links &amp; Follow Along<br> ⬚ Review Picture Study Vocabulary &amp; Narration Sentences<br> ⬚ Review Grammar Concept (from previous week)<br> ⬚ Practice Sentences</p>
<p><a href=""https://planning.alveary.org/pdf/modern-language/individual-lessons/recY6EK5QYrgTrlbp.pdf"">Click here to view charts and additional lesson information.</a></p>
<p><a href=""https://planning.alveary.org/links.html?id=recvfB9zd1vOwauPP&amp;term=3&amp;week=26"">Click here to view video/audio links.</a></p>","","https://planning.alveary.org/links.html?id=recvfB9zd1vOwauPP&term=3&week=26","Lesson","0","FALSE"
"alveary-recvfB9zd1vOwauPP-g4-6","Import is Current","alveary-recFdhn6H4v4sjNE5-g4-6","27","2","20m Spanish Picture Study Ext. + Grammar –
Lesson 27","<h2>Materials</h2><p>⍞ Materials: Student Notebook</p>
<h2>Preparation</h2><p>➜ PREP <br> ⬚ Review instructions on teaching Picture Study and Grammar Lessons<br> ⬚ Preview Lesson &amp; Audio/Video Links</p>
<h2>Phrase of the Week</h2><p>➜ PHRASE OF THE WEEK<br>Me gusta la música. - I like music.</p>
<h2>Lesson</h2><p>➜ RECAP <br> ⬚ Recall what you learned in the previous lesson.</p><p>➜ LESSON <br> ⬚ Play Audio/Video Links &amp; Follow Along<br> ⬚ Review Picture Study Vocabulary &amp; Narration Sentences<br> ⬚ Introduce Grammar Concept <br> ⬚ Practice Sentences</p>
<p><a href=""https://planning.alveary.org/pdf/modern-language/individual-lessons/recFdhn6H4v4sjNE5.pdf"">Click here to view charts and additional lesson information.</a></p>
<p><a href=""https://planning.alveary.org/links.html?id=recvfB9zd1vOwauPP&amp;term=3&amp;week=27"">Click here to view video/audio links.</a></p>","","https://planning.alveary.org/links.html?id=recvfB9zd1vOwauPP&term=3&week=27","Lesson","0","FALSE"
"alveary-recvfB9zd1vOwauPP-g4-6","Import is Current","alveary-rectVKV3tIzlaNmyd-g4-6","28","2","20m Spanish Picture Study Ext. + Grammar –
Lesson 28","<h2>Materials</h2><p>⍞ Materials: Student Notebook</p>
<h2>Preparation</h2><p>➜ PREP <br> ⬚ Review instructions on teaching Picture Study and Grammar Lessons.<br> ⬚ Preview Lesson &amp; Audio/Video Links</p>
<h2>Phrase of the Week</h2><p>➜ PHRASE OF THE WEEK<br>Cierra la puerta. - Close the door.</p>
<h2>Lesson</h2><p>➜ RECAP <br> ⬚ Recall what you learned in the previous lesson.</p><p>➜ LESSON <br> ⬚ Play Audio/Video Links &amp; Follow Along<br> ⬚ Review Picture Study Vocabulary &amp; Narration Sentences<br> ⬚ Review Grammar Concept (from previous week)<br> ⬚ Practice Sentences</p>
<p><a href=""https://planning.alveary.org/pdf/modern-language/individual-lessons/rectVKV3tIzlaNmyd.pdf"">Click here to view charts and additional lesson information.</a></p>
<p><a href=""https://planning.alveary.org/links.html?id=recvfB9zd1vOwauPP&amp;term=3&amp;week=28"">Click here to view video/audio links.</a></p>","","https://planning.alveary.org/links.html?id=recvfB9zd1vOwauPP&term=3&week=28","Lesson","0","FALSE"
"alveary-recvfB9zd1vOwauPP-g4-6","Import is Current","alveary-recaySGVyNOPgO8zR-g4-6","29","2","20m Spanish Picture Study Ext. + Grammar –
Lesson 29","<h2>Materials</h2><p>⍞ Materials: Student Notebook</p>
<h2>Preparation</h2><p>➜ PREP <br> ⬚ Review Lessons &amp; Content from Weeks 1-4<br> ⬚ Prep or Bookmark Audio/Video Lessons from Weeks 1-4</p>
<h2>Phrase of the Week</h2><p>➜ PHRASE OF THE WEEK<br>Ayudo en la casa. - I help at home.</p>
<h2>Lesson</h2><p>➜ RECAP <br> ⬚ Recall what you learned in the previous lesson.</p><p>➜ LESSON <br> ⬚ Play Audio/Video Links &amp; Follow Along<br> ⬚ Review Picture Study Vocabulary &amp; Narration Sentences<br> ⬚ Review Grammar Concepts &amp; Practice Sentences</p>
<p><a href=""https://planning.alveary.org/pdf/modern-language/individual-lessons/recaySGVyNOPgO8zR.pdf"">Click here to view charts and additional lesson information.</a></p>
<p><a href=""https://planning.alveary.org/links.html?id=recvfB9zd1vOwauPP&amp;term=3&amp;week=29"">Click here to view video/audio links.</a></p>","","https://planning.alveary.org/links.html?id=recvfB9zd1vOwauPP&term=3&week=29","Lesson","0","FALSE"
"alveary-recvfB9zd1vOwauPP-g4-6","Import is Current","alveary-recVAX2tODdI87A4p-g4-6","30","2","20m Spanish Picture Study Ext. + Grammar –
Lesson 30","<h2>Materials</h2><p>⍞ Materials: Student Notebook</p>
<h2>Preparation</h2><p>➜ PREP <br> ⬚ Review instructions on teaching Picture Study and Grammar Lessons<br> ⬚ Preview Lesson &amp; Audio/Video Links</p>
<h2>Phrase of the Week</h2><p>➜ PHRASE OF THE WEEK<br>Limpio mi cuarto.  - I clean my room.</p>
<h2>Lesson</h2><p>➜ RECAP <br> ⬚ Recall what you learned in the previous lesson.</p><p>➜ LESSON <br> ⬚ Play Audio/Video Links &amp; Follow Along<br> ⬚ Review Picture Study Vocabulary &amp; Narration Sentences<br> ⬚ Introduce Grammar Concept <br> ⬚ Practice Sentences</p>
<p><a href=""https://planning.alveary.org/pdf/modern-language/individual-lessons/recVAX2tODdI87A4p.pdf"">Click here to view charts and additional lesson information.</a></p>
<p><a href=""https://planning.alveary.org/links.html?id=recvfB9zd1vOwauPP&amp;term=3&amp;week=30"">Click here to view video/audio links.</a></p>","","https://planning.alveary.org/links.html?id=recvfB9zd1vOwauPP&term=3&week=30","Lesson","0","FALSE"
"alveary-recvfB9zd1vOwauPP-g4-6","Import is Current","alveary-recXGmmwI1CDKMNvj-g4-6","31","2","20m Spanish Picture Study Ext. + Grammar –
Lesson 31","<h2>Materials</h2><p>⍞ Materials: Student Notebook</p>
<h2>Preparation</h2><p>➜ PREP <br> ⬚ Review instructions on teaching Picture Study and Grammar Lessons.<br> ⬚ Preview Lesson &amp; Audio/Video Links</p>
<h2>Phrase of the Week</h2><p>➜ PHRASE OF THE WEEK<br>Pongo la mesa. - I set the table.</p>
<h2>Lesson</h2><p>➜ RECAP <br> ⬚ Recall what you learned in the previous lesson.</p><p>➜ LESSON <br> ⬚ Play Audio/Video Links &amp; Follow Along<br> ⬚ Review Picture Study Vocabulary &amp; Narration Sentences<br> ⬚ Review Grammar Concept (from previous week)<br> ⬚ Practice Sentences</p>
<p><a href=""https://planning.alveary.org/pdf/modern-language/individual-lessons/recXGmmwI1CDKMNvj.pdf"">Click here to view charts and additional lesson information.</a></p>
<p><a href=""https://planning.alveary.org/links.html?id=recvfB9zd1vOwauPP&amp;term=3&amp;week=31"">Click here to view video/audio links.</a></p>","","https://planning.alveary.org/links.html?id=recvfB9zd1vOwauPP&term=3&week=31","Lesson","0","FALSE"
"alveary-recvfB9zd1vOwauPP-g4-6","Import is Current","alveary-reclU12CjaPi8hOi1-g4-6","32","2","20m Spanish Picture Study Ext. + Grammar –
Lesson 32","<h2>Materials</h2><p>⍞ Materials: Student Notebook</p>
<h2>Preparation</h2><p>➜ PREP <br> ⬚ Review instructions on teaching Picture Study and Grammar Lessons<br> ⬚ Preview Lesson &amp; Audio/Video Links</p>
<h2>Phrase of the Week</h2><p>➜ PHRASE OF THE WEEK<br>Recojo mis juguetes. - I pick up my toys.</p>
<h2>Lesson</h2><p>➜ RECAP <br> ⬚ Recall what you learned in the previous lesson.</p><p>➜ LESSON <br> ⬚ Play Audio/Video Links &amp; Follow Along<br> ⬚ Review Picture Study Vocabulary &amp; Narration Sentences<br> ⬚ Introduce Grammar Concept <br> ⬚ Practice Sentences</p>
<p><a href=""https://planning.alveary.org/pdf/modern-language/individual-lessons/reclU12CjaPi8hOi1.pdf"">Click here to view charts and additional lesson information.</a></p>
<p><a href=""https://planning.alveary.org/links.html?id=recvfB9zd1vOwauPP&amp;term=3&amp;week=32"">Click here to view video/audio links.</a></p>","","https://planning.alveary.org/links.html?id=recvfB9zd1vOwauPP&term=3&week=32","Lesson","0","FALSE"
"alveary-recvfB9zd1vOwauPP-g4-6","Import is Current","alveary-rec6FttWTIDiluU1H-g4-6","33","2","20m Spanish Picture Study Ext. + Grammar –
Lesson 33","<h2>Materials</h2><p>⍞ Materials: Student Notebook</p>
<h2>Preparation</h2><p>➜ PREP <br> ⬚ Review instructions on teaching Picture Study and Grammar Lessons.<br> ⬚ Preview Lesson &amp; Audio/Video Links</p>
<h2>Phrase of the Week</h2><p>➜ PHRASE OF THE WEEK<br>Ceno con mi familia. -  I eat dinner with my family.</p>
<h2>Lesson</h2><p>➜ RECAP <br> ⬚ Recall what you learned in the previous lesson.</p><p>➜ LESSON <br> ⬚ Play Audio/Video Links &amp; Follow Along<br> ⬚ Review Picture Study Vocabulary &amp; Narration Sentences<br> ⬚ Review Grammar Concept (from previous week)<br> ⬚ Practice Sentences</p>
<p><a href=""https://planning.alveary.org/pdf/modern-language/individual-lessons/rec6FttWTIDiluU1H.pdf"">Click here to view charts and additional lesson information.</a></p>
<p><a href=""https://planning.alveary.org/links.html?id=recvfB9zd1vOwauPP&amp;term=3&amp;week=33"">Click here to view video/audio links.</a></p>","","https://planning.alveary.org/links.html?id=recvfB9zd1vOwauPP&term=3&week=33","Lesson","0","FALSE"
"alveary-recvfB9zd1vOwauPP-g4-6","Import is Current","alveary-recNnfHnAGZ0xxr92-g4-6","34","2","20m Spanish Picture Study Ext. + Grammar –
Lesson 34","<h2>Materials</h2><p>⍞ Materials: Student Notebook</p>
<h2>Preparation</h2><p>➜ PREP <br> ⬚ Review Lessons &amp; Content from Weeks 6-9<br> ⬚ Prep or Bookmark Audio/Video Lessons from Weeks 6-9</p>
<h2>Phrase of the Week</h2><p>➜ PHRASE OF THE WEEK<br>Recojo los platos de la mesa. - I clear the dishes from the table.</p>
<h2>Lesson</h2><p>➜ RECAP <br> ⬚ Recall what you learned in the previous lesson.</p><p>➜ LESSON <br> ⬚ Play Audio/Video Links &amp; Follow Along<br> ⬚ Review Picture Study Vocabulary &amp; Narration Sentences<br> ⬚ Review Grammar Concepts &amp; Practice Sentences</p>
<p><a href=""https://planning.alveary.org/pdf/modern-language/individual-lessons/recNnfHnAGZ0xxr92.pdf"">Click here to view charts and additional lesson information.</a></p>
<p><a href=""https://planning.alveary.org/links.html?id=recvfB9zd1vOwauPP&amp;term=3&amp;week=34"">Click here to view video/audio links.</a></p>","","https://planning.alveary.org/links.html?id=recvfB9zd1vOwauPP&term=3&week=34","Lesson","0","FALSE"
"alveary-recvfB9zd1vOwauPP-g4-6","Import is Current","alveary-rec8H9wPFAE8f2odz-g4-6","35","2","20m Spanish Picture Study Ext. + Grammar –
Lesson 35","<h2>Materials</h2><p>⍞ Materials: Student Notebook</p>
<h2>Preparation</h2><p>➜ PREP<br> ⬚ Review Term Lessons &amp; Content<br> ⬚ Prep or Bookmark Audio/Video Lessons (optional)</p>
<h2>Phrase of the Week</h2><p>➜ PHRASE OF THE WEEK<br>Apago la luz. - I turn off the light.</p>
<h2>Lesson</h2><p>➜ REVIEW<br> ⬚ Review Picture Study Vocabulary &amp; Narration Sentences from the term.<br> ⬚ Review Grammar Concepts &amp; Practice Sentences from the term.</p>
<p><a href=""https://planning.alveary.org/pdf/modern-language/individual-lessons/rec8H9wPFAE8f2odz.pdf"">Click here to view charts and additional lesson information.</a></p>
<p><a href=""https://planning.alveary.org/links.html?id=recvfB9zd1vOwauPP&amp;term=3&amp;week=35"">Click here to view video/audio links.</a></p>","","https://planning.alveary.org/links.html?id=recvfB9zd1vOwauPP&term=3&week=35","Lesson","0","FALSE"
"alveary-recvfB9zd1vOwauPP-g4-6","Import is Current","alveary-reckdlocFw8GYm0BP-g4-6","36","2","20m Spanish Picture Study Ext. + Grammar –
Lesson 36","<h2>Materials</h2><p>⍞ Materials: Cuadros de Familia</p>
<h2>Phrase of the Week</h2><p>➜ PHRASE OF THE WEEK<br> -</p>
<h2>Lesson</h2><p>➜ EXAMS<br>Answer questions related to course.</p><p>Questions will come from Course Materials</p>
<p><a href=""https://planning.alveary.org/pdf/modern-language/individual-lessons/reckdlocFw8GYm0BP.pdf"">Click here to view charts and additional lesson information.</a></p>
<p><a href=""https://planning.alveary.org/links.html?id=recvfB9zd1vOwauPP"">Click here to view video/audio links.</a></p>","","https://planning.alveary.org/links.html?id=recvfB9zd1vOwauPP","Lesson","0","FALSE"
"alveary-recvfB9zd1vOwauPP-g4-6","Import is Current","alveary-recdGN6O2A7Kqc095-g4-6","1","3","20m Spanish Literature – Lesson 1","<h2>Materials</h2><p>⍞ Materials: Fábulas de Esopo p.31, Student Notebook</p>
<h2>Preparation</h2><p>➜ PREP <br> ⬚ Review instructions on how to teach Literature Lessons.<br> ⬚ Preview Lesson &amp; Audio/Video Links</p>
<h2>Phrase of the Week</h2><p>➜ PHRASE OF THE WEEK<br>¡Hola, amigos! -  Hello friends!</p>
<h2>Lesson</h2><p>➜ RECAP <br> ⬚ Recall what you learned in the previous lesson.</p><p>➜ LESSON <br> ⬚ Play Audio/Video Links &amp; Follow Along <br>     · Grades 1-3: Listen &amp; Narrate <br>     · Grades 4+: Listen, Read Along &amp; Narrate<br> ⬚ Introduce/Practice Literature Vocabulary<br> ⬚ Listen to/Practice Story Lines<br> ⬚ Storyboard - Draw pictures related to the story lines (optional for Grades 1-3)<br> ⬚ Copywork - Practice Writing Story Lines (optional for Grades 1-3)</p>
<p><a href=""https://planning.alveary.org/pdf/modern-language/individual-lessons/recdGN6O2A7Kqc095.pdf"">Click here to view charts and additional lesson information.</a></p>
<p><a href=""https://planning.alveary.org/links.html?id=recvfB9zd1vOwauPP&amp;term=1&amp;week=1"">Click here to view video/audio links.</a></p>","","https://planning.alveary.org/links.html?id=recvfB9zd1vOwauPP&term=1&week=1","Lesson","0","FALSE"
"alveary-recvfB9zd1vOwauPP-g4-6","Import is Current","alveary-reczmfXXSzVELAsBl-g4-6","2","3","20m Spanish Literature – Lesson 2","<h2>Materials</h2><p>⍞ Materials: Fábulas de Esopo p.31, Student Notebook</p>
<h2>Preparation</h2><p>➜ PREP <br> ⬚ Review instructions on TPR Modeling and teaching Literature Lessons.<br> ⬚ Preview Lesson &amp; Audio/Video Links</p>
<h2>Phrase of the Week</h2><p>➜ PHRASE OF THE WEEK<br>Buenos días, maestra. - Good morning, teacher.</p>
<h2>Lesson</h2><p>➜ RECAP <br> ⬚ Recall what you learned in the previous lesson.</p><p>➜ LESSON <br> ⬚ Play Audio/Video Links &amp; Follow Along <br>     · Grades 1-3: Listen &amp; Narrate <br>     · Grades 4+: Listen, Read Along &amp; Narrate<br> ⬚ Introduce/Practice Literature Vocabulary<br> ⬚ Listen to/Practice Story Lines<br> ⬚ Storyboard - Draw pictures related to the story lines (optional for Grades 1-3)<br> ⬚ Copywork - Practice Writing Story Lines (optional for Grades 1-3)</p>
<p><a href=""https://planning.alveary.org/pdf/modern-language/individual-lessons/reczmfXXSzVELAsBl.pdf"">Click here to view charts and additional lesson information.</a></p>
<p><a href=""https://planning.alveary.org/links.html?id=recvfB9zd1vOwauPP&amp;term=1&amp;week=2"">Click here to view video/audio links.</a></p>","","https://planning.alveary.org/links.html?id=recvfB9zd1vOwauPP&term=1&week=2","Lesson","0","FALSE"
"alveary-recvfB9zd1vOwauPP-g4-6","Import is Current","alveary-recMc75ey5PS9J3d3-g4-6","3","3","20m Spanish Literature – Lesson 3","<h2>Materials</h2><p>⍞ Materials: Fábulas de Esopo p.31, Student Notebook</p>
<h2>Preparation</h2><p>➜ PREP <br> ⬚ Review instructions on how to teach Literature Lessons.<br> ⬚ Preview Lesson &amp; Audio/Video Links</p>
<h2>Phrase of the Week</h2><p>➜ PHRASE OF THE WEEK<br>Buenas noches, mamá. - Good night, mom.</p>
<h2>Lesson</h2><p>➜ RECAP <br> ⬚ Recall what you learned in the previous lesson.</p><p>➜ LESSON <br> ⬚ Play Audio/Video Links &amp; Follow Along <br>     · Grades 1-3: Listen &amp; Narrate <br>     · Grades 4+: Listen, Read Along &amp; Narrate<br> ⬚ Introduce/Practice Literature Vocabulary<br> ⬚ Listen to/Practice Story Lines<br> ⬚ Storyboard - Draw pictures related to the story lines (optional for Grades 1-3)<br> ⬚ Copywork - Practice Writing Story Lines (optional for Grades 1-3)</p>
<p><a href=""https://planning.alveary.org/pdf/modern-language/individual-lessons/recMc75ey5PS9J3d3.pdf"">Click here to view charts and additional lesson information.</a></p>
<p><a href=""https://planning.alveary.org/links.html?id=recvfB9zd1vOwauPP&amp;term=1&amp;week=3"">Click here to view video/audio links.</a></p>","","https://planning.alveary.org/links.html?id=recvfB9zd1vOwauPP&term=1&week=3","Lesson","0","FALSE"
"alveary-recvfB9zd1vOwauPP-g4-6","Import is Current","alveary-rec1FakkCBOaSDHQm-g4-6","4","3","20m Spanish Literature – Lesson 4","<h2>Materials</h2><p>⍞ Materials: Fábulas de Esopo p.31, Student Notebook</p>
<h2>Preparation</h2><p>➜ PREP <br> ⬚ Review instructions on TPR Modeling and teaching Literature Lessons.<br> ⬚ Preview Lesson &amp; Audio/Video Links</p>
<h2>Phrase of the Week</h2><p>➜ PHRASE OF THE WEEK<br>Duermo toda la noche. - I sleep all night.</p>
<h2>Lesson</h2><p>➜ RECAP <br> ⬚ Recall what you learned in the previous lesson.</p><p>➜ LESSON <br> ⬚ Play Audio/Video Links &amp; Follow Along <br>     · Grades 1-3: Listen &amp; Narrate <br>     · Grades 4+: Listen, Read Along &amp; Narrate<br> ⬚ Introduce/Practice Literature Vocabulary<br> ⬚ Listen to/Practice Story Lines<br> ⬚ Storyboard - Draw pictures related to the story lines (optional for Grades 1-3)<br> ⬚ Copywork - Practice Writing Story Lines (optional for Grades 1-3)</p>
<p><a href=""https://planning.alveary.org/pdf/modern-language/individual-lessons/rec1FakkCBOaSDHQm.pdf"">Click here to view charts and additional lesson information.</a></p>
<p><a href=""https://planning.alveary.org/links.html?id=recvfB9zd1vOwauPP&amp;term=1&amp;week=4"">Click here to view video/audio links.</a></p>","","https://planning.alveary.org/links.html?id=recvfB9zd1vOwauPP&term=1&week=4","Lesson","0","FALSE"
"alveary-recvfB9zd1vOwauPP-g4-6","Import is Current","alveary-recCR0zmXxwNxvuZg-g4-6","5","3","20m Spanish Literature – Lesson 5","<h2>Materials</h2><p>⍞ Materials: Fábulas de Esopo p.31, Student Notebook</p>
<h2>Preparation</h2><p>➜ PREP <br> ⬚ Review instructions on how to teach Literature Lessons.<br> ⬚ Preview Lesson &amp; Audio/Video Links</p>
<h2>Phrase of the Week</h2><p>➜ PHRASE OF THE WEEK<br>Gracias por tu ayuda. - Thank you for your help.</p>
<h2>Lesson</h2><p>➜ RECAP <br> ⬚ What do you recall from the previous lesson?</p><p>➜ LESSON <br> ⬚ Play Audio/Video Links &amp; Follow Along <br>     · Grades 1-3: Listen &amp; Narrate <br>     · Grades 4+: Listen, Read Along &amp; Narrate<br> ⬚ Practice/Review Past Story Lines</p>
<p><a href=""https://planning.alveary.org/pdf/modern-language/individual-lessons/recCR0zmXxwNxvuZg.pdf"">Click here to view charts and additional lesson information.</a></p>
<p><a href=""https://planning.alveary.org/links.html?id=recvfB9zd1vOwauPP&amp;term=1&amp;week=5"">Click here to view video/audio links.</a></p>","","https://planning.alveary.org/links.html?id=recvfB9zd1vOwauPP&term=1&week=5","Lesson","0","FALSE"
"alveary-recvfB9zd1vOwauPP-g4-6","Import is Current","alveary-recQKxVM99dgRimD7-g4-6","6","3","20m Spanish Literature – Lesson 6","<h2>Materials</h2><p>⍞ Materials: Fábulas de Esopo p.16, Student Notebook</p>
<h2>Preparation</h2><p>➜ PREP <br> ⬚ Review instructions on how to teach Literature Lessons.<br> ⬚ Preview Lesson &amp; Audio/Video Links</p>
<h2>Phrase of the Week</h2><p>➜ PHRASE OF THE WEEK<br>¿Puedes repetir? - Can you repeat?</p>
<h2>Lesson</h2><p>➜ RECAP <br> ⬚ Recall what you learned in the previous lesson.</p><p>➜ LESSON <br> ⬚ Play Audio/Video Links &amp; Follow Along <br>     · Grades 1-3: Listen &amp; Narrate <br>     · Grades 4+: Listen, Read Along &amp; Narrate<br> ⬚ Introduce/Practice Literature Vocabulary<br> ⬚ Listen to/Practice Story Lines<br> ⬚ Storyboard - Draw pictures related to the story lines (optional for Grades 1-3)<br> ⬚ Copywork - Practice Writing Story Lines (optional for Grades 1-3)</p>
<p><a href=""https://planning.alveary.org/pdf/modern-language/individual-lessons/recQKxVM99dgRimD7.pdf"">Click here to view charts and additional lesson information.</a></p>
<p><a href=""https://planning.alveary.org/links.html?id=recvfB9zd1vOwauPP&amp;term=1&amp;week=6"">Click here to view video/audio links.</a></p>","","https://planning.alveary.org/links.html?id=recvfB9zd1vOwauPP&term=1&week=6","Lesson","0","FALSE"
"alveary-recvfB9zd1vOwauPP-g4-6","Import is Current","alveary-rec9CMV9EnFPM9WMg-g4-6","7","3","20m Spanish Literature – Lesson 7","<h2>Materials</h2><p>⍞ Materials: Fábulas de Esopo p.16, Student Notebook</p>
<h2>Preparation</h2><p>➜ PREP <br> ⬚ Review instructions on TPR Modeling and teaching Literature Lessons.<br> ⬚ Preview Lesson &amp; Audio/Video Links</p>
<h2>Phrase of the Week</h2><p>➜ PHRASE OF THE WEEK<br>Lo siento mucho. -  I am very sorry.</p>
<h2>Lesson</h2><p>➜ RECAP <br> ⬚ Recall what you learned in the previous lesson.</p><p>➜ LESSON <br> ⬚ Play Audio/Video Links &amp; Follow Along <br>     · Grades 1-3: Listen &amp; Narrate <br>     · Grades 4+: Listen, Read Along &amp; Narrate<br> ⬚ Introduce/Practice Literature Vocabulary<br> ⬚ Listen to/Practice Story Lines<br> ⬚ Storyboard - Draw pictures related to the story lines (optional for Grades 1-3)<br> ⬚ Copywork - Practice Writing Story Lines (optional for Grades 1-3)</p>
<p><a href=""https://planning.alveary.org/pdf/modern-language/individual-lessons/rec9CMV9EnFPM9WMg.pdf"">Click here to view charts and additional lesson information.</a></p>
<p><a href=""https://planning.alveary.org/links.html?id=recvfB9zd1vOwauPP&amp;term=1&amp;week=7"">Click here to view video/audio links.</a></p>","","https://planning.alveary.org/links.html?id=recvfB9zd1vOwauPP&term=1&week=7","Lesson","0","FALSE"
"alveary-recvfB9zd1vOwauPP-g4-6","Import is Current","alveary-recqpzynBCkRE6fVg-g4-6","8","3","20m Spanish Literature – Lesson 8","<h2>Materials</h2><p>⍞ Materials: Fábulas de Esopo p.16, Student Notebook</p>
<h2>Preparation</h2><p>➜ PREP <br> ⬚ Review instructions on how to teach Literature Lessons.<br> ⬚ Preview Lesson &amp; Audio/Video Links</p>
<h2>Phrase of the Week</h2><p>➜ PHRASE OF THE WEEK<br>Me gusta leer libros. - I like to read books.</p>
<h2>Lesson</h2><p>➜ RECAP <br> ⬚ Recall what you learned in the previous lesson.</p><p>➜ LESSON <br> ⬚ Play Audio/Video Links &amp; Follow Along <br>     · Grades 1-3: Listen &amp; Narrate <br>     · Grades 4+: Listen, Read Along &amp; Narrate<br> ⬚ Introduce/Practice Literature Vocabulary<br> ⬚ Listen to/Practice Story Lines<br> ⬚ Storyboard - Draw pictures related to the story lines (optional for Grades 1-3)<br> ⬚ Copywork - Practice Writing Story Lines (optional for Grades 1-3)</p>
<p><a href=""https://planning.alveary.org/pdf/modern-language/individual-lessons/recqpzynBCkRE6fVg.pdf"">Click here to view charts and additional lesson information.</a></p>
<p><a href=""https://planning.alveary.org/links.html?id=recvfB9zd1vOwauPP&amp;term=1&amp;week=8"">Click here to view video/audio links.</a></p>","","https://planning.alveary.org/links.html?id=recvfB9zd1vOwauPP&term=1&week=8","Lesson","0","FALSE"
"alveary-recvfB9zd1vOwauPP-g4-6","Import is Current","alveary-reciUF72oxAi65WYj-g4-6","9","3","20m Spanish Literature – Lesson 9","<h2>Materials</h2><p>⍞ Materials: Fábulas de Esopo p.16, Student Notebook</p>
<h2>Preparation</h2><p>➜ PREP <br> ⬚ Review instructions on TPR Modeling and teaching Literature Lessons.<br> ⬚ Preview Lesson &amp; Audio/Video Links</p>
<h2>Phrase of the Week</h2><p>➜ PHRASE OF THE WEEK<br>Me gusta jugar afuera - I like to play outside.</p>
<h2>Lesson</h2><p>➜ RECAP <br> ⬚ Recall what you learned in the previous lesson.</p><p>➜ LESSON <br> ⬚ Play Audio/Video Links &amp; Follow Along <br>     · Grades 1-3: Listen &amp; Narrate <br>     · Grades 4+: Listen, Read Along &amp; Narrate<br> ⬚ Introduce/Practice Literature Vocabulary<br> ⬚ Listen to/Practice Story Lines<br> ⬚ Storyboard - Draw pictures related to the story lines (optional for Grades 1-3)<br> ⬚ Copywork - Practice Writing Story Lines (optional for Grades 1-3)</p>
<p><a href=""https://planning.alveary.org/pdf/modern-language/individual-lessons/reciUF72oxAi65WYj.pdf"">Click here to view charts and additional lesson information.</a></p>
<p><a href=""https://planning.alveary.org/links.html?id=recvfB9zd1vOwauPP&amp;term=1&amp;week=9"">Click here to view video/audio links.</a></p>","","https://planning.alveary.org/links.html?id=recvfB9zd1vOwauPP&term=1&week=9","Lesson","0","FALSE"
"alveary-recvfB9zd1vOwauPP-g4-6","Import is Current","alveary-recqF0A8yc5cLJkre-g4-6","10","3","20m Spanish Literature – Lesson 10","<h2>Materials</h2><p>⍞ Materials: Fábulas de Esopo p.16, Student Notebook</p>
<h2>Preparation</h2><p>➜ PREP <br> ⬚ Review instructions on how to teach Literature Lessons.<br> ⬚ Preview Lesson &amp; Audio/Video Links</p>
<h2>Phrase of the Week</h2><p>➜ PHRASE OF THE WEEK<br>Tengo un perro. - I have a dog.</p>
<h2>Lesson</h2><p>➜ RECAP <br> ⬚ What do you recall from the previous lesson?</p><p>➜ LESSON <br> ⬚ Play Audio/Video Links &amp; Follow Along <br>     · Grades 1-3: Listen &amp; Narrate <br>     · Grades 4+: Listen, Read Along &amp; Narrate<br> ⬚ Practice/Review Past Story Lines</p>
<p><a href=""https://planning.alveary.org/pdf/modern-language/individual-lessons/recqF0A8yc5cLJkre.pdf"">Click here to view charts and additional lesson information.</a></p>
<p><a href=""https://planning.alveary.org/links.html?id=recvfB9zd1vOwauPP&amp;term=1&amp;week=10"">Click here to view video/audio links.</a></p>","","https://planning.alveary.org/links.html?id=recvfB9zd1vOwauPP&term=1&week=10","Lesson","0","FALSE"
"alveary-recvfB9zd1vOwauPP-g4-6","Import is Current","alveary-reck2E0pFM4gIOixI-g4-6","11","3","20m Spanish Literature – Lesson 11","<h2>Materials</h2><p>⍞ Materials: Fábulas de Esopo p.31, 16, Student Notebook</p>
<h2>Preparation</h2><p>➜ PREP<br> ⬚ Review Term Lessons &amp; Content<br> ⬚ Prep or Bookmark Audio/Video Lessons (optional)</p>
<h2>Phrase of the Week</h2><p>➜ PHRASE OF THE WEEK<br>La clase es divertida. - The class is fun.</p>
<h2>Lesson</h2><p>➜ REVIEW<br> ⬚ Review Literature Lessons from the term.</p>
<p><a href=""https://planning.alveary.org/pdf/modern-language/individual-lessons/reck2E0pFM4gIOixI.pdf"">Click here to view charts and additional lesson information.</a></p>
<p><a href=""https://planning.alveary.org/links.html?id=recvfB9zd1vOwauPP&amp;term=1&amp;week=11"">Click here to view video/audio links.</a></p>","","https://planning.alveary.org/links.html?id=recvfB9zd1vOwauPP&term=1&week=11","Lesson","0","FALSE"
"alveary-recvfB9zd1vOwauPP-g4-6","Import is Current","alveary-recyfE9rIegJstVkc-g4-6","12","3","20m Spanish Literature – Lesson 12","<h2>Materials</h2><p>⍞ Materials: Cuadros de Familia</p>
<h2>Phrase of the Week</h2><p>➜ PHRASE OF THE WEEK<br> -</p>
<h2>Lesson</h2><p>➜ EXAMS<br>Answer questions related to course.</p><p>Questions will come from Course Materials</p>
<p><a href=""https://planning.alveary.org/pdf/modern-language/individual-lessons/recyfE9rIegJstVkc.pdf"">Click here to view charts and additional lesson information.</a></p>
<p><a href=""https://planning.alveary.org/links.html?id=recvfB9zd1vOwauPP"">Click here to view video/audio links.</a></p>","","https://planning.alveary.org/links.html?id=recvfB9zd1vOwauPP","Lesson","0","FALSE"
"alveary-recvfB9zd1vOwauPP-g4-6","Import is Current","alveary-recl6ZlDdG1YFAR0H-g4-6","13","3","20m Spanish Literature – Lesson 13","<h2>Materials</h2><p>⍞ Materials: Fábulas de Esopo p.25, Student Notebook</p>
<h2>Preparation</h2><p>➜ PREP <br> ⬚ Review instructions on how to teach Literature Lessons.<br> ⬚ Preview Lesson &amp; Audio/Video Links</p>
<h2>Phrase of the Week</h2><p>➜ PHRASE OF THE WEEK<br>Vamos a aprender. - Let's learn.</p>
<h2>Lesson</h2><p>➜ RECAP <br> ⬚ Recall what you learned in the previous lesson.</p><p>➜ LESSON <br> ⬚ Play Audio/Video Links &amp; Follow Along <br>     · Grades 1-3: Listen &amp; Narrate <br>     · Grades 4+: Listen, Read Along &amp; Narrate<br> ⬚ Introduce/Practice Literature Vocabulary<br> ⬚ Listen to/Practice Story Lines<br> ⬚ Storyboard - Draw pictures related to the story lines (optional for Grades 1-3)<br> ⬚ Copywork - Practice Writing Story Lines (optional for Grades 1-3)</p>
<p><a href=""https://planning.alveary.org/pdf/modern-language/individual-lessons/recl6ZlDdG1YFAR0H.pdf"">Click here to view charts and additional lesson information.</a></p>
<p><a href=""https://planning.alveary.org/links.html?id=recvfB9zd1vOwauPP&amp;term=2&amp;week=13"">Click here to view video/audio links.</a></p>","","https://planning.alveary.org/links.html?id=recvfB9zd1vOwauPP&term=2&week=13","Lesson","0","FALSE"
"alveary-recvfB9zd1vOwauPP-g4-6","Import is Current","alveary-recnAUcM7entKyfAp-g4-6","14","3","20m Spanish Literature – Lesson 14","<h2>Materials</h2><p>⍞ Materials: Fábulas de Esopo p.25, Student Notebook</p>
<h2>Preparation</h2><p>➜ PREP <br> ⬚ Review instructions on TPR Modeling and teaching Literature Lessons.<br> ⬚ Preview Lesson &amp; Audio/Video Links</p>
<h2>Phrase of the Week</h2><p>➜ PHRASE OF THE WEEK<br>Hoy hace sol. - Today it is sunny</p>
<h2>Lesson</h2><p>➜ RECAP <br> ⬚ Recall what you learned in the previous lesson.</p><p>➜ LESSON <br> ⬚ Play Audio/Video Links &amp; Follow Along <br>     · Grades 1-3: Listen &amp; Narrate <br>     · Grades 4+: Listen, Read Along &amp; Narrate<br> ⬚ Introduce/Practice Literature Vocabulary<br> ⬚ Listen to/Practice Story Lines<br> ⬚ Storyboard - Draw pictures related to the story lines (optional for Grades 1-3)<br> ⬚ Copywork - Practice Writing Story Lines (optional for Grades 1-3)</p>
<p><a href=""https://planning.alveary.org/pdf/modern-language/individual-lessons/recnAUcM7entKyfAp.pdf"">Click here to view charts and additional lesson information.</a></p>
<p><a href=""https://planning.alveary.org/links.html?id=recvfB9zd1vOwauPP&amp;term=2&amp;week=14"">Click here to view video/audio links.</a></p>","","https://planning.alveary.org/links.html?id=recvfB9zd1vOwauPP&term=2&week=14","Lesson","0","FALSE"
"alveary-recvfB9zd1vOwauPP-g4-6","Import is Current","alveary-recC5FS6BXd7y2tHZ-g4-6","15","3","20m Spanish Literature – Lesson 15","<h2>Materials</h2><p>⍞ Materials: Fábulas de Esopo p.25, Student Notebook</p>
<h2>Preparation</h2><p>➜ PREP <br> ⬚ Review instructions on how to teach Literature Lessons.<br> ⬚ Preview Lesson &amp; Audio/Video Links</p>
<h2>Phrase of the Week</h2><p>➜ PHRASE OF THE WEEK<br>Juego con mis amigos. - I play with my friends.</p>
<h2>Lesson</h2><p>➜ RECAP <br> ⬚ Recall what you learned in the previous lesson.</p><p>➜ LESSON <br> ⬚ Play Audio/Video Links &amp; Follow Along <br>     · Grades 1-3: Listen &amp; Narrate <br>     · Grades 4+: Listen, Read Along &amp; Narrate<br> ⬚ Introduce/Practice Literature Vocabulary<br> ⬚ Listen to/Practice Story Lines<br> ⬚ Storyboard - Draw pictures related to the story lines (optional for Grades 1-3)<br> ⬚ Copywork - Practice Writing Story Lines (optional for Grades 1-3)</p>
<p><a href=""https://planning.alveary.org/pdf/modern-language/individual-lessons/recC5FS6BXd7y2tHZ.pdf"">Click here to view charts and additional lesson information.</a></p>
<p><a href=""https://planning.alveary.org/links.html?id=recvfB9zd1vOwauPP&amp;term=2&amp;week=15"">Click here to view video/audio links.</a></p>","","https://planning.alveary.org/links.html?id=recvfB9zd1vOwauPP&term=2&week=15","Lesson","0","FALSE"
"alveary-recvfB9zd1vOwauPP-g4-6","Import is Current","alveary-recBHmCa5ep59cFuU-g4-6","16","3","20m Spanish Literature – Lesson 16","<h2>Materials</h2><p>⍞ Materials: Fábulas de Esopo p.25, Student Notebook</p>
<h2>Preparation</h2><p>➜ PREP <br> ⬚ Review instructions on TPR Modeling and teaching Literature Lessons.<br> ⬚ Preview Lesson &amp; Audio/Video Links</p>
<h2>Phrase of the Week</h2><p>➜ PHRASE OF THE WEEK<br>Estoy feliz hoy. - I am happy today.</p>
<h2>Lesson</h2><p>➜ RECAP <br> ⬚ Recall what you learned in the previous lesson.</p><p>➜ LESSON <br> ⬚ Play Audio/Video Links &amp; Follow Along <br>     · Grades 1-3: Listen &amp; Narrate <br>     · Grades 4+: Listen, Read Along &amp; Narrate<br> ⬚ Introduce/Practice Literature Vocabulary<br> ⬚ Listen to/Practice Story Lines<br> ⬚ Storyboard - Draw pictures related to the story lines (optional for Grades 1-3)<br> ⬚ Copywork - Practice Writing Story Lines (optional for Grades 1-3)</p>
<p><a href=""https://planning.alveary.org/pdf/modern-language/individual-lessons/recBHmCa5ep59cFuU.pdf"">Click here to view charts and additional lesson information.</a></p>
<p><a href=""https://planning.alveary.org/links.html?id=recvfB9zd1vOwauPP&amp;term=2&amp;week=16"">Click here to view video/audio links.</a></p>","","https://planning.alveary.org/links.html?id=recvfB9zd1vOwauPP&term=2&week=16","Lesson","0","FALSE"
"alveary-recvfB9zd1vOwauPP-g4-6","Import is Current","alveary-rec3K269RKdu0dpbY-g4-6","17","3","20m Spanish Literature – Lesson 17","<h2>Materials</h2><p>⍞ Materials: Fábulas de Esopo p.25, Student Notebook</p>
<h2>Preparation</h2><p>➜ PREP <br> ⬚ Review instructions on how to teach Literature Lessons.<br> ⬚ Preview Lesson &amp; Audio/Video Links</p>
<h2>Phrase of the Week</h2><p>➜ PHRASE OF THE WEEK<br>Me gusta el color azul. - I like the color blue.</p>
<h2>Lesson</h2><p>➜ RECAP <br> ⬚ What do you recall from the previous lesson?</p><p>➜ LESSON <br> ⬚ Play Audio/Video Links &amp; Follow Along <br>     · Grades 1-3: Listen &amp; Narrate <br>     · Grades 4+: Listen, Read Along &amp; Narrate<br> ⬚ Practice/Review Past Story Lines</p>
<p><a href=""https://planning.alveary.org/pdf/modern-language/individual-lessons/rec3K269RKdu0dpbY.pdf"">Click here to view charts and additional lesson information.</a></p>
<p><a href=""https://planning.alveary.org/links.html?id=recvfB9zd1vOwauPP&amp;term=2&amp;week=17"">Click here to view video/audio links.</a></p>","","https://planning.alveary.org/links.html?id=recvfB9zd1vOwauPP&term=2&week=17","Lesson","0","FALSE"
"alveary-recvfB9zd1vOwauPP-g4-6","Import is Current","alveary-recs21CCoxJc2xXuQ-g4-6","18","3","20m Spanish Literature – Lesson 18","<h2>Materials</h2><p>⍞ Materials: Fábulas de Esopo p.42, Student Notebook</p>
<h2>Preparation</h2><p>➜ PREP <br> ⬚ Review instructions on how to teach Literature Lessons.<br> ⬚ Preview Lesson &amp; Audio/Video Links</p>
<h2>Phrase of the Week</h2><p>➜ PHRASE OF THE WEEK<br>Me levanto temprano. - I wake up early.</p>
<h2>Lesson</h2><p>➜ RECAP <br> ⬚ Recall what you learned in the previous lesson.</p><p>➜ LESSON <br> ⬚ Play Audio/Video Links &amp; Follow Along <br>     · Grades 1-3: Listen &amp; Narrate <br>     · Grades 4+: Listen, Read Along &amp; Narrate<br> ⬚ Introduce/Practice Literature Vocabulary<br> ⬚ Listen to/Practice Story Lines<br> ⬚ Storyboard - Draw pictures related to the story lines (optional for Grades 1-3)<br> ⬚ Copywork - Practice Writing Story Lines (optional for Grades 1-3)</p>
<p><a href=""https://planning.alveary.org/pdf/modern-language/individual-lessons/recs21CCoxJc2xXuQ.pdf"">Click here to view charts and additional lesson information.</a></p>
<p><a href=""https://planning.alveary.org/links.html?id=recvfB9zd1vOwauPP&amp;term=2&amp;week=18"">Click here to view video/audio links.</a></p>","","https://planning.alveary.org/links.html?id=recvfB9zd1vOwauPP&term=2&week=18","Lesson","0","FALSE"
"alveary-recvfB9zd1vOwauPP-g4-6","Import is Current","alveary-rec2pRlkfl8roy0Z9-g4-6","19","3","20m Spanish Literature – Lesson 19","<h2>Materials</h2><p>⍞ Materials: Fábulas de Esopo p.42, Student Notebook</p>
<h2>Preparation</h2><p>➜ PREP <br> ⬚ Review instructions on TPR Modeling and teaching Literature Lessons.<br> ⬚ Preview Lesson &amp; Audio/Video Links</p>
<h2>Phrase of the Week</h2><p>➜ PHRASE OF THE WEEK<br>Adiós, hasta mañana. - Goodbye, see you tomorrow.</p>
<h2>Lesson</h2><p>➜ RECAP <br> ⬚ Recall what you learned in the previous lesson.</p><p>➜ LESSON <br> ⬚ Play Audio/Video Links &amp; Follow Along <br>     · Grades 1-3: Listen &amp; Narrate <br>     · Grades 4+: Listen, Read Along &amp; Narrate<br> ⬚ Introduce/Practice Literature Vocabulary<br> ⬚ Listen to/Practice Story Lines<br> ⬚ Storyboard - Draw pictures related to the story lines (optional for Grades 1-3)<br> ⬚ Copywork - Practice Writing Story Lines (optional for Grades 1-3)</p>
<p><a href=""https://planning.alveary.org/pdf/modern-language/individual-lessons/rec2pRlkfl8roy0Z9.pdf"">Click here to view charts and additional lesson information.</a></p>
<p><a href=""https://planning.alveary.org/links.html?id=recvfB9zd1vOwauPP&amp;term=2&amp;week=19"">Click here to view video/audio links.</a></p>","","https://planning.alveary.org/links.html?id=recvfB9zd1vOwauPP&term=2&week=19","Lesson","0","FALSE"
"alveary-recvfB9zd1vOwauPP-g4-6","Import is Current","alveary-reclAyAc9UYoj1vI0-g4-6","20","3","20m Spanish Literature – Lesson 20","<h2>Materials</h2><p>⍞ Materials: Fábulas de Esopo p.42, Student Notebook</p>
<h2>Preparation</h2><p>➜ PREP <br> ⬚ Review instructions on how to teach Literature Lessons.<br> ⬚ Preview Lesson &amp; Audio/Video Links</p>
<h2>Phrase of the Week</h2><p>➜ PHRASE OF THE WEEK<br>Me lavo las manos - I wash my hands.</p>
<h2>Lesson</h2><p>➜ RECAP <br> ⬚ Recall what you learned in the previous lesson.</p><p>➜ LESSON <br> ⬚ Play Audio/Video Links &amp; Follow Along <br>     · Grades 1-3: Listen &amp; Narrate <br>     · Grades 4+: Listen, Read Along &amp; Narrate<br> ⬚ Introduce/Practice Literature Vocabulary<br> ⬚ Listen to/Practice Story Lines<br> ⬚ Storyboard - Draw pictures related to the story lines (optional for Grades 1-3)<br> ⬚ Copywork - Practice Writing Story Lines (optional for Grades 1-3)</p>
<p><a href=""https://planning.alveary.org/pdf/modern-language/individual-lessons/reclAyAc9UYoj1vI0.pdf"">Click here to view charts and additional lesson information.</a></p>
<p><a href=""https://planning.alveary.org/links.html?id=recvfB9zd1vOwauPP&amp;term=2&amp;week=20"">Click here to view video/audio links.</a></p>","","https://planning.alveary.org/links.html?id=recvfB9zd1vOwauPP&term=2&week=20","Lesson","0","FALSE"
"alveary-recvfB9zd1vOwauPP-g4-6","Import is Current","alveary-rec3XIA3wid2q2h6H-g4-6","21","3","20m Spanish Literature – Lesson 21","<h2>Materials</h2><p>⍞ Materials: Fábulas de Esopo p.42, Student Notebook</p>
<h2>Preparation</h2><p>➜ PREP <br> ⬚ Review instructions on TPR Modeling and teaching Literature Lessons.<br> ⬚ Preview Lesson &amp; Audio/Video Links</p>
<h2>Phrase of the Week</h2><p>➜ PHRASE OF THE WEEK<br>Me cepillo los dientes - I brush my teeth.</p>
<h2>Lesson</h2><p>➜ RECAP <br> ⬚ Recall what you learned in the previous lesson.</p><p>➜ LESSON <br> ⬚ Play Audio/Video Links &amp; Follow Along <br>     · Grades 1-3: Listen &amp; Narrate <br>     · Grades 4+: Listen, Read Along &amp; Narrate<br> ⬚ Introduce/Practice Literature Vocabulary<br> ⬚ Listen to/Practice Story Lines<br> ⬚ Storyboard - Draw pictures related to the story lines (optional for Grades 1-3)<br> ⬚ Copywork - Practice Writing Story Lines (optional for Grades 1-3)</p>
<p><a href=""https://planning.alveary.org/pdf/modern-language/individual-lessons/rec3XIA3wid2q2h6H.pdf"">Click here to view charts and additional lesson information.</a></p>
<p><a href=""https://planning.alveary.org/links.html?id=recvfB9zd1vOwauPP&amp;term=2&amp;week=21"">Click here to view video/audio links.</a></p>","","https://planning.alveary.org/links.html?id=recvfB9zd1vOwauPP&term=2&week=21","Lesson","0","FALSE"
"alveary-recvfB9zd1vOwauPP-g4-6","Import is Current","alveary-recRKIdQnL6MCQCSY-g4-6","22","3","20m Spanish Literature – Lesson 22","<h2>Materials</h2><p>⍞ Materials: Fábulas de Esopo p.42, Student Notebook</p>
<h2>Preparation</h2><p>➜ PREP <br> ⬚ Review instructions on how to teach Literature Lessons.<br> ⬚ Preview Lesson &amp; Audio/Video Links</p>
<h2>Phrase of the Week</h2><p>➜ PHRASE OF THE WEEK<br>Desayuno en la mañana. - I eat breakfast in the morning.</p>
<h2>Lesson</h2><p>➜ RECAP <br> ⬚ What do you recall from the previous lesson?</p><p>➜ LESSON <br> ⬚ Play Audio/Video Links &amp; Follow Along <br>     · Grades 1-3: Listen &amp; Narrate <br>     · Grades 4+: Listen, Read Along &amp; Narrate<br> ⬚ Practice/Review Past Story Lines</p>
<p><a href=""https://planning.alveary.org/pdf/modern-language/individual-lessons/recRKIdQnL6MCQCSY.pdf"">Click here to view charts and additional lesson information.</a></p>
<p><a href=""https://planning.alveary.org/links.html?id=recvfB9zd1vOwauPP&amp;term=2&amp;week=22"">Click here to view video/audio links.</a></p>","","https://planning.alveary.org/links.html?id=recvfB9zd1vOwauPP&term=2&week=22","Lesson","0","FALSE"
"alveary-recvfB9zd1vOwauPP-g4-6","Import is Current","alveary-recF8YfGttcr92OVJ-g4-6","23","3","20m Spanish Literature – Lesson 23","<h2>Materials</h2><p>⍞ Materials: Fábulas de Esopo p.25, 42, Student Notebook</p>
<h2>Preparation</h2><p>➜ PREP<br> ⬚ Review Term Lessons &amp; Content<br> ⬚ Prep or Bookmark Audio/Video Lessons (optional)</p>
<h2>Phrase of the Week</h2><p>➜ PHRASE OF THE WEEK<br>Me siento en mi silla. - I sit in my chair.</p>
<h2>Lesson</h2><p>➜ REVIEW<br> ⬚ Review Literature Lessons from the term.</p>
<p><a href=""https://planning.alveary.org/pdf/modern-language/individual-lessons/recF8YfGttcr92OVJ.pdf"">Click here to view charts and additional lesson information.</a></p>
<p><a href=""https://planning.alveary.org/links.html?id=recvfB9zd1vOwauPP&amp;term=2&amp;week=23"">Click here to view video/audio links.</a></p>","","https://planning.alveary.org/links.html?id=recvfB9zd1vOwauPP&term=2&week=23","Lesson","0","FALSE"
"alveary-recvfB9zd1vOwauPP-g4-6","Import is Current","alveary-recANn5Run7kQTxUn-g4-6","24","3","20m Spanish Literature – Lesson 24","<h2>Materials</h2><p>⍞ Materials: Cuadros de Familia</p>
<h2>Phrase of the Week</h2><p>➜ PHRASE OF THE WEEK<br> -</p>
<h2>Lesson</h2><p>➜ EXAMS<br>Answer questions related to course.</p><p>Questions will come from Course Materials</p>
<p><a href=""https://planning.alveary.org/pdf/modern-language/individual-lessons/recANn5Run7kQTxUn.pdf"">Click here to view charts and additional lesson information.</a></p>
<p><a href=""https://planning.alveary.org/links.html?id=recvfB9zd1vOwauPP"">Click here to view video/audio links.</a></p>","","https://planning.alveary.org/links.html?id=recvfB9zd1vOwauPP","Lesson","0","FALSE"
"alveary-recvfB9zd1vOwauPP-g4-6","Import is Current","alveary-reci4l8TlECNmPSAc-g4-6","25","3","20m Spanish Literature – Lesson 25","<h2>Materials</h2><p>⍞ Materials: Fábulas de Esopo p.41, Student Notebook</p>
<h2>Preparation</h2><p>➜ PREP <br> ⬚ Review instructions on how to teach Literature Lessons.<br> ⬚ Preview Lesson &amp; Audio/Video Links</p>
<h2>Phrase of the Week</h2><p>➜ PHRASE OF THE WEEK<br>Como mi almuerzo. - I eat my lunch.</p>
<h2>Lesson</h2><p>➜ RECAP <br> ⬚ Recall what you learned in the previous lesson.</p><p>➜ LESSON <br> ⬚ Play Audio/Video Links &amp; Follow Along <br>     · Grades 1-3: Listen &amp; Narrate <br>     · Grades 4+: Listen, Read Along &amp; Narrate<br> ⬚ Introduce/Practice Literature Vocabulary<br> ⬚ Listen to/Practice Story Lines<br> ⬚ Storyboard - Draw pictures related to the story lines (optional for Grades 1-3)<br> ⬚ Copywork - Practice Writing Story Lines (optional for Grades 1-3)</p>
<p><a href=""https://planning.alveary.org/pdf/modern-language/individual-lessons/reci4l8TlECNmPSAc.pdf"">Click here to view charts and additional lesson information.</a></p>
<p><a href=""https://planning.alveary.org/links.html?id=recvfB9zd1vOwauPP&amp;term=3&amp;week=25"">Click here to view video/audio links.</a></p>","","https://planning.alveary.org/links.html?id=recvfB9zd1vOwauPP&term=3&week=25","Lesson","0","FALSE"
"alveary-recvfB9zd1vOwauPP-g4-6","Import is Current","alveary-recaLUeIIhTx2f03j-g4-6","26","3","20m Spanish Literature – Lesson 26","<h2>Materials</h2><p>⍞ Materials: Fábulas de Esopo p.41, Student Notebook</p>
<h2>Preparation</h2><p>➜ PREP <br> ⬚ Review instructions on TPR Modeling and teaching Literature Lessons.<br> ⬚ Preview Lesson &amp; Audio/Video Links</p>
<h2>Phrase of the Week</h2><p>➜ PHRASE OF THE WEEK<br>Como mi desayuno. - I eat my breakfast.</p>
<h2>Lesson</h2><p>➜ RECAP <br> ⬚ Recall what you learned in the previous lesson.</p><p>➜ LESSON <br> ⬚ Play Audio/Video Links &amp; Follow Along <br>     · Grades 1-3: Listen &amp; Narrate <br>     · Grades 4+: Listen, Read Along &amp; Narrate<br> ⬚ Introduce/Practice Literature Vocabulary<br> ⬚ Listen to/Practice Story Lines<br> ⬚ Storyboard - Draw pictures related to the story lines (optional for Grades 1-3)<br> ⬚ Copywork - Practice Writing Story Lines (optional for Grades 1-3)</p>
<p><a href=""https://planning.alveary.org/pdf/modern-language/individual-lessons/recaLUeIIhTx2f03j.pdf"">Click here to view charts and additional lesson information.</a></p>
<p><a href=""https://planning.alveary.org/links.html?id=recvfB9zd1vOwauPP&amp;term=3&amp;week=26"">Click here to view video/audio links.</a></p>","","https://planning.alveary.org/links.html?id=recvfB9zd1vOwauPP&term=3&week=26","Lesson","0","FALSE"
"alveary-recvfB9zd1vOwauPP-g4-6","Import is Current","alveary-recJA4LrO1Bi7YZpe-g4-6","27","3","20m Spanish Literature – Lesson 27","<h2>Materials</h2><p>⍞ Materials: Fábulas de Esopo p.41, Student Notebook</p>
<h2>Preparation</h2><p>➜ PREP <br> ⬚ Review instructions on how to teach Literature Lessons.<br> ⬚ Preview Lesson &amp; Audio/Video Links</p>
<h2>Phrase of the Week</h2><p>➜ PHRASE OF THE WEEK<br>Me gusta la música. - I like music.</p>
<h2>Lesson</h2><p>➜ RECAP <br> ⬚ Recall what you learned in the previous lesson.</p><p>➜ LESSON <br> ⬚ Play Audio/Video Links &amp; Follow Along <br>     · Grades 1-3: Listen &amp; Narrate <br>     · Grades 4+: Listen, Read Along &amp; Narrate<br> ⬚ Introduce/Practice Literature Vocabulary<br> ⬚ Listen to/Practice Story Lines<br> ⬚ Storyboard - Draw pictures related to the story lines (optional for Grades 1-3)<br> ⬚ Copywork - Practice Writing Story Lines (optional for Grades 1-3)</p>
<p><a href=""https://planning.alveary.org/pdf/modern-language/individual-lessons/recJA4LrO1Bi7YZpe.pdf"">Click here to view charts and additional lesson information.</a></p>
<p><a href=""https://planning.alveary.org/links.html?id=recvfB9zd1vOwauPP&amp;term=3&amp;week=27"">Click here to view video/audio links.</a></p>","","https://planning.alveary.org/links.html?id=recvfB9zd1vOwauPP&term=3&week=27","Lesson","0","FALSE"
"alveary-recvfB9zd1vOwauPP-g4-6","Import is Current","alveary-reczCXEqVQ7LG8nJP-g4-6","28","3","20m Spanish Literature – Lesson 28","<h2>Materials</h2><p>⍞ Materials: Fábulas de Esopo p.41, Student Notebook</p>
<h2>Preparation</h2><p>➜ PREP <br> ⬚ Review instructions on TPR Modeling and teaching Literature Lessons.<br> ⬚ Preview Lesson &amp; Audio/Video Links</p>
<h2>Phrase of the Week</h2><p>➜ PHRASE OF THE WEEK<br>Cierra la puerta. - Close the door.</p>
<h2>Lesson</h2><p>➜ RECAP <br> ⬚ Recall what you learned in the previous lesson.</p><p>➜ LESSON <br> ⬚ Play Audio/Video Links &amp; Follow Along <br>     · Grades 1-3: Listen &amp; Narrate <br>     · Grades 4+: Listen, Read Along &amp; Narrate<br> ⬚ Introduce/Practice Literature Vocabulary<br> ⬚ Listen to/Practice Story Lines<br> ⬚ Storyboard - Draw pictures related to the story lines (optional for Grades 1-3)<br> ⬚ Copywork - Practice Writing Story Lines (optional for Grades 1-3)</p>
<p><a href=""https://planning.alveary.org/pdf/modern-language/individual-lessons/reczCXEqVQ7LG8nJP.pdf"">Click here to view charts and additional lesson information.</a></p>
<p><a href=""https://planning.alveary.org/links.html?id=recvfB9zd1vOwauPP&amp;term=3&amp;week=28"">Click here to view video/audio links.</a></p>","","https://planning.alveary.org/links.html?id=recvfB9zd1vOwauPP&term=3&week=28","Lesson","0","FALSE"
"alveary-recvfB9zd1vOwauPP-g4-6","Import is Current","alveary-rec8hwMeMS9Q9upu7-g4-6","29","3","20m Spanish Literature – Lesson 29","<h2>Materials</h2><p>⍞ Materials: Fábulas de Esopo p.41, Student Notebook</p>
<h2>Preparation</h2><p>➜ PREP <br> ⬚ Review instructions on how to teach Literature Lessons.<br> ⬚ Preview Lesson &amp; Audio/Video Links</p>
<h2>Phrase of the Week</h2><p>➜ PHRASE OF THE WEEK<br>Ayudo en la casa. - I help at home.</p>
<h2>Lesson</h2><p>➜ RECAP <br> ⬚ What do you recall from the previous lesson?</p><p>➜ LESSON <br> ⬚ Play Audio/Video Links &amp; Follow Along <br>     · Grades 1-3: Listen &amp; Narrate <br>     · Grades 4+: Listen, Read Along &amp; Narrate<br> ⬚ Practice/Review Past Story Lines</p>
<p><a href=""https://planning.alveary.org/pdf/modern-language/individual-lessons/rec8hwMeMS9Q9upu7.pdf"">Click here to view charts and additional lesson information.</a></p>
<p><a href=""https://planning.alveary.org/links.html?id=recvfB9zd1vOwauPP&amp;term=3&amp;week=29"">Click here to view video/audio links.</a></p>","","https://planning.alveary.org/links.html?id=recvfB9zd1vOwauPP&term=3&week=29","Lesson","0","FALSE"
"alveary-recvfB9zd1vOwauPP-g4-6","Import is Current","alveary-rec9o4snWibDWE2mX-g4-6","30","3","20m Spanish Literature – Lesson 30","<h2>Materials</h2><p>⍞ Materials: Fábulas de Esopo p.15, Student Notebook</p>
<h2>Preparation</h2><p>➜ PREP <br> ⬚ Review instructions on how to teach Literature Lessons.<br> ⬚ Preview Lesson &amp; Audio/Video Links</p>
<h2>Phrase of the Week</h2><p>➜ PHRASE OF THE WEEK<br>Limpio mi cuarto.  - I clean my room.</p>
<h2>Lesson</h2><p>➜ RECAP <br> ⬚ Recall what you learned in the previous lesson.</p><p>➜ LESSON <br> ⬚ Play Audio/Video Links &amp; Follow Along <br>     · Grades 1-3: Listen &amp; Narrate <br>     · Grades 4+: Listen, Read Along &amp; Narrate<br> ⬚ Introduce/Practice Literature Vocabulary<br> ⬚ Listen to/Practice Story Lines<br> ⬚ Storyboard - Draw pictures related to the story lines (optional for Grades 1-3)<br> ⬚ Copywork - Practice Writing Story Lines (optional for Grades 1-3)</p>
<p><a href=""https://planning.alveary.org/pdf/modern-language/individual-lessons/rec9o4snWibDWE2mX.pdf"">Click here to view charts and additional lesson information.</a></p>
<p><a href=""https://planning.alveary.org/links.html?id=recvfB9zd1vOwauPP&amp;term=3&amp;week=30"">Click here to view video/audio links.</a></p>","","https://planning.alveary.org/links.html?id=recvfB9zd1vOwauPP&term=3&week=30","Lesson","0","FALSE"
"alveary-recvfB9zd1vOwauPP-g4-6","Import is Current","alveary-recvN9mU33IHtjy3x-g4-6","31","3","20m Spanish Literature – Lesson 31","<h2>Materials</h2><p>⍞ Materials: Fábulas de Esopo p.15, Student Notebook</p>
<h2>Preparation</h2><p>➜ PREP <br> ⬚ Review instructions on TPR Modeling and teaching Literature Lessons.<br> ⬚ Preview Lesson &amp; Audio/Video Links</p>
<h2>Phrase of the Week</h2><p>➜ PHRASE OF THE WEEK<br>Pongo la mesa. - I set the table.</p>
<h2>Lesson</h2><p>➜ RECAP <br> ⬚ Recall what you learned in the previous lesson.</p><p>➜ LESSON <br> ⬚ Play Audio/Video Links &amp; Follow Along <br>     · Grades 1-3: Listen &amp; Narrate <br>     · Grades 4+: Listen, Read Along &amp; Narrate<br> ⬚ Introduce/Practice Literature Vocabulary<br> ⬚ Listen to/Practice Story Lines<br> ⬚ Storyboard - Draw pictures related to the story lines (optional for Grades 1-3)<br> ⬚ Copywork - Practice Writing Story Lines (optional for Grades 1-3)</p>
<p><a href=""https://planning.alveary.org/pdf/modern-language/individual-lessons/recvN9mU33IHtjy3x.pdf"">Click here to view charts and additional lesson information.</a></p>
<p><a href=""https://planning.alveary.org/links.html?id=recvfB9zd1vOwauPP&amp;term=3&amp;week=31"">Click here to view video/audio links.</a></p>","","https://planning.alveary.org/links.html?id=recvfB9zd1vOwauPP&term=3&week=31","Lesson","0","FALSE"
"alveary-recvfB9zd1vOwauPP-g4-6","Import is Current","alveary-recVhJJ0K2w20F70N-g4-6","32","3","20m Spanish Literature – Lesson 32","<h2>Materials</h2><p>⍞ Materials: Fábulas de Esopo p.15, Student Notebook</p>
<h2>Preparation</h2><p>➜ PREP <br> ⬚ Review instructions on how to teach Literature Lessons.<br> ⬚ Preview Lesson &amp; Audio/Video Links</p>
<h2>Phrase of the Week</h2><p>➜ PHRASE OF THE WEEK<br>Recojo mis juguetes. - I pick up my toys.</p>
<h2>Lesson</h2><p>➜ RECAP <br> ⬚ Recall what you learned in the previous lesson.</p><p>➜ LESSON <br> ⬚ Play Audio/Video Links &amp; Follow Along <br>     · Grades 1-3: Listen &amp; Narrate <br>     · Grades 4+: Listen, Read Along &amp; Narrate<br> ⬚ Introduce/Practice Literature Vocabulary<br> ⬚ Listen to/Practice Story Lines<br> ⬚ Storyboard - Draw pictures related to the story lines (optional for Grades 1-3)<br> ⬚ Copywork - Practice Writing Story Lines (optional for Grades 1-3)</p>
<p><a href=""https://planning.alveary.org/pdf/modern-language/individual-lessons/recVhJJ0K2w20F70N.pdf"">Click here to view charts and additional lesson information.</a></p>
<p><a href=""https://planning.alveary.org/links.html?id=recvfB9zd1vOwauPP&amp;term=3&amp;week=32"">Click here to view video/audio links.</a></p>","","https://planning.alveary.org/links.html?id=recvfB9zd1vOwauPP&term=3&week=32","Lesson","0","FALSE"
"alveary-recvfB9zd1vOwauPP-g4-6","Import is Current","alveary-recf2DJcoyZvE0Uk5-g4-6","33","3","20m Spanish Literature – Lesson 33","<h2>Materials</h2><p>⍞ Materials: Fábulas de Esopo p.15, Student Notebook</p>
<h2>Preparation</h2><p>➜ PREP <br> ⬚ Review instructions on TPR Modeling and teaching Literature Lessons.<br> ⬚ Preview Lesson &amp; Audio/Video Links</p>
<h2>Phrase of the Week</h2><p>➜ PHRASE OF THE WEEK<br>Ceno con mi familia. -  I eat dinner with my family.</p>
<h2>Lesson</h2><p>➜ RECAP <br> ⬚ Recall what you learned in the previous lesson.</p><p>➜ LESSON <br> ⬚ Play Audio/Video Links &amp; Follow Along <br>     · Grades 1-3: Listen &amp; Narrate <br>     · Grades 4+: Listen, Read Along &amp; Narrate<br> ⬚ Introduce/Practice Literature Vocabulary<br> ⬚ Listen to/Practice Story Lines<br> ⬚ Storyboard - Draw pictures related to the story lines (optional for Grades 1-3)<br> ⬚ Copywork - Practice Writing Story Lines (optional for Grades 1-3)</p>
<p><a href=""https://planning.alveary.org/pdf/modern-language/individual-lessons/recf2DJcoyZvE0Uk5.pdf"">Click here to view charts and additional lesson information.</a></p>
<p><a href=""https://planning.alveary.org/links.html?id=recvfB9zd1vOwauPP&amp;term=3&amp;week=33"">Click here to view video/audio links.</a></p>","","https://planning.alveary.org/links.html?id=recvfB9zd1vOwauPP&term=3&week=33","Lesson","0","FALSE"
"alveary-recvfB9zd1vOwauPP-g4-6","Import is Current","alveary-rec9FA5My9wZtwQF9-g4-6","34","3","20m Spanish Literature – Lesson 34","<h2>Materials</h2><p>⍞ Materials: Fábulas de Esopo p.15, Student Notebook</p>
<h2>Preparation</h2><p>➜ PREP <br> ⬚ Review instructions on how to teach Literature Lessons.<br> ⬚ Preview Lesson &amp; Audio/Video Links</p>
<h2>Phrase of the Week</h2><p>➜ PHRASE OF THE WEEK<br>Recojo los platos de la mesa. - I clear the dishes from the table.</p>
<h2>Lesson</h2><p>➜ RECAP <br> ⬚ What do you recall from the previous lesson?</p><p>➜ LESSON <br> ⬚ Play Audio/Video Links &amp; Follow Along <br>     · Grades 1-3: Listen &amp; Narrate <br>     · Grades 4+: Listen, Read Along &amp; Narrate<br> ⬚ Practice/Review Past Story Lines</p>
<p><a href=""https://planning.alveary.org/pdf/modern-language/individual-lessons/rec9FA5My9wZtwQF9.pdf"">Click here to view charts and additional lesson information.</a></p>
<p><a href=""https://planning.alveary.org/links.html?id=recvfB9zd1vOwauPP&amp;term=3&amp;week=34"">Click here to view video/audio links.</a></p>","","https://planning.alveary.org/links.html?id=recvfB9zd1vOwauPP&term=3&week=34","Lesson","0","FALSE"
"alveary-recvfB9zd1vOwauPP-g4-6","Import is Current","alveary-recUwB2uYI4MEZyk3-g4-6","35","3","20m Spanish Literature – Lesson 35","<h2>Materials</h2><p>⍞ Materials: Fábulas de Esopo p.41, 15, Student Notebook</p>
<h2>Preparation</h2><p>➜ PREP<br> ⬚ Review Term Lessons &amp; Content<br> ⬚ Prep or Bookmark Audio/Video Lessons (optional)</p>
<h2>Phrase of the Week</h2><p>➜ PHRASE OF THE WEEK<br>Apago la luz. - I turn off the light.</p>
<h2>Lesson</h2><p>➜ REVIEW<br> ⬚ Review Literature Lessons from the term.</p>
<p><a href=""https://planning.alveary.org/pdf/modern-language/individual-lessons/recUwB2uYI4MEZyk3.pdf"">Click here to view charts and additional lesson information.</a></p>
<p><a href=""https://planning.alveary.org/links.html?id=recvfB9zd1vOwauPP&amp;term=3&amp;week=35"">Click here to view video/audio links.</a></p>","","https://planning.alveary.org/links.html?id=recvfB9zd1vOwauPP&term=3&week=35","Lesson","0","FALSE"
"alveary-recvfB9zd1vOwauPP-g4-6","Import is Current","alveary-recoiWhKsqSA7QNnJ-g4-6","36","3","20m Spanish Literature – Lesson 36","<h2>Materials</h2><p>⍞ Materials: Cuadros de Familia</p>
<h2>Phrase of the Week</h2><p>➜ PHRASE OF THE WEEK<br> -</p>
<h2>Lesson</h2><p>➜ EXAMS<br>Answer questions related to course.</p><p>Questions will come from Course Materials</p>
<p><a href=""https://planning.alveary.org/pdf/modern-language/individual-lessons/recoiWhKsqSA7QNnJ.pdf"">Click here to view charts and additional lesson information.</a></p>
<p><a href=""https://planning.alveary.org/links.html?id=recvfB9zd1vOwauPP"">Click here to view video/audio links.</a></p>","","https://planning.alveary.org/links.html?id=recvfB9zd1vOwauPP","Lesson","0","FALSE"
"alveary-recvfB9zd1vOwauPP-g4-6","Import is Current","alveary-recQNRSwLLutSM5GA-g4-6","1","4","20m Spanish Literature Extension – Lesson 1","<h2>Materials</h2><p>⍞ Materials: Fábulas de Esopo p.31, Student Notebook</p>
<h2>Preparation</h2><p>➜ PREP <br> ⬚ Review instructions on how to teach Literature Lessons.<br> ⬚ Preview Lesson &amp; Audio/Video Links</p>
<h2>Phrase of the Week</h2><p>➜ PHRASE OF THE WEEK<br>¡Hola, amigos! -  Hello friends!</p>
<h2>Lesson</h2><p>➜ RECAP<br> ⬚ What do you recall from the previous lesson?</p><p>➜ LESSON <br> ⬚ Play Audio/Video Links &amp; Follow Along <br> ⬚ Practice Literature Vocabulary <br> ⬚ Practice Reading/Reciting Story Lines<br> ⬚ Storyboard - Continue drawing pictures related to the story lines<br> ⬚ Copywork - Continue writing story lines</p>
<p><a href=""https://planning.alveary.org/pdf/modern-language/individual-lessons/recQNRSwLLutSM5GA.pdf"">Click here to view charts and additional lesson information.</a></p>
<p><a href=""https://planning.alveary.org/links.html?id=recvfB9zd1vOwauPP&amp;term=1&amp;week=1"">Click here to view video/audio links.</a></p>","","https://planning.alveary.org/links.html?id=recvfB9zd1vOwauPP&term=1&week=1","Lesson","0","FALSE"
"alveary-recvfB9zd1vOwauPP-g4-6","Import is Current","alveary-recLgb8WuJf7ZVM8W-g4-6","2","4","20m Spanish Literature Extension – Lesson 2","<h2>Materials</h2><p>⍞ Materials: Fábulas de Esopo p.31, Student Notebook</p>
<h2>Preparation</h2><p>➜ PREP <br> ⬚ Review instructions on TPR Modeling and teaching Literature Lessons.<br> ⬚ Preview Lesson &amp; Audio/Video Links</p>
<h2>Phrase of the Week</h2><p>➜ PHRASE OF THE WEEK<br>Buenos días, maestra. - Good morning, teacher.</p>
<h2>Lesson</h2><p>➜ RECAP<br> ⬚ What do you recall from the previous lesson?</p><p>➜ LESSON <br> ⬚ Play Audio/Video Links &amp; Follow Along <br> ⬚ Practice Literature Vocabulary <br> ⬚ Practice Reading/Reciting Story Lines<br> ⬚ Storyboard - Continue drawing pictures related to the story lines<br> ⬚ Copywork - Continue writing story lines</p>
<p><a href=""https://planning.alveary.org/pdf/modern-language/individual-lessons/recLgb8WuJf7ZVM8W.pdf"">Click here to view charts and additional lesson information.</a></p>
<p><a href=""https://planning.alveary.org/links.html?id=recvfB9zd1vOwauPP&amp;term=1&amp;week=2"">Click here to view video/audio links.</a></p>","","https://planning.alveary.org/links.html?id=recvfB9zd1vOwauPP&term=1&week=2","Lesson","0","FALSE"
"alveary-recvfB9zd1vOwauPP-g4-6","Import is Current","alveary-rec8w2isGBtvyTkoH-g4-6","3","4","20m Spanish Literature Extension – Lesson 3","<h2>Materials</h2><p>⍞ Materials: Fábulas de Esopo p.31, Student Notebook</p>
<h2>Preparation</h2><p>➜ PREP <br> ⬚ Review instructions on how to teach Literature Lessons.<br> ⬚ Preview Lesson &amp; Audio/Video Links</p>
<h2>Phrase of the Week</h2><p>➜ PHRASE OF THE WEEK<br>Buenas noches, mamá. - Good night, mom.</p>
<h2>Lesson</h2><p>➜ RECAP<br> ⬚ What do you recall from the previous lesson?</p><p>➜ LESSON <br> ⬚ Play Audio/Video Links &amp; Follow Along <br> ⬚ Practice Literature Vocabulary <br> ⬚ Practice Reading/Reciting Story Lines<br> ⬚ Storyboard - Continue drawing pictures related to the story lines<br> ⬚ Copywork - Continue writing story lines</p>
<p><a href=""https://planning.alveary.org/pdf/modern-language/individual-lessons/rec8w2isGBtvyTkoH.pdf"">Click here to view charts and additional lesson information.</a></p>
<p><a href=""https://planning.alveary.org/links.html?id=recvfB9zd1vOwauPP&amp;term=1&amp;week=3"">Click here to view video/audio links.</a></p>","","https://planning.alveary.org/links.html?id=recvfB9zd1vOwauPP&term=1&week=3","Lesson","0","FALSE"
"alveary-recvfB9zd1vOwauPP-g4-6","Import is Current","alveary-recVX5u8Fw8jR4Zet-g4-6","4","4","20m Spanish Literature Extension – Lesson 4","<h2>Materials</h2><p>⍞ Materials: Fábulas de Esopo p.31, Student Notebook</p>
<h2>Preparation</h2><p>➜ PREP <br> ⬚ Review instructions on TPR Modeling and teaching Literature Lessons.<br> ⬚ Preview Lesson &amp; Audio/Video Links</p>
<h2>Phrase of the Week</h2><p>➜ PHRASE OF THE WEEK<br>Duermo toda la noche. - I sleep all night.</p>
<h2>Lesson</h2><p>➜ RECAP<br> ⬚ What do you recall from the previous lesson?</p><p>➜ LESSON <br> ⬚ Play Audio/Video Links &amp; Follow Along <br> ⬚ Practice Literature Vocabulary <br> ⬚ Practice Reading/Reciting Story Lines<br> ⬚ Storyboard - Continue drawing pictures related to the story lines<br> ⬚ Copywork - Continue writing story lines</p>
<p><a href=""https://planning.alveary.org/pdf/modern-language/individual-lessons/recVX5u8Fw8jR4Zet.pdf"">Click here to view charts and additional lesson information.</a></p>
<p><a href=""https://planning.alveary.org/links.html?id=recvfB9zd1vOwauPP&amp;term=1&amp;week=4"">Click here to view video/audio links.</a></p>","","https://planning.alveary.org/links.html?id=recvfB9zd1vOwauPP&term=1&week=4","Lesson","0","FALSE"
"alveary-recvfB9zd1vOwauPP-g4-6","Import is Current","alveary-rec5SjJbUbFkBVpu2-g4-6","5","4","20m Spanish Literature Extension – Lesson 5","<h2>Materials</h2><p>⍞ Materials: Fábulas de Esopo p.31, Student Notebook</p>
<h2>Preparation</h2><p>➜ PREP <br> ⬚ Review instructions on how to teach Literature Lessons.<br> ⬚ Preview Lesson &amp; Audio/Video Links</p>
<h2>Phrase of the Week</h2><p>➜ PHRASE OF THE WEEK<br>Gracias por tu ayuda. - Thank you for your help.</p>
<h2>Lesson</h2><p>➜ RECAP <br> ⬚ What do you recall from the previous lesson?</p><p>➜ LESSON <br> ⬚ Play Audio/Video Links &amp; Follow Along <br>     · Grades 1-3: Listen &amp; Narrate <br>     · Grades 4+: Listen, Read Along &amp; Narrate<br> ⬚ Practice/Review Past Story Lines</p>
<p><a href=""https://planning.alveary.org/pdf/modern-language/individual-lessons/rec5SjJbUbFkBVpu2.pdf"">Click here to view charts and additional lesson information.</a></p>
<p><a href=""https://planning.alveary.org/links.html?id=recvfB9zd1vOwauPP&amp;term=1&amp;week=5"">Click here to view video/audio links.</a></p>","","https://planning.alveary.org/links.html?id=recvfB9zd1vOwauPP&term=1&week=5","Lesson","0","FALSE"
"alveary-recvfB9zd1vOwauPP-g4-6","Import is Current","alveary-recXE3QSIVjsASXVn-g4-6","6","4","20m Spanish Literature Extension – Lesson 6","<h2>Materials</h2><p>⍞ Materials: Fábulas de Esopo p.16, Student Notebook</p>
<h2>Preparation</h2><p>➜ PREP <br> ⬚ Review instructions on how to teach Literature Lessons.<br> ⬚ Preview Lesson &amp; Audio/Video Links</p>
<h2>Phrase of the Week</h2><p>➜ PHRASE OF THE WEEK<br>¿Puedes repetir? - Can you repeat?</p>
<h2>Lesson</h2><p>➜ RECAP<br> ⬚ What do you recall from the previous lesson?</p><p>➜ LESSON <br> ⬚ Play Audio/Video Links &amp; Follow Along <br> ⬚ Practice Literature Vocabulary <br> ⬚ Practice Reading/Reciting Story Lines<br> ⬚ Storyboard - Continue drawing pictures related to the story lines<br> ⬚ Copywork - Continue writing story lines</p>
<p><a href=""https://planning.alveary.org/pdf/modern-language/individual-lessons/recXE3QSIVjsASXVn.pdf"">Click here to view charts and additional lesson information.</a></p>
<p><a href=""https://planning.alveary.org/links.html?id=recvfB9zd1vOwauPP&amp;term=1&amp;week=6"">Click here to view video/audio links.</a></p>","","https://planning.alveary.org/links.html?id=recvfB9zd1vOwauPP&term=1&week=6","Lesson","0","FALSE"
"alveary-recvfB9zd1vOwauPP-g4-6","Import is Current","alveary-recJuNfXTcN4As66V-g4-6","7","4","20m Spanish Literature Extension – Lesson 7","<h2>Materials</h2><p>⍞ Materials: Fábulas de Esopo p.16, Student Notebook</p>
<h2>Preparation</h2><p>➜ PREP <br> ⬚ Review instructions on TPR Modeling and teaching Literature Lessons.<br> ⬚ Preview Lesson &amp; Audio/Video Links</p>
<h2>Phrase of the Week</h2><p>➜ PHRASE OF THE WEEK<br>Lo siento mucho. -  I am very sorry.</p>
<h2>Lesson</h2><p>➜ RECAP<br> ⬚ What do you recall from the previous lesson?</p><p>➜ LESSON <br> ⬚ Play Audio/Video Links &amp; Follow Along <br> ⬚ Practice Literature Vocabulary <br> ⬚ Practice Reading/Reciting Story Lines<br> ⬚ Storyboard - Continue drawing pictures related to the story lines<br> ⬚ Copywork - Continue writing story lines</p>
<p><a href=""https://planning.alveary.org/pdf/modern-language/individual-lessons/recJuNfXTcN4As66V.pdf"">Click here to view charts and additional lesson information.</a></p>
<p><a href=""https://planning.alveary.org/links.html?id=recvfB9zd1vOwauPP&amp;term=1&amp;week=7"">Click here to view video/audio links.</a></p>","","https://planning.alveary.org/links.html?id=recvfB9zd1vOwauPP&term=1&week=7","Lesson","0","FALSE"
"alveary-recvfB9zd1vOwauPP-g4-6","Import is Current","alveary-recuvhIVArp29UoF0-g4-6","8","4","20m Spanish Literature Extension – Lesson 8","<h2>Materials</h2><p>⍞ Materials: Fábulas de Esopo p.16, Student Notebook</p>
<h2>Preparation</h2><p>➜ PREP <br> ⬚ Review instructions on how to teach Literature Lessons.<br> ⬚ Preview Lesson &amp; Audio/Video Links</p>
<h2>Phrase of the Week</h2><p>➜ PHRASE OF THE WEEK<br>Me gusta leer libros. - I like to read books.</p>
<h2>Lesson</h2><p>➜ RECAP<br> ⬚ What do you recall from the previous lesson?</p><p>➜ LESSON <br> ⬚ Play Audio/Video Links &amp; Follow Along <br> ⬚ Practice Literature Vocabulary <br> ⬚ Practice Reading/Reciting Story Lines<br> ⬚ Storyboard - Continue drawing pictures related to the story lines<br> ⬚ Copywork - Continue writing story lines</p>
<p><a href=""https://planning.alveary.org/pdf/modern-language/individual-lessons/recuvhIVArp29UoF0.pdf"">Click here to view charts and additional lesson information.</a></p>
<p><a href=""https://planning.alveary.org/links.html?id=recvfB9zd1vOwauPP&amp;term=1&amp;week=8"">Click here to view video/audio links.</a></p>","","https://planning.alveary.org/links.html?id=recvfB9zd1vOwauPP&term=1&week=8","Lesson","0","FALSE"
"alveary-recvfB9zd1vOwauPP-g4-6","Import is Current","alveary-recADYc5Zcf4lDkX7-g4-6","9","4","20m Spanish Literature Extension – Lesson 9","<h2>Materials</h2><p>⍞ Materials: Fábulas de Esopo p.16, Student Notebook</p>
<h2>Preparation</h2><p>➜ PREP <br> ⬚ Review instructions on TPR Modeling and teaching Literature Lessons.<br> ⬚ Preview Lesson &amp; Audio/Video Links</p>
<h2>Phrase of the Week</h2><p>➜ PHRASE OF THE WEEK<br>Me gusta jugar afuera - I like to play outside.</p>
<h2>Lesson</h2><p>➜ RECAP<br> ⬚ What do you recall from the previous lesson?</p><p>➜ LESSON <br> ⬚ Play Audio/Video Links &amp; Follow Along <br> ⬚ Practice Literature Vocabulary <br> ⬚ Practice Reading/Reciting Story Lines<br> ⬚ Storyboard - Continue drawing pictures related to the story lines<br> ⬚ Copywork - Continue writing story lines</p>
<p><a href=""https://planning.alveary.org/pdf/modern-language/individual-lessons/recADYc5Zcf4lDkX7.pdf"">Click here to view charts and additional lesson information.</a></p>
<p><a href=""https://planning.alveary.org/links.html?id=recvfB9zd1vOwauPP&amp;term=1&amp;week=9"">Click here to view video/audio links.</a></p>","","https://planning.alveary.org/links.html?id=recvfB9zd1vOwauPP&term=1&week=9","Lesson","0","FALSE"
"alveary-recvfB9zd1vOwauPP-g4-6","Import is Current","alveary-recGK8hrOi8l8jfmp-g4-6","10","4","20m Spanish Literature Extension – Lesson 10","<h2>Materials</h2><p>⍞ Materials: Fábulas de Esopo p.16, Student Notebook</p>
<h2>Preparation</h2><p>➜ PREP <br> ⬚ Review instructions on how to teach Literature Lessons.<br> ⬚ Preview Lesson &amp; Audio/Video Links</p>
<h2>Phrase of the Week</h2><p>➜ PHRASE OF THE WEEK<br>Tengo un perro. - I have a dog.</p>
<h2>Lesson</h2><p>➜ RECAP <br> ⬚ What do you recall from the previous lesson?</p><p>➜ LESSON <br> ⬚ Play Audio/Video Links &amp; Follow Along <br>     · Grades 1-3: Listen &amp; Narrate <br>     · Grades 4+: Listen, Read Along &amp; Narrate<br> ⬚ Practice/Review Past Story Lines</p>
<p><a href=""https://planning.alveary.org/pdf/modern-language/individual-lessons/recGK8hrOi8l8jfmp.pdf"">Click here to view charts and additional lesson information.</a></p>
<p><a href=""https://planning.alveary.org/links.html?id=recvfB9zd1vOwauPP&amp;term=1&amp;week=10"">Click here to view video/audio links.</a></p>","","https://planning.alveary.org/links.html?id=recvfB9zd1vOwauPP&term=1&week=10","Lesson","0","FALSE"
"alveary-recvfB9zd1vOwauPP-g4-6","Import is Current","alveary-recVmmcKzCRsysUE9-g4-6","11","4","20m Spanish Literature Extension – Lesson 11","<h2>Materials</h2><p>⍞ Materials: Fábulas de Esopo p.31, 16, Student Notebook</p>
<h2>Preparation</h2><p>➜ PREP<br> ⬚ Review Term Lessons &amp; Content<br> ⬚ Prep or Bookmark Audio/Video Lessons (optional)</p>
<h2>Phrase of the Week</h2><p>➜ PHRASE OF THE WEEK<br>La clase es divertida. - The class is fun.</p>
<h2>Lesson</h2><p>➜ REVIEW<br> ⬚ Review Literature Lessons from the term.</p>
<p><a href=""https://planning.alveary.org/pdf/modern-language/individual-lessons/recVmmcKzCRsysUE9.pdf"">Click here to view charts and additional lesson information.</a></p>
<p><a href=""https://planning.alveary.org/links.html?id=recvfB9zd1vOwauPP&amp;term=1&amp;week=11"">Click here to view video/audio links.</a></p>","","https://planning.alveary.org/links.html?id=recvfB9zd1vOwauPP&term=1&week=11","Lesson","0","FALSE"
"alveary-recvfB9zd1vOwauPP-g4-6","Import is Current","alveary-recKc2cD5qA4rMeJe-g4-6","12","4","20m Spanish Literature Extension – Lesson 12","<h2>Materials</h2><p>⍞ Materials: Cuadros de Familia</p>
<h2>Phrase of the Week</h2><p>➜ PHRASE OF THE WEEK<br> -</p>
<h2>Lesson</h2><p>➜ EXAMS<br>Answer questions related to course.</p><p>Questions will come from Course Materials</p>
<p><a href=""https://planning.alveary.org/pdf/modern-language/individual-lessons/recKc2cD5qA4rMeJe.pdf"">Click here to view charts and additional lesson information.</a></p>
<p><a href=""https://planning.alveary.org/links.html?id=recvfB9zd1vOwauPP"">Click here to view video/audio links.</a></p>","","https://planning.alveary.org/links.html?id=recvfB9zd1vOwauPP","Lesson","0","FALSE"
"alveary-recvfB9zd1vOwauPP-g4-6","Import is Current","alveary-recdG7IKOemUmqtqw-g4-6","13","4","20m Spanish Literature Extension – Lesson 13","<h2>Materials</h2><p>⍞ Materials: Fábulas de Esopo p.25, Student Notebook</p>
<h2>Preparation</h2><p>➜ PREP <br> ⬚ Review instructions on how to teach Literature Lessons.<br> ⬚ Preview Lesson &amp; Audio/Video Links</p>
<h2>Phrase of the Week</h2><p>➜ PHRASE OF THE WEEK<br>Vamos a aprender. - Let's learn.</p>
<h2>Lesson</h2><p>➜ RECAP<br> ⬚ What do you recall from the previous lesson?</p><p>➜ LESSON <br> ⬚ Play Audio/Video Links &amp; Follow Along <br> ⬚ Practice Literature Vocabulary <br> ⬚ Practice Reading/Reciting Story Lines<br> ⬚ Storyboard - Continue drawing pictures related to the story lines<br> ⬚ Copywork - Continue writing story lines</p>
<p><a href=""https://planning.alveary.org/pdf/modern-language/individual-lessons/recdG7IKOemUmqtqw.pdf"">Click here to view charts and additional lesson information.</a></p>
<p><a href=""https://planning.alveary.org/links.html?id=recvfB9zd1vOwauPP&amp;term=2&amp;week=13"">Click here to view video/audio links.</a></p>","","https://planning.alveary.org/links.html?id=recvfB9zd1vOwauPP&term=2&week=13","Lesson","0","FALSE"
"alveary-recvfB9zd1vOwauPP-g4-6","Import is Current","alveary-rece1pNgQZXXrL2wN-g4-6","14","4","20m Spanish Literature Extension – Lesson 14","<h2>Materials</h2><p>⍞ Materials: Fábulas de Esopo p.25, Student Notebook</p>
<h2>Preparation</h2><p>➜ PREP <br> ⬚ Review instructions on TPR Modeling and teaching Literature Lessons.<br> ⬚ Preview Lesson &amp; Audio/Video Links</p>
<h2>Phrase of the Week</h2><p>➜ PHRASE OF THE WEEK<br>Hoy hace sol. - Today it is sunny</p>
<h2>Lesson</h2><p>➜ RECAP<br> ⬚ What do you recall from the previous lesson?</p><p>➜ LESSON <br> ⬚ Play Audio/Video Links &amp; Follow Along <br> ⬚ Practice Literature Vocabulary <br> ⬚ Practice Reading/Reciting Story Lines<br> ⬚ Storyboard - Continue drawing pictures related to the story lines<br> ⬚ Copywork - Continue writing story lines</p>
<p><a href=""https://planning.alveary.org/pdf/modern-language/individual-lessons/rece1pNgQZXXrL2wN.pdf"">Click here to view charts and additional lesson information.</a></p>
<p><a href=""https://planning.alveary.org/links.html?id=recvfB9zd1vOwauPP&amp;term=2&amp;week=14"">Click here to view video/audio links.</a></p>","","https://planning.alveary.org/links.html?id=recvfB9zd1vOwauPP&term=2&week=14","Lesson","0","FALSE"
"alveary-recvfB9zd1vOwauPP-g4-6","Import is Current","alveary-recFlaNcBGnuxGEAk-g4-6","15","4","20m Spanish Literature Extension – Lesson 15","<h2>Materials</h2><p>⍞ Materials: Fábulas de Esopo p.25, Student Notebook</p>
<h2>Preparation</h2><p>➜ PREP <br> ⬚ Review instructions on how to teach Literature Lessons.<br> ⬚ Preview Lesson &amp; Audio/Video Links</p>
<h2>Phrase of the Week</h2><p>➜ PHRASE OF THE WEEK<br>Juego con mis amigos. - I play with my friends.</p>
<h2>Lesson</h2><p>➜ RECAP<br> ⬚ What do you recall from the previous lesson?</p><p>➜ LESSON <br> ⬚ Play Audio/Video Links &amp; Follow Along <br> ⬚ Practice Literature Vocabulary <br> ⬚ Practice Reading/Reciting Story Lines<br> ⬚ Storyboard - Continue drawing pictures related to the story lines<br> ⬚ Copywork - Continue writing story lines</p>
<p><a href=""https://planning.alveary.org/pdf/modern-language/individual-lessons/recFlaNcBGnuxGEAk.pdf"">Click here to view charts and additional lesson information.</a></p>
<p><a href=""https://planning.alveary.org/links.html?id=recvfB9zd1vOwauPP&amp;term=2&amp;week=15"">Click here to view video/audio links.</a></p>","","https://planning.alveary.org/links.html?id=recvfB9zd1vOwauPP&term=2&week=15","Lesson","0","FALSE"
"alveary-recvfB9zd1vOwauPP-g4-6","Import is Current","alveary-recQGaelqf2bLNX7u-g4-6","16","4","20m Spanish Literature Extension – Lesson 16","<h2>Materials</h2><p>⍞ Materials: Fábulas de Esopo p.25, Student Notebook</p>
<h2>Preparation</h2><p>➜ PREP <br> ⬚ Review instructions on TPR Modeling and teaching Literature Lessons.<br> ⬚ Preview Lesson &amp; Audio/Video Links</p>
<h2>Phrase of the Week</h2><p>➜ PHRASE OF THE WEEK<br>Estoy feliz hoy. - I am happy today.</p>
<h2>Lesson</h2><p>➜ RECAP<br> ⬚ What do you recall from the previous lesson?</p><p>➜ LESSON <br> ⬚ Play Audio/Video Links &amp; Follow Along <br> ⬚ Practice Literature Vocabulary <br> ⬚ Practice Reading/Reciting Story Lines<br> ⬚ Storyboard - Continue drawing pictures related to the story lines<br> ⬚ Copywork - Continue writing story lines</p>
<p><a href=""https://planning.alveary.org/pdf/modern-language/individual-lessons/recQGaelqf2bLNX7u.pdf"">Click here to view charts and additional lesson information.</a></p>
<p><a href=""https://planning.alveary.org/links.html?id=recvfB9zd1vOwauPP&amp;term=2&amp;week=16"">Click here to view video/audio links.</a></p>","","https://planning.alveary.org/links.html?id=recvfB9zd1vOwauPP&term=2&week=16","Lesson","0","FALSE"
"alveary-recvfB9zd1vOwauPP-g4-6","Import is Current","alveary-recFmr6yx2GOPrSFs-g4-6","17","4","20m Spanish Literature Extension – Lesson 17","<h2>Materials</h2><p>⍞ Materials: Fábulas de Esopo p.25, Student Notebook</p>
<h2>Preparation</h2><p>➜ PREP <br> ⬚ Review instructions on how to teach Literature Lessons.<br> ⬚ Preview Lesson &amp; Audio/Video Links</p>
<h2>Phrase of the Week</h2><p>➜ PHRASE OF THE WEEK<br>Me gusta el color azul. - I like the color blue.</p>
<h2>Lesson</h2><p>➜ RECAP <br> ⬚ What do you recall from the previous lesson?</p><p>➜ LESSON <br> ⬚ Play Audio/Video Links &amp; Follow Along <br>     · Grades 1-3: Listen &amp; Narrate <br>     · Grades 4+: Listen, Read Along &amp; Narrate<br> ⬚ Practice/Review Past Story Lines</p>
<p><a href=""https://planning.alveary.org/pdf/modern-language/individual-lessons/recFmr6yx2GOPrSFs.pdf"">Click here to view charts and additional lesson information.</a></p>
<p><a href=""https://planning.alveary.org/links.html?id=recvfB9zd1vOwauPP&amp;term=2&amp;week=17"">Click here to view video/audio links.</a></p>","","https://planning.alveary.org/links.html?id=recvfB9zd1vOwauPP&term=2&week=17","Lesson","0","FALSE"
"alveary-recvfB9zd1vOwauPP-g4-6","Import is Current","alveary-rec2Iku9SWUFd1teM-g4-6","18","4","20m Spanish Literature Extension – Lesson 18","<h2>Materials</h2><p>⍞ Materials: Fábulas de Esopo p.42, Student Notebook</p>
<h2>Preparation</h2><p>➜ PREP <br> ⬚ Review instructions on how to teach Literature Lessons.<br> ⬚ Preview Lesson &amp; Audio/Video Links</p>
<h2>Phrase of the Week</h2><p>➜ PHRASE OF THE WEEK<br>Me levanto temprano. - I wake up early.</p>
<h2>Lesson</h2><p>➜ RECAP<br> ⬚ What do you recall from the previous lesson?</p><p>➜ LESSON <br> ⬚ Play Audio/Video Links &amp; Follow Along <br> ⬚ Practice Literature Vocabulary <br> ⬚ Practice Reading/Reciting Story Lines<br> ⬚ Storyboard - Continue drawing pictures related to the story lines<br> ⬚ Copywork - Continue writing story lines</p>
<p><a href=""https://planning.alveary.org/pdf/modern-language/individual-lessons/rec2Iku9SWUFd1teM.pdf"">Click here to view charts and additional lesson information.</a></p>
<p><a href=""https://planning.alveary.org/links.html?id=recvfB9zd1vOwauPP&amp;term=2&amp;week=18"">Click here to view video/audio links.</a></p>","","https://planning.alveary.org/links.html?id=recvfB9zd1vOwauPP&term=2&week=18","Lesson","0","FALSE"
"alveary-recvfB9zd1vOwauPP-g4-6","Import is Current","alveary-recN178H5C8QJcMkX-g4-6","19","4","20m Spanish Literature Extension – Lesson 19","<h2>Materials</h2><p>⍞ Materials: Fábulas de Esopo p.42, Student Notebook</p>
<h2>Preparation</h2><p>➜ PREP <br> ⬚ Review instructions on TPR Modeling and teaching Literature Lessons.<br> ⬚ Preview Lesson &amp; Audio/Video Links</p>
<h2>Phrase of the Week</h2><p>➜ PHRASE OF THE WEEK<br>Adiós, hasta mañana. - Goodbye, see you tomorrow.</p>
<h2>Lesson</h2><p>➜ RECAP<br> ⬚ What do you recall from the previous lesson?</p><p>➜ LESSON <br> ⬚ Play Audio/Video Links &amp; Follow Along <br> ⬚ Practice Literature Vocabulary <br> ⬚ Practice Reading/Reciting Story Lines<br> ⬚ Storyboard - Continue drawing pictures related to the story lines<br> ⬚ Copywork - Continue writing story lines</p>
<p><a href=""https://planning.alveary.org/pdf/modern-language/individual-lessons/recN178H5C8QJcMkX.pdf"">Click here to view charts and additional lesson information.</a></p>
<p><a href=""https://planning.alveary.org/links.html?id=recvfB9zd1vOwauPP&amp;term=2&amp;week=19"">Click here to view video/audio links.</a></p>","","https://planning.alveary.org/links.html?id=recvfB9zd1vOwauPP&term=2&week=19","Lesson","0","FALSE"
"alveary-recvfB9zd1vOwauPP-g4-6","Import is Current","alveary-recWpeK8AGBlbZExx-g4-6","20","4","20m Spanish Literature Extension – Lesson 20","<h2>Materials</h2><p>⍞ Materials: Fábulas de Esopo p.42, Student Notebook</p>
<h2>Preparation</h2><p>➜ PREP <br> ⬚ Review instructions on how to teach Literature Lessons.<br> ⬚ Preview Lesson &amp; Audio/Video Links</p>
<h2>Phrase of the Week</h2><p>➜ PHRASE OF THE WEEK<br>Me lavo las manos - I wash my hands.</p>
<h2>Lesson</h2><p>➜ RECAP<br> ⬚ What do you recall from the previous lesson?</p><p>➜ LESSON <br> ⬚ Play Audio/Video Links &amp; Follow Along <br> ⬚ Practice Literature Vocabulary <br> ⬚ Practice Reading/Reciting Story Lines<br> ⬚ Storyboard - Continue drawing pictures related to the story lines<br> ⬚ Copywork - Continue writing story lines</p>
<p><a href=""https://planning.alveary.org/pdf/modern-language/individual-lessons/recWpeK8AGBlbZExx.pdf"">Click here to view charts and additional lesson information.</a></p>
<p><a href=""https://planning.alveary.org/links.html?id=recvfB9zd1vOwauPP&amp;term=2&amp;week=20"">Click here to view video/audio links.</a></p>","","https://planning.alveary.org/links.html?id=recvfB9zd1vOwauPP&term=2&week=20","Lesson","0","FALSE"
"alveary-recvfB9zd1vOwauPP-g4-6","Import is Current","alveary-recp6CdKZ20AoVbvf-g4-6","21","4","20m Spanish Literature Extension – Lesson 21","<h2>Materials</h2><p>⍞ Materials: Fábulas de Esopo p.42, Student Notebook</p>
<h2>Preparation</h2><p>➜ PREP <br> ⬚ Review instructions on TPR Modeling and teaching Literature Lessons.<br> ⬚ Preview Lesson &amp; Audio/Video Links</p>
<h2>Phrase of the Week</h2><p>➜ PHRASE OF THE WEEK<br>Me cepillo los dientes - I brush my teeth.</p>
<h2>Lesson</h2><p>➜ RECAP<br> ⬚ What do you recall from the previous lesson?</p><p>➜ LESSON <br> ⬚ Play Audio/Video Links &amp; Follow Along <br> ⬚ Practice Literature Vocabulary <br> ⬚ Practice Reading/Reciting Story Lines<br> ⬚ Storyboard - Continue drawing pictures related to the story lines<br> ⬚ Copywork - Continue writing story lines</p>
<p><a href=""https://planning.alveary.org/pdf/modern-language/individual-lessons/recp6CdKZ20AoVbvf.pdf"">Click here to view charts and additional lesson information.</a></p>
<p><a href=""https://planning.alveary.org/links.html?id=recvfB9zd1vOwauPP&amp;term=2&amp;week=21"">Click here to view video/audio links.</a></p>","","https://planning.alveary.org/links.html?id=recvfB9zd1vOwauPP&term=2&week=21","Lesson","0","FALSE"
"alveary-recvfB9zd1vOwauPP-g4-6","Import is Current","alveary-recF9f78qx3yG0Rjo-g4-6","22","4","20m Spanish Literature Extension – Lesson 22","<h2>Materials</h2><p>⍞ Materials: Fábulas de Esopo p.42, Student Notebook</p>
<h2>Preparation</h2><p>➜ PREP <br> ⬚ Review instructions on how to teach Literature Lessons.<br> ⬚ Preview Lesson &amp; Audio/Video Links</p>
<h2>Phrase of the Week</h2><p>➜ PHRASE OF THE WEEK<br>Desayuno en la mañana. - I eat breakfast in the morning.</p>
<h2>Lesson</h2><p>➜ RECAP <br> ⬚ What do you recall from the previous lesson?</p><p>➜ LESSON <br> ⬚ Play Audio/Video Links &amp; Follow Along <br>     · Grades 1-3: Listen &amp; Narrate <br>     · Grades 4+: Listen, Read Along &amp; Narrate<br> ⬚ Practice/Review Past Story Lines</p>
<p><a href=""https://planning.alveary.org/pdf/modern-language/individual-lessons/recF9f78qx3yG0Rjo.pdf"">Click here to view charts and additional lesson information.</a></p>
<p><a href=""https://planning.alveary.org/links.html?id=recvfB9zd1vOwauPP&amp;term=2&amp;week=22"">Click here to view video/audio links.</a></p>","","https://planning.alveary.org/links.html?id=recvfB9zd1vOwauPP&term=2&week=22","Lesson","0","FALSE"
"alveary-recvfB9zd1vOwauPP-g4-6","Import is Current","alveary-recBQKvlmLZ4RlBOf-g4-6","23","4","20m Spanish Literature Extension – Lesson 23","<h2>Materials</h2><p>⍞ Materials: Fábulas de Esopo p.25, 42, Student Notebook</p>
<h2>Preparation</h2><p>➜ PREP<br> ⬚ Review Term Lessons &amp; Content<br> ⬚ Prep or Bookmark Audio/Video Lessons (optional)</p>
<h2>Phrase of the Week</h2><p>➜ PHRASE OF THE WEEK<br>Me siento en mi silla. - I sit in my chair.</p>
<h2>Lesson</h2><p>➜ REVIEW<br> ⬚ Review Literature Lessons from the term.</p>
<p><a href=""https://planning.alveary.org/pdf/modern-language/individual-lessons/recBQKvlmLZ4RlBOf.pdf"">Click here to view charts and additional lesson information.</a></p>
<p><a href=""https://planning.alveary.org/links.html?id=recvfB9zd1vOwauPP&amp;term=2&amp;week=23"">Click here to view video/audio links.</a></p>","","https://planning.alveary.org/links.html?id=recvfB9zd1vOwauPP&term=2&week=23","Lesson","0","FALSE"
"alveary-recvfB9zd1vOwauPP-g4-6","Import is Current","alveary-receb8oEn4zpVbSfZ-g4-6","24","4","20m Spanish Literature Extension – Lesson 24","<h2>Materials</h2><p>⍞ Materials: Cuadros de Familia</p>
<h2>Phrase of the Week</h2><p>➜ PHRASE OF THE WEEK<br> -</p>
<h2>Lesson</h2><p>➜ EXAMS<br>Answer questions related to course.</p><p>Questions will come from Course Materials</p>
<p><a href=""https://planning.alveary.org/pdf/modern-language/individual-lessons/receb8oEn4zpVbSfZ.pdf"">Click here to view charts and additional lesson information.</a></p>
<p><a href=""https://planning.alveary.org/links.html?id=recvfB9zd1vOwauPP"">Click here to view video/audio links.</a></p>","","https://planning.alveary.org/links.html?id=recvfB9zd1vOwauPP","Lesson","0","FALSE"
"alveary-recvfB9zd1vOwauPP-g4-6","Import is Current","alveary-recUPNc1WzpZA1Akd-g4-6","25","4","20m Spanish Literature Extension – Lesson 25","<h2>Materials</h2><p>⍞ Materials: Fábulas de Esopo p.41, Student Notebook</p>
<h2>Preparation</h2><p>➜ PREP <br> ⬚ Review instructions on how to teach Literature Lessons.<br> ⬚ Preview Lesson &amp; Audio/Video Links</p>
<h2>Phrase of the Week</h2><p>➜ PHRASE OF THE WEEK<br>Como mi almuerzo. - I eat my lunch.</p>
<h2>Lesson</h2><p>➜ RECAP<br> ⬚ What do you recall from the previous lesson?</p><p>➜ LESSON <br> ⬚ Play Audio/Video Links &amp; Follow Along <br> ⬚ Practice Literature Vocabulary <br> ⬚ Practice Reading/Reciting Story Lines<br> ⬚ Storyboard - Continue drawing pictures related to the story lines<br> ⬚ Copywork - Continue writing story lines</p>
<p><a href=""https://planning.alveary.org/pdf/modern-language/individual-lessons/recUPNc1WzpZA1Akd.pdf"">Click here to view charts and additional lesson information.</a></p>
<p><a href=""https://planning.alveary.org/links.html?id=recvfB9zd1vOwauPP&amp;term=3&amp;week=25"">Click here to view video/audio links.</a></p>","","https://planning.alveary.org/links.html?id=recvfB9zd1vOwauPP&term=3&week=25","Lesson","0","FALSE"
"alveary-recvfB9zd1vOwauPP-g4-6","Import is Current","alveary-recppvnntyQ1KwC5B-g4-6","26","4","20m Spanish Literature Extension – Lesson 26","<h2>Materials</h2><p>⍞ Materials: Fábulas de Esopo p.41, Student Notebook</p>
<h2>Preparation</h2><p>➜ PREP <br> ⬚ Review instructions on TPR Modeling and teaching Literature Lessons.<br> ⬚ Preview Lesson &amp; Audio/Video Links</p>
<h2>Phrase of the Week</h2><p>➜ PHRASE OF THE WEEK<br>Como mi desayuno. - I eat my breakfast.</p>
<h2>Lesson</h2><p>➜ RECAP<br> ⬚ What do you recall from the previous lesson?</p><p>➜ LESSON <br> ⬚ Play Audio/Video Links &amp; Follow Along <br> ⬚ Practice Literature Vocabulary <br> ⬚ Practice Reading/Reciting Story Lines<br> ⬚ Storyboard - Continue drawing pictures related to the story lines<br> ⬚ Copywork - Continue writing story lines</p>
<p><a href=""https://planning.alveary.org/pdf/modern-language/individual-lessons/recppvnntyQ1KwC5B.pdf"">Click here to view charts and additional lesson information.</a></p>
<p><a href=""https://planning.alveary.org/links.html?id=recvfB9zd1vOwauPP&amp;term=3&amp;week=26"">Click here to view video/audio links.</a></p>","","https://planning.alveary.org/links.html?id=recvfB9zd1vOwauPP&term=3&week=26","Lesson","0","FALSE"
"alveary-recvfB9zd1vOwauPP-g4-6","Import is Current","alveary-recCpo4BtB3P55zkB-g4-6","27","4","20m Spanish Literature Extension – Lesson 27","<h2>Materials</h2><p>⍞ Materials: Fábulas de Esopo p.41, Student Notebook</p>
<h2>Preparation</h2><p>➜ PREP <br> ⬚ Review instructions on how to teach Literature Lessons.<br> ⬚ Preview Lesson &amp; Audio/Video Links</p>
<h2>Phrase of the Week</h2><p>➜ PHRASE OF THE WEEK<br>Me gusta la música. - I like music.</p>
<h2>Lesson</h2><p>➜ RECAP<br> ⬚ What do you recall from the previous lesson?</p><p>➜ LESSON <br> ⬚ Play Audio/Video Links &amp; Follow Along <br> ⬚ Practice Literature Vocabulary <br> ⬚ Practice Reading/Reciting Story Lines<br> ⬚ Storyboard - Continue drawing pictures related to the story lines<br> ⬚ Copywork - Continue writing story lines</p>
<p><a href=""https://planning.alveary.org/pdf/modern-language/individual-lessons/recCpo4BtB3P55zkB.pdf"">Click here to view charts and additional lesson information.</a></p>
<p><a href=""https://planning.alveary.org/links.html?id=recvfB9zd1vOwauPP&amp;term=3&amp;week=27"">Click here to view video/audio links.</a></p>","","https://planning.alveary.org/links.html?id=recvfB9zd1vOwauPP&term=3&week=27","Lesson","0","FALSE"
"alveary-recvfB9zd1vOwauPP-g4-6","Import is Current","alveary-recWH4fmS7oa9mRf3-g4-6","28","4","20m Spanish Literature Extension – Lesson 28","<h2>Materials</h2><p>⍞ Materials: Fábulas de Esopo p.41, Student Notebook</p>
<h2>Preparation</h2><p>➜ PREP <br> ⬚ Review instructions on TPR Modeling and teaching Literature Lessons.<br> ⬚ Preview Lesson &amp; Audio/Video Links</p>
<h2>Phrase of the Week</h2><p>➜ PHRASE OF THE WEEK<br>Cierra la puerta. - Close the door.</p>
<h2>Lesson</h2><p>➜ RECAP<br> ⬚ What do you recall from the previous lesson?</p><p>➜ LESSON <br> ⬚ Play Audio/Video Links &amp; Follow Along <br> ⬚ Practice Literature Vocabulary <br> ⬚ Practice Reading/Reciting Story Lines<br> ⬚ Storyboard - Continue drawing pictures related to the story lines<br> ⬚ Copywork - Continue writing story lines</p>
<p><a href=""https://planning.alveary.org/pdf/modern-language/individual-lessons/recWH4fmS7oa9mRf3.pdf"">Click here to view charts and additional lesson information.</a></p>
<p><a href=""https://planning.alveary.org/links.html?id=recvfB9zd1vOwauPP&amp;term=3&amp;week=28"">Click here to view video/audio links.</a></p>","","https://planning.alveary.org/links.html?id=recvfB9zd1vOwauPP&term=3&week=28","Lesson","0","FALSE"
"alveary-recvfB9zd1vOwauPP-g4-6","Import is Current","alveary-rec5P6stX6zuTKw6i-g4-6","29","4","20m Spanish Literature Extension – Lesson 29","<h2>Materials</h2><p>⍞ Materials: Fábulas de Esopo p.41, Student Notebook</p>
<h2>Preparation</h2><p>➜ PREP <br> ⬚ Review instructions on how to teach Literature Lessons.<br> ⬚ Preview Lesson &amp; Audio/Video Links</p>
<h2>Phrase of the Week</h2><p>➜ PHRASE OF THE WEEK<br>Ayudo en la casa. - I help at home.</p>
<h2>Lesson</h2><p>➜ RECAP <br> ⬚ What do you recall from the previous lesson?</p><p>➜ LESSON <br> ⬚ Play Audio/Video Links &amp; Follow Along <br>     · Grades 1-3: Listen &amp; Narrate <br>     · Grades 4+: Listen, Read Along &amp; Narrate<br> ⬚ Practice/Review Past Story Lines</p>
<p><a href=""https://planning.alveary.org/pdf/modern-language/individual-lessons/rec5P6stX6zuTKw6i.pdf"">Click here to view charts and additional lesson information.</a></p>
<p><a href=""https://planning.alveary.org/links.html?id=recvfB9zd1vOwauPP&amp;term=3&amp;week=29"">Click here to view video/audio links.</a></p>","","https://planning.alveary.org/links.html?id=recvfB9zd1vOwauPP&term=3&week=29","Lesson","0","FALSE"
"alveary-recvfB9zd1vOwauPP-g4-6","Import is Current","alveary-rec9Wz0wYD2UlzzSx-g4-6","30","4","20m Spanish Literature Extension – Lesson 30","<h2>Materials</h2><p>⍞ Materials: Fábulas de Esopo p.15, Student Notebook</p>
<h2>Preparation</h2><p>➜ PREP <br> ⬚ Review instructions on how to teach Literature Lessons.<br> ⬚ Preview Lesson &amp; Audio/Video Links</p>
<h2>Phrase of the Week</h2><p>➜ PHRASE OF THE WEEK<br>Limpio mi cuarto.  - I clean my room.</p>
<h2>Lesson</h2><p>➜ RECAP<br> ⬚ What do you recall from the previous lesson?</p><p>➜ LESSON <br> ⬚ Play Audio/Video Links &amp; Follow Along <br> ⬚ Practice Literature Vocabulary <br> ⬚ Practice Reading/Reciting Story Lines<br> ⬚ Storyboard - Continue drawing pictures related to the story lines<br> ⬚ Copywork - Continue writing story lines</p>
<p><a href=""https://planning.alveary.org/pdf/modern-language/individual-lessons/rec9Wz0wYD2UlzzSx.pdf"">Click here to view charts and additional lesson information.</a></p>
<p><a href=""https://planning.alveary.org/links.html?id=recvfB9zd1vOwauPP&amp;term=3&amp;week=30"">Click here to view video/audio links.</a></p>","","https://planning.alveary.org/links.html?id=recvfB9zd1vOwauPP&term=3&week=30","Lesson","0","FALSE"
"alveary-recvfB9zd1vOwauPP-g4-6","Import is Current","alveary-recJu0SQWQCQj6Ywl-g4-6","31","4","20m Spanish Literature Extension – Lesson 31","<h2>Materials</h2><p>⍞ Materials: Fábulas de Esopo p.15, Student Notebook</p>
<h2>Preparation</h2><p>➜ PREP <br> ⬚ Review instructions on TPR Modeling and teaching Literature Lessons.<br> ⬚ Preview Lesson &amp; Audio/Video Links</p>
<h2>Phrase of the Week</h2><p>➜ PHRASE OF THE WEEK<br>Pongo la mesa. - I set the table.</p>
<h2>Lesson</h2><p>➜ RECAP<br> ⬚ What do you recall from the previous lesson?</p><p>➜ LESSON <br> ⬚ Play Audio/Video Links &amp; Follow Along <br> ⬚ Practice Literature Vocabulary <br> ⬚ Practice Reading/Reciting Story Lines<br> ⬚ Storyboard - Continue drawing pictures related to the story lines<br> ⬚ Copywork - Continue writing story lines</p>
<p><a href=""https://planning.alveary.org/pdf/modern-language/individual-lessons/recJu0SQWQCQj6Ywl.pdf"">Click here to view charts and additional lesson information.</a></p>
<p><a href=""https://planning.alveary.org/links.html?id=recvfB9zd1vOwauPP&amp;term=3&amp;week=31"">Click here to view video/audio links.</a></p>","","https://planning.alveary.org/links.html?id=recvfB9zd1vOwauPP&term=3&week=31","Lesson","0","FALSE"
"alveary-recvfB9zd1vOwauPP-g4-6","Import is Current","alveary-recMzAYvL79cyV3YX-g4-6","32","4","20m Spanish Literature Extension – Lesson 32","<h2>Materials</h2><p>⍞ Materials: Fábulas de Esopo p.15, Student Notebook</p>
<h2>Preparation</h2><p>➜ PREP <br> ⬚ Review instructions on how to teach Literature Lessons.<br> ⬚ Preview Lesson &amp; Audio/Video Links</p>
<h2>Phrase of the Week</h2><p>➜ PHRASE OF THE WEEK<br>Recojo mis juguetes. - I pick up my toys.</p>
<h2>Lesson</h2><p>➜ RECAP<br> ⬚ What do you recall from the previous lesson?</p><p>➜ LESSON <br> ⬚ Play Audio/Video Links &amp; Follow Along <br> ⬚ Practice Literature Vocabulary <br> ⬚ Practice Reading/Reciting Story Lines<br> ⬚ Storyboard - Continue drawing pictures related to the story lines<br> ⬚ Copywork - Continue writing story lines</p>
<p><a href=""https://planning.alveary.org/pdf/modern-language/individual-lessons/recMzAYvL79cyV3YX.pdf"">Click here to view charts and additional lesson information.</a></p>
<p><a href=""https://planning.alveary.org/links.html?id=recvfB9zd1vOwauPP&amp;term=3&amp;week=32"">Click here to view video/audio links.</a></p>","","https://planning.alveary.org/links.html?id=recvfB9zd1vOwauPP&term=3&week=32","Lesson","0","FALSE"
"alveary-recvfB9zd1vOwauPP-g4-6","Import is Current","alveary-recCdWFSP4r8Gd3BP-g4-6","33","4","20m Spanish Literature Extension – Lesson 33","<h2>Materials</h2><p>⍞ Materials: Fábulas de Esopo p.15, Student Notebook</p>
<h2>Preparation</h2><p>➜ PREP <br> ⬚ Review instructions on TPR Modeling and teaching Literature Lessons.<br> ⬚ Preview Lesson &amp; Audio/Video Links</p>
<h2>Phrase of the Week</h2><p>➜ PHRASE OF THE WEEK<br>Ceno con mi familia. -  I eat dinner with my family.</p>
<h2>Lesson</h2><p>➜ RECAP<br> ⬚ What do you recall from the previous lesson?</p><p>➜ LESSON <br> ⬚ Play Audio/Video Links &amp; Follow Along <br> ⬚ Practice Literature Vocabulary <br> ⬚ Practice Reading/Reciting Story Lines<br> ⬚ Storyboard - Continue drawing pictures related to the story lines<br> ⬚ Copywork - Continue writing story lines</p>
<p><a href=""https://planning.alveary.org/pdf/modern-language/individual-lessons/recCdWFSP4r8Gd3BP.pdf"">Click here to view charts and additional lesson information.</a></p>
<p><a href=""https://planning.alveary.org/links.html?id=recvfB9zd1vOwauPP&amp;term=3&amp;week=33"">Click here to view video/audio links.</a></p>","","https://planning.alveary.org/links.html?id=recvfB9zd1vOwauPP&term=3&week=33","Lesson","0","FALSE"
"alveary-recvfB9zd1vOwauPP-g4-6","Import is Current","alveary-receO7Pc3YIFZuvxV-g4-6","34","4","20m Spanish Literature Extension – Lesson 34","<h2>Materials</h2><p>⍞ Materials: Fábulas de Esopo p.15, Student Notebook</p>
<h2>Preparation</h2><p>➜ PREP <br> ⬚ Review instructions on how to teach Literature Lessons.<br> ⬚ Preview Lesson &amp; Audio/Video Links</p>
<h2>Phrase of the Week</h2><p>➜ PHRASE OF THE WEEK<br>Recojo los platos de la mesa. - I clear the dishes from the table.</p>
<h2>Lesson</h2><p>➜ RECAP <br> ⬚ What do you recall from the previous lesson?</p><p>➜ LESSON <br> ⬚ Play Audio/Video Links &amp; Follow Along <br>     · Grades 1-3: Listen &amp; Narrate <br>     · Grades 4+: Listen, Read Along &amp; Narrate<br> ⬚ Practice/Review Past Story Lines</p>
<p><a href=""https://planning.alveary.org/pdf/modern-language/individual-lessons/receO7Pc3YIFZuvxV.pdf"">Click here to view charts and additional lesson information.</a></p>
<p><a href=""https://planning.alveary.org/links.html?id=recvfB9zd1vOwauPP&amp;term=3&amp;week=34"">Click here to view video/audio links.</a></p>","","https://planning.alveary.org/links.html?id=recvfB9zd1vOwauPP&term=3&week=34","Lesson","0","FALSE"
"alveary-recvfB9zd1vOwauPP-g4-6","Import is Current","alveary-recycOvvSHx8BGje4-g4-6","35","4","20m Spanish Literature Extension – Lesson 35","<h2>Materials</h2><p>⍞ Materials: Fábulas de Esopo p.41, 15, Student Notebook</p>
<h2>Preparation</h2><p>➜ PREP<br> ⬚ Review Term Lessons &amp; Content<br> ⬚ Prep or Bookmark Audio/Video Lessons (optional)</p>
<h2>Phrase of the Week</h2><p>➜ PHRASE OF THE WEEK<br>Apago la luz. - I turn off the light.</p>
<h2>Lesson</h2><p>➜ REVIEW<br> ⬚ Review Literature Lessons from the term.</p>
<p><a href=""https://planning.alveary.org/pdf/modern-language/individual-lessons/recycOvvSHx8BGje4.pdf"">Click here to view charts and additional lesson information.</a></p>
<p><a href=""https://planning.alveary.org/links.html?id=recvfB9zd1vOwauPP&amp;term=3&amp;week=35"">Click here to view video/audio links.</a></p>","","https://planning.alveary.org/links.html?id=recvfB9zd1vOwauPP&term=3&week=35","Lesson","0","FALSE"
"alveary-recvfB9zd1vOwauPP-g4-6","Import is Current","alveary-recG8cRneIBqrmRie-g4-6","36","4","20m Spanish Literature Extension – Lesson 36","<h2>Materials</h2><p>⍞ Materials: Cuadros de Familia</p>
<h2>Phrase of the Week</h2><p>➜ PHRASE OF THE WEEK<br> -</p>
<h2>Lesson</h2><p>➜ EXAMS<br>Answer questions related to course.</p><p>Questions will come from Course Materials</p>
<p><a href=""https://planning.alveary.org/pdf/modern-language/individual-lessons/recG8cRneIBqrmRie.pdf"">Click here to view charts and additional lesson information.</a></p>
<p><a href=""https://planning.alveary.org/links.html?id=recvfB9zd1vOwauPP"">Click here to view video/audio links.</a></p>","","https://planning.alveary.org/links.html?id=recvfB9zd1vOwauPP","Lesson","0","FALSE"
"alveary-recvfB9zd1vOwauPP-g4-6","Import is Current","alveary-recSlkmCqzeaAWAhm-g4-6","1","5","20m Spanish Songs, Rhymes & Conversations – Lesson 1","<h2>Materials</h2><p>⍞ Materials: Diez Deditos p.18-19, Student Notebook</p>
<h2>Preparation</h2><p>➜ PREP <br> ⬚ Review instructions on teaching Song, Rhyme &amp; Conversation Lessons <br> ⬚ Preview Lesson and Links</p>
<h2>Phrase of the Week</h2><p>➜ PHRASE OF THE WEEK<br>¡Hola, amigos! -  Hello friends!</p>
<h2>Lesson</h2><p>➜ LESSON <br> ⬚  Introduce Song or Rhyme <br> ⬚  Play Audio Links &amp; follow along<br> ⬚  Practice Reciting or Singing Along with the recording <br> <br>➜ CONVERSATION <br> ⬚ Play Audio Links<br> ⬚ Practice Conversation Sentences</p>
<p><a href=""https://planning.alveary.org/pdf/modern-language/individual-lessons/recSlkmCqzeaAWAhm.pdf"">Click here to view charts and additional lesson information.</a></p>
<p><a href=""https://planning.alveary.org/links.html?id=recvfB9zd1vOwauPP&amp;term=1&amp;week=1"">Click here to view video/audio links.</a></p>","","https://planning.alveary.org/links.html?id=recvfB9zd1vOwauPP&term=1&week=1","Lesson","0","FALSE"
"alveary-recvfB9zd1vOwauPP-g4-6","Import is Current","alveary-recRQ01zZ5Ew5Nh23-g4-6","2","5","20m Spanish Songs, Rhymes & Conversations – Lesson 2","<h2>Materials</h2><p>⍞ Materials: Diez Deditos p.18-19, Student Notebook</p>
<h2>Preparation</h2><p>➜ PREP <br> ⬚ Review instructions on teaching Song, Rhyme &amp; Conversation Lessons <br> ⬚ Preview Lesson and Links</p>
<h2>Phrase of the Week</h2><p>➜ PHRASE OF THE WEEK<br>Buenos días, maestra. - Good morning, teacher.</p>
<h2>Lesson</h2><p>➜ RECAP <br> ⬚ What do you recall from the previous lesson?</p><p>➜ LESSON <br> ⬚  Introduce Song or Rhyme <br> ⬚  Play Audio Links &amp; follow along<br> ⬚  Practice Reciting or Singing Along with the recording <br> <br>➜ CONVERSATION <br> ⬚ Play Audio Links<br> ⬚ Practice Conversation Sentences</p>
<p><a href=""https://planning.alveary.org/pdf/modern-language/individual-lessons/recRQ01zZ5Ew5Nh23.pdf"">Click here to view charts and additional lesson information.</a></p>
<p><a href=""https://planning.alveary.org/links.html?id=recvfB9zd1vOwauPP&amp;term=1&amp;week=2"">Click here to view video/audio links.</a></p>","","https://planning.alveary.org/links.html?id=recvfB9zd1vOwauPP&term=1&week=2","Lesson","0","FALSE"
"alveary-recvfB9zd1vOwauPP-g4-6","Import is Current","alveary-rec8UQTCFXekUpPgP-g4-6","3","5","20m Spanish Songs, Rhymes & Conversations – Lesson 3","<h2>Materials</h2><p>⍞ Materials: Diez Deditos p.18-19, Student Notebook</p>
<h2>Preparation</h2><p>➜ PREP <br> ⬚ Review instructions on teaching Song, Rhyme &amp; Conversation Lessons <br> ⬚ Preview Lesson and Links</p>
<h2>Phrase of the Week</h2><p>➜ PHRASE OF THE WEEK<br>Buenas noches, mamá. - Good night, mom.</p>
<h2>Lesson</h2><p>➜ LESSON <br> ⬚  Introduce Song or Rhyme <br> ⬚  Play Audio Links &amp; follow along<br> ⬚  Practice Reciting or Singing Along with the recording <br> <br>➜ CONVERSATION <br> ⬚ Play Audio Links<br> ⬚ Practice Conversation Sentences</p>
<p><a href=""https://planning.alveary.org/pdf/modern-language/individual-lessons/rec8UQTCFXekUpPgP.pdf"">Click here to view charts and additional lesson information.</a></p>
<p><a href=""https://planning.alveary.org/links.html?id=recvfB9zd1vOwauPP&amp;term=1&amp;week=3"">Click here to view video/audio links.</a></p>","","https://planning.alveary.org/links.html?id=recvfB9zd1vOwauPP&term=1&week=3","Lesson","0","FALSE"
"alveary-recvfB9zd1vOwauPP-g4-6","Import is Current","alveary-recS7lNBnC7eL1yCv-g4-6","4","5","20m Spanish Songs, Rhymes & Conversations – Lesson 4","<h2>Materials</h2><p>⍞ Materials: Diez Deditos p.18-19, Student Notebook</p>
<h2>Preparation</h2><p>➜ PREP <br> ⬚ Review instructions on teaching Song, Rhyme &amp; Conversation Lessons <br> ⬚ Preview Lesson and Links</p>
<h2>Phrase of the Week</h2><p>➜ PHRASE OF THE WEEK<br>Duermo toda la noche. - I sleep all night.</p>
<h2>Lesson</h2><p>➜ RECAP <br> ⬚ What do you recall from the previous lesson?</p><p>➜ LESSON <br> ⬚  Introduce Song or Rhyme <br> ⬚  Play Audio Links &amp; follow along<br> ⬚  Practice Reciting or Singing Along with the recording <br> <br>➜ CONVERSATION <br> ⬚ Play Audio Links<br> ⬚ Practice Conversation Sentences</p>
<p><a href=""https://planning.alveary.org/pdf/modern-language/individual-lessons/recS7lNBnC7eL1yCv.pdf"">Click here to view charts and additional lesson information.</a></p>
<p><a href=""https://planning.alveary.org/links.html?id=recvfB9zd1vOwauPP&amp;term=1&amp;week=4"">Click here to view video/audio links.</a></p>","","https://planning.alveary.org/links.html?id=recvfB9zd1vOwauPP&term=1&week=4","Lesson","0","FALSE"
"alveary-recvfB9zd1vOwauPP-g4-6","Import is Current","alveary-rec4MEn0oMhKLy72M-g4-6","5","5","20m Spanish Songs, Rhymes & Conversations – Lesson 5","<h2>Materials</h2><p>⍞ Materials: Diez Deditos p.18-19, Student Notebook</p>
<h2>Preparation</h2><p>➜ PREP <br> ⬚ Review instructions on teaching Song, Rhyme &amp; Conversation Lessons <br> ⬚ Preview Lesson and Links</p>
<h2>Phrase of the Week</h2><p>➜ PHRASE OF THE WEEK<br>Gracias por tu ayuda. - Thank you for your help.</p>
<h2>Lesson</h2><p>➜ RECAP <br> ⬚ What do you recall from the previous lesson?</p><p>➜ LESSON <br> ⬚  Review Song or Rhyme <br> ⬚  Play Audio Links &amp; follow along<br> ⬚  Practice Reciting or Singing Along with the recording <br> <br>➜ CONVERSATION <br> ⬚ Play Audio Links<br> ⬚ Practice Conversation Sentences</p>
<p><a href=""https://planning.alveary.org/pdf/modern-language/individual-lessons/rec4MEn0oMhKLy72M.pdf"">Click here to view charts and additional lesson information.</a></p>
<p><a href=""https://planning.alveary.org/links.html?id=recvfB9zd1vOwauPP&amp;term=1&amp;week=5"">Click here to view video/audio links.</a></p>","","https://planning.alveary.org/links.html?id=recvfB9zd1vOwauPP&term=1&week=5","Lesson","0","FALSE"
"alveary-recvfB9zd1vOwauPP-g4-6","Import is Current","alveary-reclphYaNQlkE0P4z-g4-6","6","5","20m Spanish Songs, Rhymes & Conversations – Lesson 6","<h2>Materials</h2><p>⍞ Materials: Diez Deditos p.10, Student Notebook</p>
<h2>Preparation</h2><p>➜ PREP <br> ⬚ Review instructions on teaching Song, Rhyme &amp; Conversation Lessons <br> ⬚ Preview Lesson and Links</p>
<h2>Phrase of the Week</h2><p>➜ PHRASE OF THE WEEK<br>¿Puedes repetir? - Can you repeat?</p>
<h2>Lesson</h2><p>➜ LESSON <br> ⬚  Introduce Song or Rhyme <br> ⬚  Play Audio Links &amp; follow along<br> ⬚  Practice Reciting or Singing Along with the recording <br> <br>➜ CONVERSATION <br> ⬚ Play Audio Links<br> ⬚ Practice Conversation Sentences</p>
<p><a href=""https://planning.alveary.org/pdf/modern-language/individual-lessons/reclphYaNQlkE0P4z.pdf"">Click here to view charts and additional lesson information.</a></p>
<p><a href=""https://planning.alveary.org/links.html?id=recvfB9zd1vOwauPP&amp;term=1&amp;week=6"">Click here to view video/audio links.</a></p>","","https://planning.alveary.org/links.html?id=recvfB9zd1vOwauPP&term=1&week=6","Lesson","0","FALSE"
"alveary-recvfB9zd1vOwauPP-g4-6","Import is Current","alveary-recBORG4T4w5aW8Wc-g4-6","7","5","20m Spanish Songs, Rhymes & Conversations – Lesson 7","<h2>Materials</h2><p>⍞ Materials: Diez Deditos p.10, Student Notebook</p>
<h2>Preparation</h2><p>➜ PREP <br> ⬚ Review instructions on teaching Song, Rhyme &amp; Conversation Lessons <br> ⬚ Preview Lesson and Links</p>
<h2>Phrase of the Week</h2><p>➜ PHRASE OF THE WEEK<br>Lo siento mucho. -  I am very sorry.</p>
<h2>Lesson</h2><p>➜ RECAP <br> ⬚ What do you recall from the previous lesson?</p><p>➜ LESSON <br> ⬚  Introduce Song or Rhyme <br> ⬚  Play Audio Links &amp; follow along<br> ⬚  Practice Reciting or Singing Along with the recording <br> <br>➜ CONVERSATION <br> ⬚ Play Audio Links<br> ⬚ Practice Conversation Sentences</p>
<p><a href=""https://planning.alveary.org/pdf/modern-language/individual-lessons/recBORG4T4w5aW8Wc.pdf"">Click here to view charts and additional lesson information.</a></p>
<p><a href=""https://planning.alveary.org/links.html?id=recvfB9zd1vOwauPP&amp;term=1&amp;week=7"">Click here to view video/audio links.</a></p>","","https://planning.alveary.org/links.html?id=recvfB9zd1vOwauPP&term=1&week=7","Lesson","0","FALSE"
"alveary-recvfB9zd1vOwauPP-g4-6","Import is Current","alveary-recEyRBsJVeZIbnz0-g4-6","8","5","20m Spanish Songs, Rhymes & Conversations – Lesson 8","<h2>Materials</h2><p>⍞ Materials: Diez Deditos p.10, Student Notebook</p>
<h2>Preparation</h2><p>➜ PREP <br> ⬚ Review instructions on teaching Song, Rhyme &amp; Conversation Lessons <br> ⬚ Preview Lesson and Links</p>
<h2>Phrase of the Week</h2><p>➜ PHRASE OF THE WEEK<br>Me gusta leer libros. - I like to read books.</p>
<h2>Lesson</h2><p>➜ LESSON <br> ⬚  Introduce Song or Rhyme <br> ⬚  Play Audio Links &amp; follow along<br> ⬚  Practice Reciting or Singing Along with the recording <br> <br>➜ CONVERSATION <br> ⬚ Play Audio Links<br> ⬚ Practice Conversation Sentences</p>
<p><a href=""https://planning.alveary.org/pdf/modern-language/individual-lessons/recEyRBsJVeZIbnz0.pdf"">Click here to view charts and additional lesson information.</a></p>
<p><a href=""https://planning.alveary.org/links.html?id=recvfB9zd1vOwauPP&amp;term=1&amp;week=8"">Click here to view video/audio links.</a></p>","","https://planning.alveary.org/links.html?id=recvfB9zd1vOwauPP&term=1&week=8","Lesson","0","FALSE"
"alveary-recvfB9zd1vOwauPP-g4-6","Import is Current","alveary-recWqd1sEm8CCaK2K-g4-6","9","5","20m Spanish Songs, Rhymes & Conversations – Lesson 9","<h2>Materials</h2><p>⍞ Materials: Diez Deditos p.10, Student Notebook</p>
<h2>Preparation</h2><p>➜ PREP <br> ⬚ Review instructions on teaching Song, Rhyme &amp; Conversation Lessons <br> ⬚ Preview Lesson and Links</p>
<h2>Phrase of the Week</h2><p>➜ PHRASE OF THE WEEK<br>Me gusta jugar afuera - I like to play outside.</p>
<h2>Lesson</h2><p>➜ RECAP <br> ⬚ What do you recall from the previous lesson?</p><p>➜ LESSON <br> ⬚  Introduce Song or Rhyme <br> ⬚  Play Audio Links &amp; follow along<br> ⬚  Practice Reciting or Singing Along with the recording <br> <br>➜ CONVERSATION <br> ⬚ Play Audio Links<br> ⬚ Practice Conversation Sentences</p>
<p><a href=""https://planning.alveary.org/pdf/modern-language/individual-lessons/recWqd1sEm8CCaK2K.pdf"">Click here to view charts and additional lesson information.</a></p>
<p><a href=""https://planning.alveary.org/links.html?id=recvfB9zd1vOwauPP&amp;term=1&amp;week=9"">Click here to view video/audio links.</a></p>","","https://planning.alveary.org/links.html?id=recvfB9zd1vOwauPP&term=1&week=9","Lesson","0","FALSE"
"alveary-recvfB9zd1vOwauPP-g4-6","Import is Current","alveary-reco7j6RpVU51DSZ4-g4-6","10","5","20m Spanish Songs, Rhymes & Conversations – Lesson 10","<h2>Materials</h2><p>⍞ Materials: Diez Deditos p.10, Student Notebook</p>
<h2>Preparation</h2><p>➜ PREP <br> ⬚ Review instructions on teaching Song, Rhyme &amp; Conversation Lessons <br> ⬚ Preview Lesson and Links</p>
<h2>Phrase of the Week</h2><p>➜ PHRASE OF THE WEEK<br>Tengo un perro. - I have a dog.</p>
<h2>Lesson</h2><p>➜ RECAP <br> ⬚ What do you recall from the previous lesson?</p><p>➜ LESSON <br> ⬚  Review Song or Rhyme <br> ⬚  Play Audio Links &amp; follow along<br> ⬚  Practice Reciting or Singing Along with the recording <br> <br>➜ CONVERSATION <br> ⬚ Play Audio Links<br> ⬚ Practice Conversation Sentences</p>
<p><a href=""https://planning.alveary.org/pdf/modern-language/individual-lessons/reco7j6RpVU51DSZ4.pdf"">Click here to view charts and additional lesson information.</a></p>
<p><a href=""https://planning.alveary.org/links.html?id=recvfB9zd1vOwauPP&amp;term=1&amp;week=10"">Click here to view video/audio links.</a></p>","","https://planning.alveary.org/links.html?id=recvfB9zd1vOwauPP&term=1&week=10","Lesson","0","FALSE"
"alveary-recvfB9zd1vOwauPP-g4-6","Import is Current","alveary-recdU5sgkOJZpfaU1-g4-6","11","5","20m Spanish Songs, Rhymes & Conversations – Lesson 11","<h2>Materials</h2><p>⍞ Materials: Diez Deditos p.18-19, 10, Student Notebook</p>
<h2>Preparation</h2><p>➜ PREP <br> ⬚ Review Songs, Rhymes &amp; Conversation sentences/phrases from the term. <br> ⬚ Bookmark Audio/Video Links (optional)</p>
<h2>Phrase of the Week</h2><p>➜ PHRASE OF THE WEEK<br>La clase es divertida. - The class is fun.</p>
<h2>Lesson</h2><p>➜ REVIEW<br> ⬚ Review Songs/Rhymes from the term, singing along with or without the music. <br> ⬚ Review Conversation Sentences from the term.</p>
<p><a href=""https://planning.alveary.org/pdf/modern-language/individual-lessons/recdU5sgkOJZpfaU1.pdf"">Click here to view charts and additional lesson information.</a></p>
<p><a href=""https://planning.alveary.org/links.html?id=recvfB9zd1vOwauPP&amp;term=1&amp;week=11"">Click here to view video/audio links.</a></p>","","https://planning.alveary.org/links.html?id=recvfB9zd1vOwauPP&term=1&week=11","Lesson","0","FALSE"
"alveary-recvfB9zd1vOwauPP-g4-6","Import is Current","alveary-recLu1J2VBqolkmPj-g4-6","12","5","20m Spanish Songs, Rhymes & Conversations – Lesson 12","<h2>Materials</h2><p>⍞ Materials: Cuadros de Familia</p>
<h2>Phrase of the Week</h2><p>➜ PHRASE OF THE WEEK<br> -</p>
<h2>Lesson</h2><p>➜ EXAMS<br>Answer questions related to course.</p><p>Questions will come from Course Materials</p>
<p><a href=""https://planning.alveary.org/pdf/modern-language/individual-lessons/recLu1J2VBqolkmPj.pdf"">Click here to view charts and additional lesson information.</a></p>
<p><a href=""https://planning.alveary.org/links.html?id=recvfB9zd1vOwauPP"">Click here to view video/audio links.</a></p>","","https://planning.alveary.org/links.html?id=recvfB9zd1vOwauPP","Lesson","0","FALSE"
"alveary-recvfB9zd1vOwauPP-g4-6","Import is Current","alveary-recvWflghkIOfvzFL-g4-6","13","5","20m Spanish Songs, Rhymes & Conversations – Lesson 13","<h2>Materials</h2><p>⍞ Materials: Diez Deditos p.34, Student Notebook</p>
<h2>Preparation</h2><p>➜ PREP <br> ⬚ Review instructions on teaching Song, Rhyme &amp; Conversation Lessons <br> ⬚ Preview Lesson and Links</p>
<h2>Phrase of the Week</h2><p>➜ PHRASE OF THE WEEK<br>Vamos a aprender. - Let's learn.</p>
<h2>Lesson</h2><p>➜ LESSON <br> ⬚  Introduce Song or Rhyme <br> ⬚  Play Audio Links &amp; follow along<br> ⬚  Practice Reciting or Singing Along with the recording <br> <br>➜ CONVERSATION <br> ⬚ Play Audio Links<br> ⬚ Practice Conversation Sentences</p>
<p><a href=""https://planning.alveary.org/pdf/modern-language/individual-lessons/recvWflghkIOfvzFL.pdf"">Click here to view charts and additional lesson information.</a></p>
<p><a href=""https://planning.alveary.org/links.html?id=recvfB9zd1vOwauPP&amp;term=2&amp;week=13"">Click here to view video/audio links.</a></p>","","https://planning.alveary.org/links.html?id=recvfB9zd1vOwauPP&term=2&week=13","Lesson","0","FALSE"
"alveary-recvfB9zd1vOwauPP-g4-6","Import is Current","alveary-rec6ZsEyoJRxhogMX-g4-6","14","5","20m Spanish Songs, Rhymes & Conversations – Lesson 14","<h2>Materials</h2><p>⍞ Materials: Diez Deditos p.34, Student Notebook</p>
<h2>Preparation</h2><p>➜ PREP <br> ⬚ Review instructions on teaching Song, Rhyme &amp; Conversation Lessons <br> ⬚ Preview Lesson and Links</p>
<h2>Phrase of the Week</h2><p>➜ PHRASE OF THE WEEK<br>Hoy hace sol. - Today it is sunny</p>
<h2>Lesson</h2><p>➜ RECAP <br> ⬚ What do you recall from the previous lesson?</p><p>➜ LESSON <br> ⬚  Introduce Song or Rhyme <br> ⬚  Play Audio Links &amp; follow along<br> ⬚  Practice Reciting or Singing Along with the recording <br> <br>➜ CONVERSATION <br> ⬚ Play Audio Links<br> ⬚ Practice Conversation Sentences</p>
<p><a href=""https://planning.alveary.org/pdf/modern-language/individual-lessons/rec6ZsEyoJRxhogMX.pdf"">Click here to view charts and additional lesson information.</a></p>
<p><a href=""https://planning.alveary.org/links.html?id=recvfB9zd1vOwauPP&amp;term=2&amp;week=14"">Click here to view video/audio links.</a></p>","","https://planning.alveary.org/links.html?id=recvfB9zd1vOwauPP&term=2&week=14","Lesson","0","FALSE"
"alveary-recvfB9zd1vOwauPP-g4-6","Import is Current","alveary-reckLswMWHGco56aS-g4-6","15","5","20m Spanish Songs, Rhymes & Conversations – Lesson 15","<h2>Materials</h2><p>⍞ Materials: Diez Deditos p.34, Student Notebook</p>
<h2>Preparation</h2><p>➜ PREP <br> ⬚ Review instructions on teaching Song, Rhyme &amp; Conversation Lessons <br> ⬚ Preview Lesson and Links</p>
<h2>Phrase of the Week</h2><p>➜ PHRASE OF THE WEEK<br>Juego con mis amigos. - I play with my friends.</p>
<h2>Lesson</h2><p>➜ LESSON <br> ⬚  Introduce Song or Rhyme <br> ⬚  Play Audio Links &amp; follow along<br> ⬚  Practice Reciting or Singing Along with the recording <br> <br>➜ CONVERSATION <br> ⬚ Play Audio Links<br> ⬚ Practice Conversation Sentences</p>
<p><a href=""https://planning.alveary.org/pdf/modern-language/individual-lessons/reckLswMWHGco56aS.pdf"">Click here to view charts and additional lesson information.</a></p>
<p><a href=""https://planning.alveary.org/links.html?id=recvfB9zd1vOwauPP&amp;term=2&amp;week=15"">Click here to view video/audio links.</a></p>","","https://planning.alveary.org/links.html?id=recvfB9zd1vOwauPP&term=2&week=15","Lesson","0","FALSE"
"alveary-recvfB9zd1vOwauPP-g4-6","Import is Current","alveary-recJOoW0bPluSf01c-g4-6","16","5","20m Spanish Songs, Rhymes & Conversations – Lesson 16","<h2>Materials</h2><p>⍞ Materials: Diez Deditos p.34, Student Notebook</p>
<h2>Preparation</h2><p>➜ PREP <br> ⬚ Review instructions on teaching Song, Rhyme &amp; Conversation Lessons <br> ⬚ Preview Lesson and Links</p>
<h2>Phrase of the Week</h2><p>➜ PHRASE OF THE WEEK<br>Estoy feliz hoy. - I am happy today.</p>
<h2>Lesson</h2><p>➜ RECAP <br> ⬚ What do you recall from the previous lesson?</p><p>➜ LESSON <br> ⬚  Introduce Song or Rhyme <br> ⬚  Play Audio Links &amp; follow along<br> ⬚  Practice Reciting or Singing Along with the recording <br> <br>➜ CONVERSATION <br> ⬚ Play Audio Links<br> ⬚ Practice Conversation Sentences</p>
<p><a href=""https://planning.alveary.org/pdf/modern-language/individual-lessons/recJOoW0bPluSf01c.pdf"">Click here to view charts and additional lesson information.</a></p>
<p><a href=""https://planning.alveary.org/links.html?id=recvfB9zd1vOwauPP&amp;term=2&amp;week=16"">Click here to view video/audio links.</a></p>","","https://planning.alveary.org/links.html?id=recvfB9zd1vOwauPP&term=2&week=16","Lesson","0","FALSE"
"alveary-recvfB9zd1vOwauPP-g4-6","Import is Current","alveary-recN0ClcORJSdubR0-g4-6","17","5","20m Spanish Songs, Rhymes & Conversations – Lesson 17","<h2>Materials</h2><p>⍞ Materials: Diez Deditos p.34, Student Notebook</p>
<h2>Preparation</h2><p>➜ PREP <br> ⬚ Review instructions on teaching Song, Rhyme &amp; Conversation Lessons <br> ⬚ Preview Lesson and Links</p>
<h2>Phrase of the Week</h2><p>➜ PHRASE OF THE WEEK<br>Me gusta el color azul. - I like the color blue.</p>
<h2>Lesson</h2><p>➜ RECAP <br> ⬚ What do you recall from the previous lesson?</p><p>➜ LESSON <br> ⬚  Review Song or Rhyme <br> ⬚  Play Audio Links &amp; follow along<br> ⬚  Practice Reciting or Singing Along with the recording <br> <br>➜ CONVERSATION <br> ⬚ Play Audio Links<br> ⬚ Practice Conversation Sentences</p>
<p><a href=""https://planning.alveary.org/pdf/modern-language/individual-lessons/recN0ClcORJSdubR0.pdf"">Click here to view charts and additional lesson information.</a></p>
<p><a href=""https://planning.alveary.org/links.html?id=recvfB9zd1vOwauPP&amp;term=2&amp;week=17"">Click here to view video/audio links.</a></p>","","https://planning.alveary.org/links.html?id=recvfB9zd1vOwauPP&term=2&week=17","Lesson","0","FALSE"
"alveary-recvfB9zd1vOwauPP-g4-6","Import is Current","alveary-recg1AnQhBAPLPt20-g4-6","18","5","20m Spanish Songs, Rhymes & Conversations – Lesson 18","<h2>Materials</h2><p>⍞ Materials: Diez Deditos p.15, Student Notebook</p>
<h2>Preparation</h2><p>➜ PREP <br> ⬚ Review instructions on teaching Song, Rhyme &amp; Conversation Lessons <br> ⬚ Preview Lesson and Links</p>
<h2>Phrase of the Week</h2><p>➜ PHRASE OF THE WEEK<br>Me levanto temprano. - I wake up early.</p>
<h2>Lesson</h2><p>➜ LESSON <br> ⬚  Introduce Song or Rhyme <br> ⬚  Play Audio Links &amp; follow along<br> ⬚  Practice Reciting or Singing Along with the recording <br> <br>➜ CONVERSATION <br> ⬚ Play Audio Links<br> ⬚ Practice Conversation Sentences</p>
<p><a href=""https://planning.alveary.org/pdf/modern-language/individual-lessons/recg1AnQhBAPLPt20.pdf"">Click here to view charts and additional lesson information.</a></p>
<p><a href=""https://planning.alveary.org/links.html?id=recvfB9zd1vOwauPP&amp;term=2&amp;week=18"">Click here to view video/audio links.</a></p>","","https://planning.alveary.org/links.html?id=recvfB9zd1vOwauPP&term=2&week=18","Lesson","0","FALSE"
"alveary-recvfB9zd1vOwauPP-g4-6","Import is Current","alveary-recy7mZOMcEYbq78V-g4-6","19","5","20m Spanish Songs, Rhymes & Conversations – Lesson 19","<h2>Materials</h2><p>⍞ Materials: Diez Deditos p.15, Student Notebook</p>
<h2>Preparation</h2><p>➜ PREP <br> ⬚ Review instructions on teaching Song, Rhyme &amp; Conversation Lessons <br> ⬚ Preview Lesson and Links</p>
<h2>Phrase of the Week</h2><p>➜ PHRASE OF THE WEEK<br>Adiós, hasta mañana. - Goodbye, see you tomorrow.</p>
<h2>Lesson</h2><p>➜ RECAP <br> ⬚ What do you recall from the previous lesson?</p><p>➜ LESSON <br> ⬚  Introduce Song or Rhyme <br> ⬚  Play Audio Links &amp; follow along<br> ⬚  Practice Reciting or Singing Along with the recording <br> <br>➜ CONVERSATION <br> ⬚ Play Audio Links<br> ⬚ Practice Conversation Sentences</p>
<p><a href=""https://planning.alveary.org/pdf/modern-language/individual-lessons/recy7mZOMcEYbq78V.pdf"">Click here to view charts and additional lesson information.</a></p>
<p><a href=""https://planning.alveary.org/links.html?id=recvfB9zd1vOwauPP&amp;term=2&amp;week=19"">Click here to view video/audio links.</a></p>","","https://planning.alveary.org/links.html?id=recvfB9zd1vOwauPP&term=2&week=19","Lesson","0","FALSE"
"alveary-recvfB9zd1vOwauPP-g4-6","Import is Current","alveary-recEdAe6CHBPStPAm-g4-6","20","5","20m Spanish Songs, Rhymes & Conversations – Lesson 20","<h2>Materials</h2><p>⍞ Materials: Diez Deditos p.15, Student Notebook</p>
<h2>Preparation</h2><p>➜ PREP <br> ⬚ Review instructions on teaching Song, Rhyme &amp; Conversation Lessons <br> ⬚ Preview Lesson and Links</p>
<h2>Phrase of the Week</h2><p>➜ PHRASE OF THE WEEK<br>Me lavo las manos - I wash my hands.</p>
<h2>Lesson</h2><p>➜ LESSON <br> ⬚  Introduce Song or Rhyme <br> ⬚  Play Audio Links &amp; follow along<br> ⬚  Practice Reciting or Singing Along with the recording <br> <br>➜ CONVERSATION <br> ⬚ Play Audio Links<br> ⬚ Practice Conversation Sentences</p>
<p><a href=""https://planning.alveary.org/pdf/modern-language/individual-lessons/recEdAe6CHBPStPAm.pdf"">Click here to view charts and additional lesson information.</a></p>
<p><a href=""https://planning.alveary.org/links.html?id=recvfB9zd1vOwauPP&amp;term=2&amp;week=20"">Click here to view video/audio links.</a></p>","","https://planning.alveary.org/links.html?id=recvfB9zd1vOwauPP&term=2&week=20","Lesson","0","FALSE"
"alveary-recvfB9zd1vOwauPP-g4-6","Import is Current","alveary-recHj1qB1kmabuTPT-g4-6","21","5","20m Spanish Songs, Rhymes & Conversations – Lesson 21","<h2>Materials</h2><p>⍞ Materials: Diez Deditos p.15, Student Notebook</p>
<h2>Preparation</h2><p>➜ PREP <br> ⬚ Review instructions on teaching Song, Rhyme &amp; Conversation Lessons <br> ⬚ Preview Lesson and Links</p>
<h2>Phrase of the Week</h2><p>➜ PHRASE OF THE WEEK<br>Me cepillo los dientes - I brush my teeth.</p>
<h2>Lesson</h2><p>➜ RECAP <br> ⬚ What do you recall from the previous lesson?</p><p>➜ LESSON <br> ⬚  Introduce Song or Rhyme <br> ⬚  Play Audio Links &amp; follow along<br> ⬚  Practice Reciting or Singing Along with the recording <br> <br>➜ CONVERSATION <br> ⬚ Play Audio Links<br> ⬚ Practice Conversation Sentences</p>
<p><a href=""https://planning.alveary.org/pdf/modern-language/individual-lessons/recHj1qB1kmabuTPT.pdf"">Click here to view charts and additional lesson information.</a></p>
<p><a href=""https://planning.alveary.org/links.html?id=recvfB9zd1vOwauPP&amp;term=2&amp;week=21"">Click here to view video/audio links.</a></p>","","https://planning.alveary.org/links.html?id=recvfB9zd1vOwauPP&term=2&week=21","Lesson","0","FALSE"
"alveary-recvfB9zd1vOwauPP-g4-6","Import is Current","alveary-rec6xfY6uAO1T9pyi-g4-6","22","5","20m Spanish Songs, Rhymes & Conversations – Lesson 22","<h2>Materials</h2><p>⍞ Materials: Diez Deditos p.15, Student Notebook</p>
<h2>Preparation</h2><p>➜ PREP <br> ⬚ Review instructions on teaching Song, Rhyme &amp; Conversation Lessons <br> ⬚ Preview Lesson and Links</p>
<h2>Phrase of the Week</h2><p>➜ PHRASE OF THE WEEK<br>Desayuno en la mañana. - I eat breakfast in the morning.</p>
<h2>Lesson</h2><p>➜ RECAP <br> ⬚ What do you recall from the previous lesson?</p><p>➜ LESSON <br> ⬚  Review Song or Rhyme <br> ⬚  Play Audio Links &amp; follow along<br> ⬚  Practice Reciting or Singing Along with the recording <br> <br>➜ CONVERSATION <br> ⬚ Play Audio Links<br> ⬚ Practice Conversation Sentences</p>
<p><a href=""https://planning.alveary.org/pdf/modern-language/individual-lessons/rec6xfY6uAO1T9pyi.pdf"">Click here to view charts and additional lesson information.</a></p>
<p><a href=""https://planning.alveary.org/links.html?id=recvfB9zd1vOwauPP&amp;term=2&amp;week=22"">Click here to view video/audio links.</a></p>","","https://planning.alveary.org/links.html?id=recvfB9zd1vOwauPP&term=2&week=22","Lesson","0","FALSE"
"alveary-recvfB9zd1vOwauPP-g4-6","Import is Current","alveary-recaGyuPlPrK5hom4-g4-6","23","5","20m Spanish Songs, Rhymes & Conversations – Lesson 23","<h2>Materials</h2><p>⍞ Materials: Diez Deditos p.34, 15, Student Notebook</p>
<h2>Preparation</h2><p>➜ PREP <br> ⬚ Review Songs, Rhymes &amp; Conversation sentences/phrases from the term. <br> ⬚ Bookmark Audio/Video Links (optional)</p>
<h2>Phrase of the Week</h2><p>➜ PHRASE OF THE WEEK<br>Me siento en mi silla. - I sit in my chair.</p>
<h2>Lesson</h2><p>➜ REVIEW<br> ⬚ Review Songs/Rhymes from the term, singing along with or without the music. <br> ⬚ Review Conversation Sentences from the term.</p>
<p><a href=""https://planning.alveary.org/pdf/modern-language/individual-lessons/recaGyuPlPrK5hom4.pdf"">Click here to view charts and additional lesson information.</a></p>
<p><a href=""https://planning.alveary.org/links.html?id=recvfB9zd1vOwauPP&amp;term=2&amp;week=23"">Click here to view video/audio links.</a></p>","","https://planning.alveary.org/links.html?id=recvfB9zd1vOwauPP&term=2&week=23","Lesson","0","FALSE"
"alveary-recvfB9zd1vOwauPP-g4-6","Import is Current","alveary-recipSZ20dx5GpDrA-g4-6","24","5","20m Spanish Songs, Rhymes & Conversations – Lesson 24","<h2>Materials</h2><p>⍞ Materials: Cuadros de Familia</p>
<h2>Phrase of the Week</h2><p>➜ PHRASE OF THE WEEK<br> -</p>
<h2>Lesson</h2><p>➜ EXAMS<br>Answer questions related to course.</p><p>Questions will come from Course Materials</p>
<p><a href=""https://planning.alveary.org/pdf/modern-language/individual-lessons/recipSZ20dx5GpDrA.pdf"">Click here to view charts and additional lesson information.</a></p>
<p><a href=""https://planning.alveary.org/links.html?id=recvfB9zd1vOwauPP"">Click here to view video/audio links.</a></p>","","https://planning.alveary.org/links.html?id=recvfB9zd1vOwauPP","Lesson","0","FALSE"
"alveary-recvfB9zd1vOwauPP-g4-6","Import is Current","alveary-recCeBuKP5isHpihu-g4-6","25","5","20m Spanish Songs, Rhymes & Conversations – Lesson 25","<h2>Materials</h2><p>⍞ Materials: Diez Deditos p.28, Student Notebook</p>
<h2>Preparation</h2><p>➜ PREP <br> ⬚ Review instructions on teaching Song, Rhyme &amp; Conversation Lessons <br> ⬚ Preview Lesson and Links</p>
<h2>Phrase of the Week</h2><p>➜ PHRASE OF THE WEEK<br>Como mi almuerzo. - I eat my lunch.</p>
<h2>Lesson</h2><p>➜ LESSON <br> ⬚  Introduce Song or Rhyme <br> ⬚  Play Audio Links &amp; follow along<br> ⬚  Practice Reciting or Singing Along with the recording <br> <br>➜ CONVERSATION <br> ⬚ Play Audio Links<br> ⬚ Practice Conversation Sentences</p>
<p><a href=""https://planning.alveary.org/pdf/modern-language/individual-lessons/recCeBuKP5isHpihu.pdf"">Click here to view charts and additional lesson information.</a></p>
<p><a href=""https://planning.alveary.org/links.html?id=recvfB9zd1vOwauPP&amp;term=3&amp;week=25"">Click here to view video/audio links.</a></p>","","https://planning.alveary.org/links.html?id=recvfB9zd1vOwauPP&term=3&week=25","Lesson","0","FALSE"
"alveary-recvfB9zd1vOwauPP-g4-6","Import is Current","alveary-rec1JKcmYHmAJm4tF-g4-6","26","5","20m Spanish Songs, Rhymes & Conversations – Lesson 26","<h2>Materials</h2><p>⍞ Materials: Diez Deditos p.28, Student Notebook</p>
<h2>Preparation</h2><p>➜ PREP <br> ⬚ Review instructions on teaching Song, Rhyme &amp; Conversation Lessons <br> ⬚ Preview Lesson and Links</p>
<h2>Phrase of the Week</h2><p>➜ PHRASE OF THE WEEK<br>Como mi desayuno. - I eat my breakfast.</p>
<h2>Lesson</h2><p>➜ RECAP <br> ⬚ What do you recall from the previous lesson?</p><p>➜ LESSON <br> ⬚  Introduce Song or Rhyme <br> ⬚  Play Audio Links &amp; follow along<br> ⬚  Practice Reciting or Singing Along with the recording <br> <br>➜ CONVERSATION <br> ⬚ Play Audio Links<br> ⬚ Practice Conversation Sentences</p>
<p><a href=""https://planning.alveary.org/pdf/modern-language/individual-lessons/rec1JKcmYHmAJm4tF.pdf"">Click here to view charts and additional lesson information.</a></p>
<p><a href=""https://planning.alveary.org/links.html?id=recvfB9zd1vOwauPP&amp;term=3&amp;week=26"">Click here to view video/audio links.</a></p>","","https://planning.alveary.org/links.html?id=recvfB9zd1vOwauPP&term=3&week=26","Lesson","0","FALSE"
"alveary-recvfB9zd1vOwauPP-g4-6","Import is Current","alveary-recrh7AFQGY9Rj80h-g4-6","27","5","20m Spanish Songs, Rhymes & Conversations – Lesson 27","<h2>Materials</h2><p>⍞ Materials: Diez Deditos p.28, Student Notebook</p>
<h2>Preparation</h2><p>➜ PREP <br> ⬚ Review instructions on teaching Song, Rhyme &amp; Conversation Lessons <br> ⬚ Preview Lesson and Links</p>
<h2>Phrase of the Week</h2><p>➜ PHRASE OF THE WEEK<br>Me gusta la música. - I like music.</p>
<h2>Lesson</h2><p>➜ LESSON <br> ⬚  Introduce Song or Rhyme <br> ⬚  Play Audio Links &amp; follow along<br> ⬚  Practice Reciting or Singing Along with the recording <br> <br>➜ CONVERSATION <br> ⬚ Play Audio Links<br> ⬚ Practice Conversation Sentences</p>
<p><a href=""https://planning.alveary.org/pdf/modern-language/individual-lessons/recrh7AFQGY9Rj80h.pdf"">Click here to view charts and additional lesson information.</a></p>
<p><a href=""https://planning.alveary.org/links.html?id=recvfB9zd1vOwauPP&amp;term=3&amp;week=27"">Click here to view video/audio links.</a></p>","","https://planning.alveary.org/links.html?id=recvfB9zd1vOwauPP&term=3&week=27","Lesson","0","FALSE"
"alveary-recvfB9zd1vOwauPP-g4-6","Import is Current","alveary-rec9VdB5iDUResHE5-g4-6","28","5","20m Spanish Songs, Rhymes & Conversations – Lesson 28","<h2>Materials</h2><p>⍞ Materials: Diez Deditos p.28, Student Notebook</p>
<h2>Preparation</h2><p>➜ PREP <br> ⬚ Review instructions on teaching Song, Rhyme &amp; Conversation Lessons <br> ⬚ Preview Lesson and Links</p>
<h2>Phrase of the Week</h2><p>➜ PHRASE OF THE WEEK<br>Cierra la puerta. - Close the door.</p>
<h2>Lesson</h2><p>➜ RECAP <br> ⬚ What do you recall from the previous lesson?</p><p>➜ LESSON <br> ⬚  Introduce Song or Rhyme <br> ⬚  Play Audio Links &amp; follow along<br> ⬚  Practice Reciting or Singing Along with the recording <br> <br>➜ CONVERSATION <br> ⬚ Play Audio Links<br> ⬚ Practice Conversation Sentences</p>
<p><a href=""https://planning.alveary.org/pdf/modern-language/individual-lessons/rec9VdB5iDUResHE5.pdf"">Click here to view charts and additional lesson information.</a></p>
<p><a href=""https://planning.alveary.org/links.html?id=recvfB9zd1vOwauPP&amp;term=3&amp;week=28"">Click here to view video/audio links.</a></p>","","https://planning.alveary.org/links.html?id=recvfB9zd1vOwauPP&term=3&week=28","Lesson","0","FALSE"
"alveary-recvfB9zd1vOwauPP-g4-6","Import is Current","alveary-reclpQIfFQaUua5qL-g4-6","29","5","20m Spanish Songs, Rhymes & Conversations – Lesson 29","<h2>Materials</h2><p>⍞ Materials: Diez Deditos p.28, Student Notebook</p>
<h2>Preparation</h2><p>➜ PREP <br> ⬚ Review instructions on teaching Song, Rhyme &amp; Conversation Lessons <br> ⬚ Preview Lesson and Links</p>
<h2>Phrase of the Week</h2><p>➜ PHRASE OF THE WEEK<br>Ayudo en la casa. - I help at home.</p>
<h2>Lesson</h2><p>➜ RECAP <br> ⬚ What do you recall from the previous lesson?</p><p>➜ LESSON <br> ⬚  Review Song or Rhyme <br> ⬚  Play Audio Links &amp; follow along<br> ⬚  Practice Reciting or Singing Along with the recording <br> <br>➜ CONVERSATION <br> ⬚ Play Audio Links<br> ⬚ Practice Conversation Sentences</p>
<p><a href=""https://planning.alveary.org/pdf/modern-language/individual-lessons/reclpQIfFQaUua5qL.pdf"">Click here to view charts and additional lesson information.</a></p>
<p><a href=""https://planning.alveary.org/links.html?id=recvfB9zd1vOwauPP&amp;term=3&amp;week=29"">Click here to view video/audio links.</a></p>","","https://planning.alveary.org/links.html?id=recvfB9zd1vOwauPP&term=3&week=29","Lesson","0","FALSE"
"alveary-recvfB9zd1vOwauPP-g4-6","Import is Current","alveary-rec9qoesdMhcbXlmQ-g4-6","30","5","20m Spanish Songs, Rhymes & Conversations – Lesson 30","<h2>Materials</h2><p>⍞ Materials: Diez Deditos p.24, Student Notebook</p>
<h2>Preparation</h2><p>➜ PREP <br> ⬚ Review instructions on teaching Song, Rhyme &amp; Conversation Lessons <br> ⬚ Preview Lesson and Links</p>
<h2>Phrase of the Week</h2><p>➜ PHRASE OF THE WEEK<br>Limpio mi cuarto.  - I clean my room.</p>
<h2>Lesson</h2><p>➜ LESSON <br> ⬚  Introduce Song or Rhyme <br> ⬚  Play Audio Links &amp; follow along<br> ⬚  Practice Reciting or Singing Along with the recording <br> <br>➜ CONVERSATION <br> ⬚ Play Audio Links<br> ⬚ Practice Conversation Sentences</p>
<p><a href=""https://planning.alveary.org/pdf/modern-language/individual-lessons/rec9qoesdMhcbXlmQ.pdf"">Click here to view charts and additional lesson information.</a></p>
<p><a href=""https://planning.alveary.org/links.html?id=recvfB9zd1vOwauPP&amp;term=3&amp;week=30"">Click here to view video/audio links.</a></p>","","https://planning.alveary.org/links.html?id=recvfB9zd1vOwauPP&term=3&week=30","Lesson","0","FALSE"
"alveary-recvfB9zd1vOwauPP-g4-6","Import is Current","alveary-rech4d4VcVogtjQkg-g4-6","31","5","20m Spanish Songs, Rhymes & Conversations – Lesson 31","<h2>Materials</h2><p>⍞ Materials: Diez Deditos p.24, Student Notebook</p>
<h2>Preparation</h2><p>➜ PREP <br> ⬚ Review instructions on teaching Song, Rhyme &amp; Conversation Lessons <br> ⬚ Preview Lesson and Links</p>
<h2>Phrase of the Week</h2><p>➜ PHRASE OF THE WEEK<br>Pongo la mesa. - I set the table.</p>
<h2>Lesson</h2><p>➜ RECAP <br> ⬚ What do you recall from the previous lesson?</p><p>➜ LESSON <br> ⬚  Introduce Song or Rhyme <br> ⬚  Play Audio Links &amp; follow along<br> ⬚  Practice Reciting or Singing Along with the recording <br> <br>➜ CONVERSATION <br> ⬚ Play Audio Links<br> ⬚ Practice Conversation Sentences</p>
<p><a href=""https://planning.alveary.org/pdf/modern-language/individual-lessons/rech4d4VcVogtjQkg.pdf"">Click here to view charts and additional lesson information.</a></p>
<p><a href=""https://planning.alveary.org/links.html?id=recvfB9zd1vOwauPP&amp;term=3&amp;week=31"">Click here to view video/audio links.</a></p>","","https://planning.alveary.org/links.html?id=recvfB9zd1vOwauPP&term=3&week=31","Lesson","0","FALSE"
"alveary-recvfB9zd1vOwauPP-g4-6","Import is Current","alveary-reccZZHGx9gIY8b3Y-g4-6","32","5","20m Spanish Songs, Rhymes & Conversations – Lesson 32","<h2>Materials</h2><p>⍞ Materials: Diez Deditos p.24, Student Notebook</p>
<h2>Preparation</h2><p>➜ PREP <br> ⬚ Review instructions on teaching Song, Rhyme &amp; Conversation Lessons <br> ⬚ Preview Lesson and Links</p>
<h2>Phrase of the Week</h2><p>➜ PHRASE OF THE WEEK<br>Recojo mis juguetes. - I pick up my toys.</p>
<h2>Lesson</h2><p>➜ LESSON <br> ⬚  Introduce Song or Rhyme <br> ⬚  Play Audio Links &amp; follow along<br> ⬚  Practice Reciting or Singing Along with the recording <br> <br>➜ CONVERSATION <br> ⬚ Play Audio Links<br> ⬚ Practice Conversation Sentences</p>
<p><a href=""https://planning.alveary.org/pdf/modern-language/individual-lessons/reccZZHGx9gIY8b3Y.pdf"">Click here to view charts and additional lesson information.</a></p>
<p><a href=""https://planning.alveary.org/links.html?id=recvfB9zd1vOwauPP&amp;term=3&amp;week=32"">Click here to view video/audio links.</a></p>","","https://planning.alveary.org/links.html?id=recvfB9zd1vOwauPP&term=3&week=32","Lesson","0","FALSE"
"alveary-recvfB9zd1vOwauPP-g4-6","Import is Current","alveary-recGd1BmLuZLLESrl-g4-6","33","5","20m Spanish Songs, Rhymes & Conversations – Lesson 33","<h2>Materials</h2><p>⍞ Materials: Diez Deditos p.24, Student Notebook</p>
<h2>Preparation</h2><p>➜ PREP <br> ⬚ Review instructions on teaching Song, Rhyme &amp; Conversation Lessons <br> ⬚ Preview Lesson and Links</p>
<h2>Phrase of the Week</h2><p>➜ PHRASE OF THE WEEK<br>Ceno con mi familia. -  I eat dinner with my family.</p>
<h2>Lesson</h2><p>➜ RECAP <br> ⬚ What do you recall from the previous lesson?</p><p>➜ LESSON <br> ⬚  Introduce Song or Rhyme <br> ⬚  Play Audio Links &amp; follow along<br> ⬚  Practice Reciting or Singing Along with the recording <br> <br>➜ CONVERSATION <br> ⬚ Play Audio Links<br> ⬚ Practice Conversation Sentences</p>
<p><a href=""https://planning.alveary.org/pdf/modern-language/individual-lessons/recGd1BmLuZLLESrl.pdf"">Click here to view charts and additional lesson information.</a></p>
<p><a href=""https://planning.alveary.org/links.html?id=recvfB9zd1vOwauPP&amp;term=3&amp;week=33"">Click here to view video/audio links.</a></p>","","https://planning.alveary.org/links.html?id=recvfB9zd1vOwauPP&term=3&week=33","Lesson","0","FALSE"
"alveary-recvfB9zd1vOwauPP-g4-6","Import is Current","alveary-recevAlaLkm2ns5UN-g4-6","34","5","20m Spanish Songs, Rhymes & Conversations – Lesson 34","<h2>Materials</h2><p>⍞ Materials: Diez Deditos p.24, Student Notebook</p>
<h2>Preparation</h2><p>➜ PREP <br> ⬚ Review instructions on teaching Song, Rhyme &amp; Conversation Lessons <br> ⬚ Preview Lesson and Links</p>
<h2>Phrase of the Week</h2><p>➜ PHRASE OF THE WEEK<br>Recojo los platos de la mesa. - I clear the dishes from the table.</p>
<h2>Lesson</h2><p>➜ RECAP <br> ⬚ What do you recall from the previous lesson?</p><p>➜ LESSON <br> ⬚  Review Song or Rhyme <br> ⬚  Play Audio Links &amp; follow along<br> ⬚  Practice Reciting or Singing Along with the recording <br> <br>➜ CONVERSATION <br> ⬚ Play Audio Links<br> ⬚ Practice Conversation Sentences</p>
<p><a href=""https://planning.alveary.org/pdf/modern-language/individual-lessons/recevAlaLkm2ns5UN.pdf"">Click here to view charts and additional lesson information.</a></p>
<p><a href=""https://planning.alveary.org/links.html?id=recvfB9zd1vOwauPP&amp;term=3&amp;week=34"">Click here to view video/audio links.</a></p>","","https://planning.alveary.org/links.html?id=recvfB9zd1vOwauPP&term=3&week=34","Lesson","0","FALSE"
"alveary-recvfB9zd1vOwauPP-g4-6","Import is Current","alveary-recN1BAa2TUnIqHxv-g4-6","35","5","20m Spanish Songs, Rhymes & Conversations – Lesson 35","<h2>Materials</h2><p>⍞ Materials: Diez Deditos p.28, 24, Student Notebook</p>
<h2>Preparation</h2><p>➜ PREP <br> ⬚ Review Songs, Rhymes &amp; Conversation sentences/phrases from the term. <br> ⬚ Bookmark Audio/Video Links (optional)</p>
<h2>Phrase of the Week</h2><p>➜ PHRASE OF THE WEEK<br>Apago la luz. - I turn off the light.</p>
<h2>Lesson</h2><p>➜ REVIEW<br> ⬚ Review Songs/Rhymes from the term, singing along with or without the music. <br> ⬚ Review Conversation Sentences from the term.</p>
<p><a href=""https://planning.alveary.org/pdf/modern-language/individual-lessons/recN1BAa2TUnIqHxv.pdf"">Click here to view charts and additional lesson information.</a></p>
<p><a href=""https://planning.alveary.org/links.html?id=recvfB9zd1vOwauPP&amp;term=3&amp;week=35"">Click here to view video/audio links.</a></p>","","https://planning.alveary.org/links.html?id=recvfB9zd1vOwauPP&term=3&week=35","Lesson","0","FALSE"
"alveary-recvfB9zd1vOwauPP-g4-6","Import is Current","alveary-recasauPEsVRucqKR-g4-6","36","5","20m Spanish Songs, Rhymes & Conversations – Lesson 36","<h2>Materials</h2><p>⍞ Materials: Cuadros de Familia</p>
<h2>Phrase of the Week</h2><p>➜ PHRASE OF THE WEEK<br> -</p>
<h2>Lesson</h2><p>➜ EXAMS<br>Answer questions related to course.</p><p>Questions will come from Course Materials</p>
<p><a href=""https://planning.alveary.org/pdf/modern-language/individual-lessons/recasauPEsVRucqKR.pdf"">Click here to view charts and additional lesson information.</a></p>
<p><a href=""https://planning.alveary.org/links.html?id=recvfB9zd1vOwauPP"">Click here to view video/audio links.</a></p>","","https://planning.alveary.org/links.html?id=recvfB9zd1vOwauPP","Lesson","0","FALSE"
