"course_custom_id","syllabird_status","assignment_custom_id","assignment_week","assignment_day","assignment_name","assignment_description","assignment_teachersNote","assignment_linksUrl","assignment_type","assignment_duration","assignment_graded"
"alveary-rec5lgyGmTryTXFqV","Import is Current","alveary-recmFq8LxZ9p5Accw","1","1","20m French Picture Study – Lesson 1","<h2>Materials</h2><p>⍞ Materials: Linnea in Monet's Garden p.6, Student Notebook</p>
<h2>Preparation</h2><p>➜ PREP <br> ⬚ Review instructions on teaching Picture Study Lessons.<br> ⬚ Preview Lesson &amp; Audio/Video Links</p>
<h2>Phrase of the Week</h2><p>➜ PHRASE OF THE WEEK<br>Bonjour, les amis ! - Hello, friends!</p>
<h2>Lesson</h2><p>➜ RECAP <br> ⬚ Recall what you learned in the previous lesson.</p><p>➜ LESSON <br> ⬚ Play Audio/Video Links &amp; Follow Along<br> ⬚ Introduce/Practice Picture Study Vocabulary <br> ⬚ Introduce/Practice Narration Sentences</p>
<p><a href=""https://planning.alveary.org/pdf/modern-language/individual-lessons/recmFq8LxZ9p5Accw.pdf"">Click here to view charts and additional lesson information.</a></p>
<p><a href=""https://planning.alveary.org/links.html?id=rec5lgyGmTryTXFqV&amp;term=1&amp;week=1"">Click here to view video/audio links.</a></p>","","https://planning.alveary.org/links.html?id=rec5lgyGmTryTXFqV&term=1&week=1","Lesson","0","FALSE"
"alveary-rec5lgyGmTryTXFqV","Import is Current","alveary-recO0P1yaNt1YCvzH","2","1","20m French Picture Study – Lesson 2","<h2>Materials</h2><p>⍞ Materials: Linnea in Monet's Garden p.6, Student Notebook</p>
<h2>Preparation</h2><p>➜ PREP <br> ⬚ Review instructions on teaching Picture Study Lessons.<br> ⬚ Preview Lesson &amp; Audio/Video Links</p>
<h2>Phrase of the Week</h2><p>➜ PHRASE OF THE WEEK<br>Bonjour la maîtresse ! - Good morning, teacher!</p>
<h2>Lesson</h2><p>➜ RECAP <br> ⬚ Recall what you learned in the previous lesson.</p><p>➜ LESSON <br> ⬚ Play Audio/Video Links &amp; Follow Along<br> ⬚ Review &amp; Practice Picture Study Vocabulary <br> ⬚ Review &amp; Practice Narration Sentences</p>
<p><a href=""https://planning.alveary.org/pdf/modern-language/individual-lessons/recO0P1yaNt1YCvzH.pdf"">Click here to view charts and additional lesson information.</a></p>
<p><a href=""https://planning.alveary.org/links.html?id=rec5lgyGmTryTXFqV&amp;term=1&amp;week=2"">Click here to view video/audio links.</a></p>","","https://planning.alveary.org/links.html?id=rec5lgyGmTryTXFqV&term=1&week=2","Lesson","0","FALSE"
"alveary-rec5lgyGmTryTXFqV","Import is Current","alveary-recGCzQCy7J08ZMIQ","3","1","20m French Picture Study – Lesson 3","<h2>Materials</h2><p>⍞ Materials: Linnea in Monet's Garden p.8-9, Student Notebook</p>
<h2>Preparation</h2><p>➜ PREP <br> ⬚ Review instructions on teaching Picture Study Lessons.<br> ⬚ Preview Lesson &amp; Audio/Video Links</p>
<h2>Phrase of the Week</h2><p>➜ PHRASE OF THE WEEK<br>Bonne nuit, maman ! - Goodnight, mom!</p>
<h2>Lesson</h2><p>➜ RECAP <br> ⬚ Recall what you learned in the previous lesson.</p><p>➜ LESSON <br> ⬚ Play Audio/Video Links &amp; Follow Along<br> ⬚ Introduce/Practice Picture Study Vocabulary <br> ⬚ Introduce/Practice Narration Sentences</p>
<p><a href=""https://planning.alveary.org/pdf/modern-language/individual-lessons/recGCzQCy7J08ZMIQ.pdf"">Click here to view charts and additional lesson information.</a></p>
<p><a href=""https://planning.alveary.org/links.html?id=rec5lgyGmTryTXFqV&amp;term=1&amp;week=3"">Click here to view video/audio links.</a></p>","","https://planning.alveary.org/links.html?id=rec5lgyGmTryTXFqV&term=1&week=3","Lesson","0","FALSE"
"alveary-rec5lgyGmTryTXFqV","Import is Current","alveary-rec2wZ0LlGGBG4iPp","4","1","20m French Picture Study – Lesson 4","<h2>Materials</h2><p>⍞ Materials: Linnea in Monet's Garden p.8-9, Student Notebook</p>
<h2>Preparation</h2><p>➜ PREP <br> ⬚ Review instructions on teaching Picture Study Lessons.<br> ⬚ Preview Lesson &amp; Audio/Video Links</p>
<h2>Phrase of the Week</h2><p>➜ PHRASE OF THE WEEK<br>Je dors toute la nuit. - I sleep all night.</p>
<h2>Lesson</h2><p>➜ RECAP <br> ⬚ Recall what you learned in the previous lesson.</p><p>➜ LESSON <br> ⬚ Play Audio/Video Links &amp; Follow Along<br> ⬚ Review &amp; Practice Picture Study Vocabulary <br> ⬚ Review &amp; Practice Narration Sentences</p>
<p><a href=""https://planning.alveary.org/pdf/modern-language/individual-lessons/rec2wZ0LlGGBG4iPp.pdf"">Click here to view charts and additional lesson information.</a></p>
<p><a href=""https://planning.alveary.org/links.html?id=rec5lgyGmTryTXFqV&amp;term=1&amp;week=4"">Click here to view video/audio links.</a></p>","","https://planning.alveary.org/links.html?id=rec5lgyGmTryTXFqV&term=1&week=4","Lesson","0","FALSE"
"alveary-rec5lgyGmTryTXFqV","Import is Current","alveary-recoOLoCYvLqQbXXT","5","1","20m French Picture Study – Lesson 5","<h2>Materials</h2><p>⍞ Materials: Linnea in Monet's Garden p.6, 8-9, Student Notebook</p>
<h2>Preparation</h2><p>➜ PREP <br> ⬚ Review Picture Study Lesson Weeks 1-4<br> ⬚ Preview Cultural Study Video Links</p>
<h2>Phrase of the Week</h2><p>➜ PHRASE OF THE WEEK<br>Merci pour votre aide. - Thank you for your help.</p>
<h2>Lesson</h2><p>➜ RECAP <br> ⬚ Recall what you learned in the previous lesson.</p><p>➜ LESSON <br> ⬚ Review Picture Study Vocabulary using gestures/pointing (TPR).	<br>      Have students point to the images in the Picture Book as they say the <br>      coordinating vocab words. <br>  ⬚ Review Picture Study Narration Sentences  <br>  ⬚ Read Cultural Study Introduction<br>  ⬚ View, Narrate &amp; Discuss Cultural Videos</p>
<h2>Copycat Technique</h2><p>➜ CULTURAL TOPIC - Paris<br>Paris, France is one of the most visited cities. Enjoy the linked video to discover interesting facts about &quot;The City of Light&quot;. This virtual tour will take you around some famous landmarks such as the Eiffel Tower, the Louvre, the Arc de Triomphe, and Notre Dame Cathedral.</p><p>∞ Video Link: [Paris](https://www.youtube.com/watch?v=CGeI9lfV2kA)</p>
<p><a href=""https://planning.alveary.org/pdf/modern-language/individual-lessons/recoOLoCYvLqQbXXT.pdf"">Click here to view charts and additional lesson information.</a></p>
<p><a href=""https://planning.alveary.org/links.html?id=rec5lgyGmTryTXFqV&amp;term=1&amp;week=5"">Click here to view video/audio links.</a></p>","","https://planning.alveary.org/links.html?id=rec5lgyGmTryTXFqV&term=1&week=5","Lesson","0","FALSE"
"alveary-rec5lgyGmTryTXFqV","Import is Current","alveary-recYOhtuPTc46CAhJ","6","1","20m French Picture Study – Lesson 6","<h2>Materials</h2><p>⍞ Materials: Linnea in Monet's Garden p.10, Student Notebook</p>
<h2>Preparation</h2><p>➜ PREP <br> ⬚ Review instructions on teaching Picture Study Lessons.<br> ⬚ Preview Lesson &amp; Audio/Video Links</p>
<h2>Phrase of the Week</h2><p>➜ PHRASE OF THE WEEK<br>Répétez, s'il vous plaît. - Repeat, please.</p>
<h2>Lesson</h2><p>➜ RECAP <br> ⬚ Recall what you learned in the previous lesson.</p><p>➜ LESSON <br> ⬚ Play Audio/Video Links &amp; Follow Along<br> ⬚ Introduce/Practice Picture Study Vocabulary <br> ⬚ Introduce/Practice Narration Sentences</p>
<p><a href=""https://planning.alveary.org/pdf/modern-language/individual-lessons/recYOhtuPTc46CAhJ.pdf"">Click here to view charts and additional lesson information.</a></p>
<p><a href=""https://planning.alveary.org/links.html?id=rec5lgyGmTryTXFqV&amp;term=1&amp;week=6"">Click here to view video/audio links.</a></p>","","https://planning.alveary.org/links.html?id=rec5lgyGmTryTXFqV&term=1&week=6","Lesson","0","FALSE"
"alveary-rec5lgyGmTryTXFqV","Import is Current","alveary-recQVxG23mWipAA6s","7","1","20m French Picture Study – Lesson 7","<h2>Materials</h2><p>⍞ Materials: Linnea in Monet's Garden p.10, Student Notebook</p>
<h2>Preparation</h2><p>➜ PREP <br> ⬚ Review instructions on teaching Picture Study Lessons.<br> ⬚ Preview Lesson &amp; Audio/Video Links</p>
<h2>Phrase of the Week</h2><p>➜ PHRASE OF THE WEEK<br>Je suis désolé(e). - I am sorry.</p>
<h2>Lesson</h2><p>➜ RECAP <br> ⬚ Recall what you learned in the previous lesson.</p><p>➜ LESSON <br> ⬚ Play Audio/Video Links &amp; Follow Along<br> ⬚ Review &amp; Practice Picture Study Vocabulary <br> ⬚ Review &amp; Practice Narration Sentences</p>
<p><a href=""https://planning.alveary.org/pdf/modern-language/individual-lessons/recQVxG23mWipAA6s.pdf"">Click here to view charts and additional lesson information.</a></p>
<p><a href=""https://planning.alveary.org/links.html?id=rec5lgyGmTryTXFqV&amp;term=1&amp;week=7"">Click here to view video/audio links.</a></p>","","https://planning.alveary.org/links.html?id=rec5lgyGmTryTXFqV&term=1&week=7","Lesson","0","FALSE"
"alveary-rec5lgyGmTryTXFqV","Import is Current","alveary-reccXSMgC1HcqbXiq","8","1","20m French Picture Study – Lesson 8","<h2>Materials</h2><p>⍞ Materials: Linnea in Monet's Garden p.11, Student Notebook</p>
<h2>Preparation</h2><p>➜ PREP <br> ⬚ Review instructions on teaching Picture Study Lessons.<br> ⬚ Preview Lesson &amp; Audio/Video Links</p>
<h2>Phrase of the Week</h2><p>➜ PHRASE OF THE WEEK<br>J'aime lire des livres. - I like to read books.</p>
<h2>Lesson</h2><p>➜ RECAP <br> ⬚ Recall what you learned in the previous lesson.</p><p>➜ LESSON <br> ⬚ Play Audio/Video Links &amp; Follow Along<br> ⬚ Introduce/Practice Picture Study Vocabulary <br> ⬚ Introduce/Practice Narration Sentences</p>
<p><a href=""https://planning.alveary.org/pdf/modern-language/individual-lessons/reccXSMgC1HcqbXiq.pdf"">Click here to view charts and additional lesson information.</a></p>
<p><a href=""https://planning.alveary.org/links.html?id=rec5lgyGmTryTXFqV&amp;term=1&amp;week=8"">Click here to view video/audio links.</a></p>","","https://planning.alveary.org/links.html?id=rec5lgyGmTryTXFqV&term=1&week=8","Lesson","0","FALSE"
"alveary-rec5lgyGmTryTXFqV","Import is Current","alveary-recJd8qqP8szb4Lq9","9","1","20m French Picture Study – Lesson 9","<h2>Materials</h2><p>⍞ Materials: Linnea in Monet's Garden p.11, Student Notebook</p>
<h2>Preparation</h2><p>➜ PREP <br> ⬚ Review instructions on teaching Picture Study Lessons.<br> ⬚ Preview Lesson &amp; Audio/Video Links</p>
<h2>Phrase of the Week</h2><p>➜ PHRASE OF THE WEEK<br>J'aime jouer dehors. - I like to play outside.</p>
<h2>Lesson</h2><p>➜ RECAP <br> ⬚ Recall what you learned in the previous lesson.</p><p>➜ LESSON <br> ⬚ Play Audio/Video Links &amp; Follow Along<br> ⬚ Review &amp; Practice Picture Study Vocabulary <br> ⬚ Review &amp; Practice Narration Sentences</p>
<p><a href=""https://planning.alveary.org/pdf/modern-language/individual-lessons/recJd8qqP8szb4Lq9.pdf"">Click here to view charts and additional lesson information.</a></p>
<p><a href=""https://planning.alveary.org/links.html?id=rec5lgyGmTryTXFqV&amp;term=1&amp;week=9"">Click here to view video/audio links.</a></p>","","https://planning.alveary.org/links.html?id=rec5lgyGmTryTXFqV&term=1&week=9","Lesson","0","FALSE"
"alveary-rec5lgyGmTryTXFqV","Import is Current","alveary-rectv8Z58XuxQMuvj","10","1","20m French Picture Study – Lesson 10","<h2>Materials</h2><p>⍞ Materials: Linnea in Monet's Garden p.10-11, Student Notebook</p>
<h2>Preparation</h2><p>➜ PREP <br> ⬚ Review Picture Study Lesson Weeks 6-9<br> ⬚ Preview Cultural Study Video Links</p>
<h2>Phrase of the Week</h2><p>➜ PHRASE OF THE WEEK<br>J'ai un chien. - I have a dog.</p>
<h2>Lesson</h2><p>➜ RECAP <br> ⬚ Recall what you learned in the previous lesson.</p><p>➜ LESSON <br> ⬚ Review Picture Study Vocabulary using gestures/pointing (TPR).	<br>      Have students point to the images in the Picture Book as they say the <br>      coordinating vocab words. <br>  ⬚ Review Picture Study Narration Sentences  <br>  ⬚ Read Cultural Study Introduction<br>  ⬚ View, Narrate &amp; Discuss Cultural Videos</p>
<h2>Copycat Technique</h2><p>➜ CULTURAL TOPIC - Haussmann Architecture<br>Walking through Paris, one takes notice of the buildings lining many of the streets. Tall, rectangular buildings, built with beige stone and iron balconies were created by George-Eugène Haussmann in the latter half of the 1800s. Dive deeper into how and why this renovation happened.</p><p>∞ Video Link: [George-Eugène Haussmann - Architecture](https://classroom.ricksteves.com/videos/paris-haussmann-buildings-and-grand-boulevards) <br>∞ Video Link : [George-Eugène Haussmann - Life History](https://www.youtube.com/watch?v=xUcvsqcD7ww)</p>
<p><a href=""https://planning.alveary.org/pdf/modern-language/individual-lessons/rectv8Z58XuxQMuvj.pdf"">Click here to view charts and additional lesson information.</a></p>
<p><a href=""https://planning.alveary.org/links.html?id=rec5lgyGmTryTXFqV&amp;term=1&amp;week=10"">Click here to view video/audio links.</a></p>","","https://planning.alveary.org/links.html?id=rec5lgyGmTryTXFqV&term=1&week=10","Lesson","0","FALSE"
"alveary-rec5lgyGmTryTXFqV","Import is Current","alveary-rec9ZwpFfSr1qyTlx","11","1","20m French Picture Study – Lesson 11","<h2>Materials</h2><p>⍞ Materials: Linnea in Monet's Garden p.6, 8-11, Student Notebook</p>
<h2>Preparation</h2><p>➜ PREP<br> ⬚ Review Term Lessons &amp; Content<br> ⬚ Prep or Bookmark Audio/Video Lessons (optional)</p>
<h2>Phrase of the Week</h2><p>➜ PHRASE OF THE WEEK<br>Cette classe est amusante. - This class is fun.</p>
<h2>Lesson</h2><p>➜ REVIEW<br> ⬚ Review Picture Study Lessons from the term.</p>
<p><a href=""https://planning.alveary.org/pdf/modern-language/individual-lessons/rec9ZwpFfSr1qyTlx.pdf"">Click here to view charts and additional lesson information.</a></p>
<p><a href=""https://planning.alveary.org/links.html?id=rec5lgyGmTryTXFqV&amp;term=1&amp;week=11"">Click here to view video/audio links.</a></p>","","https://planning.alveary.org/links.html?id=rec5lgyGmTryTXFqV&term=1&week=11","Lesson","0","FALSE"
"alveary-rec5lgyGmTryTXFqV","Import is Current","alveary-rec9r9qZGiBgo3fEP","12","1","20m French Picture Study – Lesson 12","<h2>Phrase of the Week</h2><p>➜ PHRASE OF THE WEEK<br> -</p>
<h2>Lesson</h2><p>➜ EXAMS<br>Answer questions related to course.</p><p>Questions will come from Course Materials</p>
<p><a href=""https://planning.alveary.org/pdf/modern-language/individual-lessons/rec9r9qZGiBgo3fEP.pdf"">Click here to view charts and additional lesson information.</a></p>
<p><a href=""https://planning.alveary.org/links.html?id=rec5lgyGmTryTXFqV"">Click here to view video/audio links.</a></p>","","https://planning.alveary.org/links.html?id=rec5lgyGmTryTXFqV","Lesson","0","FALSE"
"alveary-rec5lgyGmTryTXFqV","Import is Current","alveary-recZ4FxoanVwXUJvq","13","1","20m French Picture Study – Lesson 13","<h2>Materials</h2><p>⍞ Materials: Linnea in Monet's Garden p.12-13, Student Notebook</p>
<h2>Preparation</h2><p>➜ PREP <br> ⬚ Review instructions on teaching Picture Study Lessons.<br> ⬚ Preview Lesson &amp; Audio/Video Links</p>
<h2>Phrase of the Week</h2><p>➜ PHRASE OF THE WEEK<br>Apprenons ! - Let's learn!</p>
<h2>Lesson</h2><p>➜ RECAP <br> ⬚ Recall what you learned in the previous lesson.</p><p>➜ LESSON <br> ⬚ Play Audio/Video Links &amp; Follow Along<br> ⬚ Introduce/Practice Picture Study Vocabulary <br> ⬚ Introduce/Practice Narration Sentences</p>
<p><a href=""https://planning.alveary.org/pdf/modern-language/individual-lessons/recZ4FxoanVwXUJvq.pdf"">Click here to view charts and additional lesson information.</a></p>
<p><a href=""https://planning.alveary.org/links.html?id=rec5lgyGmTryTXFqV&amp;term=2&amp;week=13"">Click here to view video/audio links.</a></p>","","https://planning.alveary.org/links.html?id=rec5lgyGmTryTXFqV&term=2&week=13","Lesson","0","FALSE"
"alveary-rec5lgyGmTryTXFqV","Import is Current","alveary-recVJGURhcWilPT86","14","1","20m French Picture Study – Lesson 14","<h2>Materials</h2><p>⍞ Materials: Linnea in Monet's Garden p.12-13, Student Notebook</p>
<h2>Preparation</h2><p>➜ PREP <br> ⬚ Review instructions on teaching Picture Study Lessons.<br> ⬚ Preview Lesson &amp; Audio/Video Links</p>
<h2>Phrase of the Week</h2><p>➜ PHRASE OF THE WEEK<br>Aujourd'hui, il y a du soleil. - Today, it is sunny.</p>
<h2>Lesson</h2><p>➜ RECAP <br> ⬚ Recall what you learned in the previous lesson.</p><p>➜ LESSON <br> ⬚ Play Audio/Video Links &amp; Follow Along<br> ⬚ Review &amp; Practice Picture Study Vocabulary <br> ⬚ Review &amp; Practice Narration Sentences</p>
<p><a href=""https://planning.alveary.org/pdf/modern-language/individual-lessons/recVJGURhcWilPT86.pdf"">Click here to view charts and additional lesson information.</a></p>
<p><a href=""https://planning.alveary.org/links.html?id=rec5lgyGmTryTXFqV&amp;term=2&amp;week=14"">Click here to view video/audio links.</a></p>","","https://planning.alveary.org/links.html?id=rec5lgyGmTryTXFqV&term=2&week=14","Lesson","0","FALSE"
"alveary-rec5lgyGmTryTXFqV","Import is Current","alveary-rec3aL1c7xg5KB1LB","15","1","20m French Picture Study – Lesson 15","<h2>Materials</h2><p>⍞ Materials: Linnea in Monet's Garden p.12-13, Student Notebook</p>
<h2>Preparation</h2><p>➜ PREP <br> ⬚ Review instructions on teaching Picture Study Lessons.<br> ⬚ Preview Lesson &amp; Audio/Video Links</p>
<h2>Phrase of the Week</h2><p>➜ PHRASE OF THE WEEK<br>Je joue avec mes amis. - I play with my friends.</p>
<h2>Lesson</h2><p>➜ RECAP <br> ⬚ Recall what you learned in the previous lesson.</p><p>➜ LESSON <br> ⬚ Play Audio/Video Links &amp; Follow Along<br> ⬚ Introduce/Practice Picture Study Vocabulary <br> ⬚ Introduce/Practice Narration Sentences</p>
<p><a href=""https://planning.alveary.org/pdf/modern-language/individual-lessons/rec3aL1c7xg5KB1LB.pdf"">Click here to view charts and additional lesson information.</a></p>
<p><a href=""https://planning.alveary.org/links.html?id=rec5lgyGmTryTXFqV&amp;term=2&amp;week=15"">Click here to view video/audio links.</a></p>","","https://planning.alveary.org/links.html?id=rec5lgyGmTryTXFqV&term=2&week=15","Lesson","0","FALSE"
"alveary-rec5lgyGmTryTXFqV","Import is Current","alveary-recGq7v4d2GkdYHgj","16","1","20m French Picture Study – Lesson 16","<h2>Materials</h2><p>⍞ Materials: Linnea in Monet's Garden p.12-13, Student Notebook</p>
<h2>Preparation</h2><p>➜ PREP <br> ⬚ Review instructions on teaching Picture Study Lessons.<br> ⬚ Preview Lesson &amp; Audio/Video Links</p>
<h2>Phrase of the Week</h2><p>➜ PHRASE OF THE WEEK<br>Aujourd'hui, je suis content(e). - Today, I am happy.</p>
<h2>Lesson</h2><p>➜ RECAP <br> ⬚ Recall what you learned in the previous lesson.</p><p>➜ LESSON <br> ⬚ Play Audio/Video Links &amp; Follow Along<br> ⬚ Review &amp; Practice Picture Study Vocabulary <br> ⬚ Review &amp; Practice Narration Sentences</p>
<p><a href=""https://planning.alveary.org/pdf/modern-language/individual-lessons/recGq7v4d2GkdYHgj.pdf"">Click here to view charts and additional lesson information.</a></p>
<p><a href=""https://planning.alveary.org/links.html?id=rec5lgyGmTryTXFqV&amp;term=2&amp;week=16"">Click here to view video/audio links.</a></p>","","https://planning.alveary.org/links.html?id=rec5lgyGmTryTXFqV&term=2&week=16","Lesson","0","FALSE"
"alveary-rec5lgyGmTryTXFqV","Import is Current","alveary-recyDmFQJ0wq6aHSC","17","1","20m French Picture Study – Lesson 17","<h2>Materials</h2><p>⍞ Materials: Linnea in Monet's Garden p.12-13, Student Notebook</p>
<h2>Preparation</h2><p>➜ PREP <br> ⬚ Review Picture Study Lesson Weeks 1-4<br> ⬚ Preview Cultural Study Video Links</p>
<h2>Phrase of the Week</h2><p>➜ PHRASE OF THE WEEK<br>J'aime la couleur bleue. - I like the color blue.</p>
<h2>Lesson</h2><p>➜ RECAP <br> ⬚ Recall what you learned in the previous lesson.</p><p>➜ LESSON <br> ⬚ Review Picture Study Vocabulary using gestures/pointing (TPR).	<br>      Have students point to the images in the Picture Book as they say the <br>      coordinating vocab words. <br>  ⬚ Review Picture Study Narration Sentences  <br>  ⬚ Read Cultural Study Introduction<br>  ⬚ View, Narrate &amp; Discuss Cultural Videos</p>
<h2>Copycat Technique</h2><p>➜ CULTURAL TOPIC - Le Cathedral de Notre Dame<br>Cathedrals are found all over Europe. Notre Dame Cathedral is one of the most well known cathedrals in the world. Discover more about Notre Dame's rich history and how it almost came to no longer exist.</p><p>∞ Video Link: [Notre Dame](https://www.youtube.com/watch?v=3GYjonocO0g)</p>
<p><a href=""https://planning.alveary.org/pdf/modern-language/individual-lessons/recyDmFQJ0wq6aHSC.pdf"">Click here to view charts and additional lesson information.</a></p>
<p><a href=""https://planning.alveary.org/links.html?id=rec5lgyGmTryTXFqV&amp;term=2&amp;week=17"">Click here to view video/audio links.</a></p>","","https://planning.alveary.org/links.html?id=rec5lgyGmTryTXFqV&term=2&week=17","Lesson","0","FALSE"
"alveary-rec5lgyGmTryTXFqV","Import is Current","alveary-recf62CM0tslGkhZl","18","1","20m French Picture Study – Lesson 18","<h2>Materials</h2><p>⍞ Materials: Linnea in Monet's Garden p.14-15, Student Notebook</p>
<h2>Preparation</h2><p>➜ PREP <br> ⬚ Review instructions on teaching Picture Study Lessons.<br> ⬚ Preview Lesson &amp; Audio/Video Links</p>
<h2>Phrase of the Week</h2><p>➜ PHRASE OF THE WEEK<br>Je me réveille tôt. - I wake up early.</p>
<h2>Lesson</h2><p>➜ RECAP <br> ⬚ Recall what you learned in the previous lesson.</p><p>➜ LESSON <br> ⬚ Play Audio/Video Links &amp; Follow Along<br> ⬚ Introduce/Practice Picture Study Vocabulary <br> ⬚ Introduce/Practice Narration Sentences</p>
<p><a href=""https://planning.alveary.org/pdf/modern-language/individual-lessons/recf62CM0tslGkhZl.pdf"">Click here to view charts and additional lesson information.</a></p>
<p><a href=""https://planning.alveary.org/links.html?id=rec5lgyGmTryTXFqV&amp;term=2&amp;week=18"">Click here to view video/audio links.</a></p>","","https://planning.alveary.org/links.html?id=rec5lgyGmTryTXFqV&term=2&week=18","Lesson","0","FALSE"
"alveary-rec5lgyGmTryTXFqV","Import is Current","alveary-recGcLWF8XjScu1Xi","19","1","20m French Picture Study – Lesson 19","<h2>Materials</h2><p>⍞ Materials: Linnea in Monet's Garden p.14-15, Student Notebook</p>
<h2>Preparation</h2><p>➜ PREP <br> ⬚ Review instructions on teaching Picture Study Lessons.<br> ⬚ Preview Lesson &amp; Audio/Video Links</p>
<h2>Phrase of the Week</h2><p>➜ PHRASE OF THE WEEK<br>Au revoir et à demain ! - Good bye and see you tomorrow!</p>
<h2>Lesson</h2><p>➜ RECAP <br> ⬚ Recall what you learned in the previous lesson.</p><p>➜ LESSON <br> ⬚ Play Audio/Video Links &amp; Follow Along<br> ⬚ Review &amp; Practice Picture Study Vocabulary <br> ⬚ Review &amp; Practice Narration Sentences</p>
<p><a href=""https://planning.alveary.org/pdf/modern-language/individual-lessons/recGcLWF8XjScu1Xi.pdf"">Click here to view charts and additional lesson information.</a></p>
<p><a href=""https://planning.alveary.org/links.html?id=rec5lgyGmTryTXFqV&amp;term=2&amp;week=19"">Click here to view video/audio links.</a></p>","","https://planning.alveary.org/links.html?id=rec5lgyGmTryTXFqV&term=2&week=19","Lesson","0","FALSE"
"alveary-rec5lgyGmTryTXFqV","Import is Current","alveary-recsKMeybNYjNr1iv","20","1","20m French Picture Study – Lesson 20","<h2>Materials</h2><p>⍞ Materials: Linnea in Monet's Garden p.14-15, Student Notebook</p>
<h2>Preparation</h2><p>➜ PREP <br> ⬚ Review instructions on teaching Picture Study Lessons.<br> ⬚ Preview Lesson &amp; Audio/Video Links</p>
<h2>Phrase of the Week</h2><p>➜ PHRASE OF THE WEEK<br>Je me lave les mains. - I wash my hands.</p>
<h2>Lesson</h2><p>➜ RECAP <br> ⬚ Recall what you learned in the previous lesson.</p><p>➜ LESSON <br> ⬚ Play Audio/Video Links &amp; Follow Along<br> ⬚ Introduce/Practice Picture Study Vocabulary <br> ⬚ Introduce/Practice Narration Sentences</p>
<p><a href=""https://planning.alveary.org/pdf/modern-language/individual-lessons/recsKMeybNYjNr1iv.pdf"">Click here to view charts and additional lesson information.</a></p>
<p><a href=""https://planning.alveary.org/links.html?id=rec5lgyGmTryTXFqV&amp;term=2&amp;week=20"">Click here to view video/audio links.</a></p>","","https://planning.alveary.org/links.html?id=rec5lgyGmTryTXFqV&term=2&week=20","Lesson","0","FALSE"
"alveary-rec5lgyGmTryTXFqV","Import is Current","alveary-recKUDM5Nq0dcUn9S","21","1","20m French Picture Study – Lesson 21","<h2>Materials</h2><p>⍞ Materials: Linnea in Monet's Garden p.14-15, Student Notebook</p>
<h2>Preparation</h2><p>➜ PREP <br> ⬚ Review instructions on teaching Picture Study Lessons.<br> ⬚ Preview Lesson &amp; Audio/Video Links</p>
<h2>Phrase of the Week</h2><p>➜ PHRASE OF THE WEEK<br>Je me lave les dents. - I brush my teeth.</p>
<h2>Lesson</h2><p>➜ RECAP <br> ⬚ Recall what you learned in the previous lesson.</p><p>➜ LESSON <br> ⬚ Play Audio/Video Links &amp; Follow Along<br> ⬚ Review &amp; Practice Picture Study Vocabulary <br> ⬚ Review &amp; Practice Narration Sentences</p>
<p><a href=""https://planning.alveary.org/pdf/modern-language/individual-lessons/recKUDM5Nq0dcUn9S.pdf"">Click here to view charts and additional lesson information.</a></p>
<p><a href=""https://planning.alveary.org/links.html?id=rec5lgyGmTryTXFqV&amp;term=2&amp;week=21"">Click here to view video/audio links.</a></p>","","https://planning.alveary.org/links.html?id=rec5lgyGmTryTXFqV&term=2&week=21","Lesson","0","FALSE"
"alveary-rec5lgyGmTryTXFqV","Import is Current","alveary-recZlpJpOtc147B00","22","1","20m French Picture Study – Lesson 22","<h2>Materials</h2><p>⍞ Materials: Linnea in Monet's Garden p.14-15, Student Notebook</p>
<h2>Preparation</h2><p>➜ PREP <br> ⬚ Review Picture Study Lesson Weeks 6-9<br> ⬚ Preview Cultural Study Video Links</p>
<h2>Phrase of the Week</h2><p>➜ PHRASE OF THE WEEK<br>Le matin, je mange le petit-déjeuner. - In the morning, I eat breakfast.</p>
<h2>Lesson</h2><p>➜ RECAP <br> ⬚ Recall what you learned in the previous lesson.</p><p>➜ LESSON <br> ⬚ Review Picture Study Vocabulary using gestures/pointing (TPR).	<br>      Have students point to the images in the Picture Book as they say the <br>      coordinating vocab words. <br>  ⬚ Review Picture Study Narration Sentences  <br>  ⬚ Read Cultural Study Introduction<br>  ⬚ View, Narrate &amp; Discuss Cultural Videos</p>
<h2>Copycat Technique</h2><p>➜ CULTURAL TOPIC  Au métro<br>Discover how Parisiens travel efficiently throughout Paris - au métro! Join our French guide, Loïc, as he takes us through how to the métro came to be, how to use it, how to pay for it, and more!<br> <br>∞ Video Link: [Au métro](https://www.youtube.com/watch?v=NUMx6taaOws&amp;t=918s)</p>
<p><a href=""https://planning.alveary.org/pdf/modern-language/individual-lessons/recZlpJpOtc147B00.pdf"">Click here to view charts and additional lesson information.</a></p>
<p><a href=""https://planning.alveary.org/links.html?id=rec5lgyGmTryTXFqV&amp;term=2&amp;week=22"">Click here to view video/audio links.</a></p>","","https://planning.alveary.org/links.html?id=rec5lgyGmTryTXFqV&term=2&week=22","Lesson","0","FALSE"
"alveary-rec5lgyGmTryTXFqV","Import is Current","alveary-recCBsd9LyzVGGeWX","23","1","20m French Picture Study – Lesson 23","<h2>Materials</h2><p>⍞ Materials: Linnea in Monet's Garden p.12-13, 14-15, Student Notebook</p>
<h2>Preparation</h2><p>➜ PREP<br> ⬚ Review Term Lessons &amp; Content<br> ⬚ Prep or Bookmark Audio/Video Lessons (optional)</p>
<h2>Phrase of the Week</h2><p>➜ PHRASE OF THE WEEK<br>Je m'assois sur une chaise.  - I sit on a chair.</p>
<h2>Lesson</h2><p>➜ REVIEW<br> ⬚ Review Picture Study Lessons from the term.</p>
<p><a href=""https://planning.alveary.org/pdf/modern-language/individual-lessons/recCBsd9LyzVGGeWX.pdf"">Click here to view charts and additional lesson information.</a></p>
<p><a href=""https://planning.alveary.org/links.html?id=rec5lgyGmTryTXFqV&amp;term=2&amp;week=23"">Click here to view video/audio links.</a></p>","","https://planning.alveary.org/links.html?id=rec5lgyGmTryTXFqV&term=2&week=23","Lesson","0","FALSE"
"alveary-rec5lgyGmTryTXFqV","Import is Current","alveary-recMJJVKXoYONc1Ab","24","1","20m French Picture Study – Lesson 24","<h2>Phrase of the Week</h2><p>➜ PHRASE OF THE WEEK<br> -</p>
<h2>Lesson</h2><p>➜ EXAMS<br>Answer questions related to course.</p><p>Questions will come from Course Materials</p>
<p><a href=""https://planning.alveary.org/pdf/modern-language/individual-lessons/recMJJVKXoYONc1Ab.pdf"">Click here to view charts and additional lesson information.</a></p>
<p><a href=""https://planning.alveary.org/links.html?id=rec5lgyGmTryTXFqV"">Click here to view video/audio links.</a></p>","","https://planning.alveary.org/links.html?id=rec5lgyGmTryTXFqV","Lesson","0","FALSE"
"alveary-rec5lgyGmTryTXFqV","Import is Current","alveary-recFylzgKPCb5xp4k","25","1","20m French Picture Study – Lesson 25","<h2>Materials</h2><p>⍞ Materials: Linnea in Monet's Garden p.17, Student Notebook</p>
<h2>Preparation</h2><p>➜ PREP <br> ⬚ Review instructions on teaching Picture Study Lessons.<br> ⬚ Preview Lesson &amp; Audio/Video Links</p>
<h2>Phrase of the Week</h2><p>➜ PHRASE OF THE WEEK<br>Je mange le déjeuner. - I eat lunch.</p>
<h2>Lesson</h2><p>➜ RECAP <br> ⬚ Recall what you learned in the previous lesson.</p><p>➜ LESSON <br> ⬚ Play Audio/Video Links &amp; Follow Along<br> ⬚ Introduce/Practice Picture Study Vocabulary <br> ⬚ Introduce/Practice Narration Sentences</p>
<p><a href=""https://planning.alveary.org/pdf/modern-language/individual-lessons/recFylzgKPCb5xp4k.pdf"">Click here to view charts and additional lesson information.</a></p>
<p><a href=""https://planning.alveary.org/links.html?id=rec5lgyGmTryTXFqV&amp;term=3&amp;week=25"">Click here to view video/audio links.</a></p>","","https://planning.alveary.org/links.html?id=rec5lgyGmTryTXFqV&term=3&week=25","Lesson","0","FALSE"
"alveary-rec5lgyGmTryTXFqV","Import is Current","alveary-recOgQwGY6XcEcCK0","26","1","20m French Picture Study – Lesson 26","<h2>Materials</h2><p>⍞ Materials: Linnea in Monet's Garden p.17, Student Notebook</p>
<h2>Preparation</h2><p>➜ PREP <br> ⬚ Review instructions on teaching Picture Study Lessons.<br> ⬚ Preview Lesson &amp; Audio/Video Links</p>
<h2>Phrase of the Week</h2><p>➜ PHRASE OF THE WEEK<br>Je mange le dîner. - I eat dinner.</p>
<h2>Lesson</h2><p>➜ RECAP <br> ⬚ Recall what you learned in the previous lesson.</p><p>➜ LESSON <br> ⬚ Play Audio/Video Links &amp; Follow Along<br> ⬚ Review &amp; Practice Picture Study Vocabulary <br> ⬚ Review &amp; Practice Narration Sentences</p>
<p><a href=""https://planning.alveary.org/pdf/modern-language/individual-lessons/recOgQwGY6XcEcCK0.pdf"">Click here to view charts and additional lesson information.</a></p>
<p><a href=""https://planning.alveary.org/links.html?id=rec5lgyGmTryTXFqV&amp;term=3&amp;week=26"">Click here to view video/audio links.</a></p>","","https://planning.alveary.org/links.html?id=rec5lgyGmTryTXFqV&term=3&week=26","Lesson","0","FALSE"
"alveary-rec5lgyGmTryTXFqV","Import is Current","alveary-recmN1DuktBdIEZM0","27","1","20m French Picture Study – Lesson 27","<h2>Materials</h2><p>⍞ Materials: Linnea in Monet's Garden p.17, Student Notebook</p>
<h2>Preparation</h2><p>➜ PREP <br> ⬚ Review instructions on teaching Picture Study Lessons.<br> ⬚ Preview Lesson &amp; Audio/Video Links</p>
<h2>Phrase of the Week</h2><p>➜ PHRASE OF THE WEEK<br>J'aime la musique. - I like music.</p>
<h2>Lesson</h2><p>➜ RECAP <br> ⬚ Recall what you learned in the previous lesson.</p><p>➜ LESSON <br> ⬚ Play Audio/Video Links &amp; Follow Along<br> ⬚ Introduce/Practice Picture Study Vocabulary <br> ⬚ Introduce/Practice Narration Sentences</p>
<p><a href=""https://planning.alveary.org/pdf/modern-language/individual-lessons/recmN1DuktBdIEZM0.pdf"">Click here to view charts and additional lesson information.</a></p>
<p><a href=""https://planning.alveary.org/links.html?id=rec5lgyGmTryTXFqV&amp;term=3&amp;week=27"">Click here to view video/audio links.</a></p>","","https://planning.alveary.org/links.html?id=rec5lgyGmTryTXFqV&term=3&week=27","Lesson","0","FALSE"
"alveary-rec5lgyGmTryTXFqV","Import is Current","alveary-recNefhrqnTO1pEt7","28","1","20m French Picture Study – Lesson 28","<h2>Materials</h2><p>⍞ Materials: Linnea in Monet's Garden p.17, Student Notebook</p>
<h2>Preparation</h2><p>➜ PREP <br> ⬚ Review instructions on teaching Picture Study Lessons.<br> ⬚ Preview Lesson &amp; Audio/Video Links</p>
<h2>Phrase of the Week</h2><p>➜ PHRASE OF THE WEEK<br>Ferme la porte. - Close the door.</p>
<h2>Lesson</h2><p>➜ RECAP <br> ⬚ Recall what you learned in the previous lesson.</p><p>➜ LESSON <br> ⬚ Play Audio/Video Links &amp; Follow Along<br> ⬚ Review &amp; Practice Picture Study Vocabulary <br> ⬚ Review &amp; Practice Narration Sentences</p>
<p><a href=""https://planning.alveary.org/pdf/modern-language/individual-lessons/recNefhrqnTO1pEt7.pdf"">Click here to view charts and additional lesson information.</a></p>
<p><a href=""https://planning.alveary.org/links.html?id=rec5lgyGmTryTXFqV&amp;term=3&amp;week=28"">Click here to view video/audio links.</a></p>","","https://planning.alveary.org/links.html?id=rec5lgyGmTryTXFqV&term=3&week=28","Lesson","0","FALSE"
"alveary-rec5lgyGmTryTXFqV","Import is Current","alveary-recCumje8rnWtYnx8","29","1","20m French Picture Study – Lesson 29","<h2>Materials</h2><p>⍞ Materials: Linnea in Monet's Garden p.17, Student Notebook</p>
<h2>Preparation</h2><p>➜ PREP <br> ⬚ Review Picture Study Lesson Weeks 1-4<br> ⬚ Preview Cultural Study Video Links</p>
<h2>Phrase of the Week</h2><p>➜ PHRASE OF THE WEEK<br>Je participe aux tâches ménagères à la maison. - I help with cleaning tasks at home.</p>
<h2>Lesson</h2><p>➜ RECAP <br> ⬚ Recall what you learned in the previous lesson.</p><p>➜ LESSON <br> ⬚ Review Picture Study Vocabulary using gestures/pointing (TPR).	<br>      Have students point to the images in the Picture Book as they say the <br>      coordinating vocab words. <br>  ⬚ Review Picture Study Narration Sentences  <br>  ⬚ Read Cultural Study Introduction<br>  ⬚ View, Narrate &amp; Discuss Cultural Videos</p>
<h2>Copycat Technique</h2><p>➜ CULTURAL TOPIC: At the Museum - Impressionism <br>⬚ French Topic 5</p><p>∞ Video Link: [What is Impressionism?](https://www.youtube.com/watch?v=nesTk_6j-0c)<br>∞ Video Link: [Art History for Kids: Impressionism](https://www.youtube.com/watch?v=sb4nkOdBarY&amp;t=224s)</p>
<p><a href=""https://planning.alveary.org/pdf/modern-language/individual-lessons/recCumje8rnWtYnx8.pdf"">Click here to view charts and additional lesson information.</a></p>
<p><a href=""https://planning.alveary.org/links.html?id=rec5lgyGmTryTXFqV&amp;term=3&amp;week=29"">Click here to view video/audio links.</a></p>","","https://planning.alveary.org/links.html?id=rec5lgyGmTryTXFqV&term=3&week=29","Lesson","0","FALSE"
"alveary-rec5lgyGmTryTXFqV","Import is Current","alveary-recRx6yyt5SDLfL6a","30","1","20m French Picture Study – Lesson 30","<h2>Materials</h2><p>⍞ Materials: Linnea in Monet's Garden p.18, Student Notebook</p>
<h2>Preparation</h2><p>➜ PREP <br> ⬚ Review instructions on teaching Picture Study Lessons.<br> ⬚ Preview Lesson &amp; Audio/Video Links</p>
<h2>Phrase of the Week</h2><p>➜ PHRASE OF THE WEEK<br>Je range ma chambre. - I tidy up my room.</p>
<h2>Lesson</h2><p>➜ RECAP <br> ⬚ Recall what you learned in the previous lesson.</p><p>➜ LESSON <br> ⬚ Play Audio/Video Links &amp; Follow Along<br> ⬚ Introduce/Practice Picture Study Vocabulary <br> ⬚ Introduce/Practice Narration Sentences</p>
<p><a href=""https://planning.alveary.org/pdf/modern-language/individual-lessons/recRx6yyt5SDLfL6a.pdf"">Click here to view charts and additional lesson information.</a></p>
<p><a href=""https://planning.alveary.org/links.html?id=rec5lgyGmTryTXFqV&amp;term=3&amp;week=30"">Click here to view video/audio links.</a></p>","","https://planning.alveary.org/links.html?id=rec5lgyGmTryTXFqV&term=3&week=30","Lesson","0","FALSE"
"alveary-rec5lgyGmTryTXFqV","Import is Current","alveary-recRel88ihUjgD9Ax","31","1","20m French Picture Study – Lesson 31","<h2>Materials</h2><p>⍞ Materials: Linnea in Monet's Garden p.18, Student Notebook</p>
<h2>Preparation</h2><p>➜ PREP <br> ⬚ Review instructions on teaching Picture Study Lessons.<br> ⬚ Preview Lesson &amp; Audio/Video Links</p>
<h2>Phrase of the Week</h2><p>➜ PHRASE OF THE WEEK<br>Je mets la table. - I set the table.</p>
<h2>Lesson</h2><p>➜ RECAP <br> ⬚ Recall what you learned in the previous lesson.</p><p>➜ LESSON <br> ⬚ Play Audio/Video Links &amp; Follow Along<br> ⬚ Review &amp; Practice Picture Study Vocabulary <br> ⬚ Review &amp; Practice Narration Sentences</p>
<p><a href=""https://planning.alveary.org/pdf/modern-language/individual-lessons/recRel88ihUjgD9Ax.pdf"">Click here to view charts and additional lesson information.</a></p>
<p><a href=""https://planning.alveary.org/links.html?id=rec5lgyGmTryTXFqV&amp;term=3&amp;week=31"">Click here to view video/audio links.</a></p>","","https://planning.alveary.org/links.html?id=rec5lgyGmTryTXFqV&term=3&week=31","Lesson","0","FALSE"
"alveary-rec5lgyGmTryTXFqV","Import is Current","alveary-recCZZuqI6EPj1891","32","1","20m French Picture Study – Lesson 32","<h2>Materials</h2><p>⍞ Materials: Linnea in Monet's Garden p.19, Student Notebook</p>
<h2>Preparation</h2><p>➜ PREP <br> ⬚ Review instructions on teaching Picture Study Lessons.<br> ⬚ Preview Lesson &amp; Audio/Video Links</p>
<h2>Phrase of the Week</h2><p>➜ PHRASE OF THE WEEK<br>Je range mes jouets. - I tidy up my toys.</p>
<h2>Lesson</h2><p>➜ RECAP <br> ⬚ Recall what you learned in the previous lesson.</p><p>➜ LESSON <br> ⬚ Play Audio/Video Links &amp; Follow Along<br> ⬚ Introduce/Practice Picture Study Vocabulary <br> ⬚ Introduce/Practice Narration Sentences</p>
<p><a href=""https://planning.alveary.org/pdf/modern-language/individual-lessons/recCZZuqI6EPj1891.pdf"">Click here to view charts and additional lesson information.</a></p>
<p><a href=""https://planning.alveary.org/links.html?id=rec5lgyGmTryTXFqV&amp;term=3&amp;week=32"">Click here to view video/audio links.</a></p>","","https://planning.alveary.org/links.html?id=rec5lgyGmTryTXFqV&term=3&week=32","Lesson","0","FALSE"
"alveary-rec5lgyGmTryTXFqV","Import is Current","alveary-recvStgxhxzanqT1F","33","1","20m French Picture Study – Lesson 33","<h2>Materials</h2><p>⍞ Materials: Linnea in Monet's Garden p.19, Student Notebook</p>
<h2>Preparation</h2><p>➜ PREP <br> ⬚ Review instructions on teaching Picture Study Lessons.<br> ⬚ Preview Lesson &amp; Audio/Video Links</p>
<h2>Phrase of the Week</h2><p>➜ PHRASE OF THE WEEK<br>Je mange le dîner avec ma famille. - I eat dinner with my family.</p>
<h2>Lesson</h2><p>➜ RECAP <br> ⬚ Recall what you learned in the previous lesson.</p><p>➜ LESSON <br> ⬚ Play Audio/Video Links &amp; Follow Along<br> ⬚ Review &amp; Practice Picture Study Vocabulary <br> ⬚ Review &amp; Practice Narration Sentences</p>
<p><a href=""https://planning.alveary.org/pdf/modern-language/individual-lessons/recvStgxhxzanqT1F.pdf"">Click here to view charts and additional lesson information.</a></p>
<p><a href=""https://planning.alveary.org/links.html?id=rec5lgyGmTryTXFqV&amp;term=3&amp;week=33"">Click here to view video/audio links.</a></p>","","https://planning.alveary.org/links.html?id=rec5lgyGmTryTXFqV&term=3&week=33","Lesson","0","FALSE"
"alveary-rec5lgyGmTryTXFqV","Import is Current","alveary-reciBrjiNmcTY7sYR","34","1","20m French Picture Study – Lesson 34","<h2>Materials</h2><p>⍞ Materials: Linnea in Monet's Garden p.18-19, Student Notebook</p>
<h2>Preparation</h2><p>➜ PREP <br> ⬚ Review Picture Study Lesson Weeks 6-9<br> ⬚ Preview Cultural Study Video Links</p>
<h2>Phrase of the Week</h2><p>➜ PHRASE OF THE WEEK<br>Je range la vaisselle après avoir mangé. - I put the dishes away after eating.</p>
<h2>Lesson</h2><p>➜ RECAP <br> ⬚ Recall what you learned in the previous lesson.</p><p>➜ LESSON <br> ⬚ Review Picture Study Vocabulary using gestures/pointing (TPR).	<br>      Have students point to the images in the Picture Book as they say the <br>      coordinating vocab words. <br>  ⬚ Review Picture Study Narration Sentences  <br>  ⬚ Read Cultural Study Introduction<br>  ⬚ View, Narrate &amp; Discuss Cultural Videos</p>
<h2>Copycat Technique</h2><p>➜ CULTURAL TOPIC - La Baguette <br>La baguette is a traditional type of bread eaten all over France. French people buy baguette from a boulangerie (bakery) daily to enjoy for breakfast, lunch, and dinner. Traditional baguettes have only 4 ingredients. Discover more about how this French food is made.</p><p>∞ Video Link: [La Baguette](https://www.youtube.com/watch?v=KURH-UeAN8A)</p>
<p><a href=""https://planning.alveary.org/pdf/modern-language/individual-lessons/reciBrjiNmcTY7sYR.pdf"">Click here to view charts and additional lesson information.</a></p>
<p><a href=""https://planning.alveary.org/links.html?id=rec5lgyGmTryTXFqV&amp;term=3&amp;week=34"">Click here to view video/audio links.</a></p>","","https://planning.alveary.org/links.html?id=rec5lgyGmTryTXFqV&term=3&week=34","Lesson","0","FALSE"
"alveary-rec5lgyGmTryTXFqV","Import is Current","alveary-recJkm3lAOdNmLwgK","35","1","20m French Picture Study – Lesson 35","<h2>Materials</h2><p>⍞ Materials: Linnea in Monet's Garden	 p.17-19, Student Notebook</p>
<h2>Preparation</h2><p>➜ PREP<br> ⬚ Review Term Lessons &amp; Content<br> ⬚ Prep or Bookmark Audio/Video Lessons (optional)</p>
<h2>Phrase of the Week</h2><p>➜ PHRASE OF THE WEEK<br>J'éteins la lumière. - I turn off the light.</p>
<h2>Lesson</h2><p>➜ REVIEW<br> ⬚ Review Picture Study Lessons from the term.</p>
<p><a href=""https://planning.alveary.org/pdf/modern-language/individual-lessons/recJkm3lAOdNmLwgK.pdf"">Click here to view charts and additional lesson information.</a></p>
<p><a href=""https://planning.alveary.org/links.html?id=rec5lgyGmTryTXFqV&amp;term=3&amp;week=35"">Click here to view video/audio links.</a></p>","","https://planning.alveary.org/links.html?id=rec5lgyGmTryTXFqV&term=3&week=35","Lesson","0","FALSE"
"alveary-rec5lgyGmTryTXFqV","Import is Current","alveary-rec4LFZ0a4SUN1ZCP","36","1","20m French Picture Study – Lesson 36","<h2>Phrase of the Week</h2><p>➜ PHRASE OF THE WEEK<br> -</p>
<h2>Lesson</h2><p>➜ EXAMS<br>Answer questions related to course.</p><p>Questions will come from Course Materials</p>
<p><a href=""https://planning.alveary.org/pdf/modern-language/individual-lessons/rec4LFZ0a4SUN1ZCP.pdf"">Click here to view charts and additional lesson information.</a></p>
<p><a href=""https://planning.alveary.org/links.html?id=rec5lgyGmTryTXFqV"">Click here to view video/audio links.</a></p>","","https://planning.alveary.org/links.html?id=rec5lgyGmTryTXFqV","Lesson","0","FALSE"
"alveary-rec5lgyGmTryTXFqV","Import is Current","alveary-rec53k4bB4pJymZhl","1","2","20m French Picture Study Ext. + Grammar –
Lesson 1","<h2>Materials</h2><p>⍞ Materials: Linnea in Monet's Garden p.6, Student Notebook</p>
<h2>Preparation</h2><p>➜ PREP <br> ⬚ Review instructions on teaching Picture Study and Grammar Lessons<br> ⬚ Preview Lesson &amp; Audio/Video Links</p>
<h2>Phrase of the Week</h2><p>➜ PHRASE OF THE WEEK<br>Bonjour, les amis ! - Hello, friends!</p>
<h2>Lesson</h2><p>➜ RECAP <br> ⬚ Recall what you learned in the previous lesson.</p><p>➜ LESSON <br> ⬚ Play Audio/Video Links &amp; Follow Along<br> ⬚ Review Picture Study Vocabulary &amp; Narration Sentences<br> ⬚ Introduce Grammar Concept <br> ⬚ Practice Sentences</p>
<p><a href=""https://planning.alveary.org/pdf/modern-language/individual-lessons/rec53k4bB4pJymZhl.pdf"">Click here to view charts and additional lesson information.</a></p>
<p><a href=""https://planning.alveary.org/links.html?id=rec5lgyGmTryTXFqV&amp;term=1&amp;week=1"">Click here to view video/audio links.</a></p>","","https://planning.alveary.org/links.html?id=rec5lgyGmTryTXFqV&term=1&week=1","Lesson","0","FALSE"
"alveary-rec5lgyGmTryTXFqV","Import is Current","alveary-recmQDXv2XpgNU5NJ","2","2","20m French Picture Study Ext. + Grammar –
Lesson 2","<h2>Materials</h2><p>⍞ Materials: Linnea in Monet's Garden p.6, Student Notebook</p>
<h2>Preparation</h2><p>➜ PREP <br> ⬚ Review instructions on teaching Picture Study and Grammar Lessons.<br> ⬚ Preview Lesson &amp; Audio/Video Links</p>
<h2>Phrase of the Week</h2><p>➜ PHRASE OF THE WEEK<br>Bonjour la maîtresse ! - Good morning, teacher!</p>
<h2>Lesson</h2><p>➜ RECAP <br> ⬚ Recall what you learned in the previous lesson.</p><p>➜ LESSON <br> ⬚ Play Audio/Video Links &amp; Follow Along<br> ⬚ Review Picture Study Vocabulary &amp; Narration Sentences<br> ⬚ Review Grammar Concept (from previous week)<br> ⬚ Practice Sentences</p>
<p><a href=""https://planning.alveary.org/pdf/modern-language/individual-lessons/recmQDXv2XpgNU5NJ.pdf"">Click here to view charts and additional lesson information.</a></p>
<p><a href=""https://planning.alveary.org/links.html?id=rec5lgyGmTryTXFqV&amp;term=1&amp;week=2"">Click here to view video/audio links.</a></p>","","https://planning.alveary.org/links.html?id=rec5lgyGmTryTXFqV&term=1&week=2","Lesson","0","FALSE"
"alveary-rec5lgyGmTryTXFqV","Import is Current","alveary-rec4r7XqymJtIr9IL","3","2","20m French Picture Study Ext. + Grammar –
Lesson 3","<h2>Materials</h2><p>⍞ Materials: Linnea in Monet's Garden p.8-9, Student Notebook</p>
<h2>Preparation</h2><p>➜ PREP <br> ⬚ Review instructions on teaching Picture Study and Grammar Lessons<br> ⬚ Preview Lesson &amp; Audio/Video Links</p>
<h2>Phrase of the Week</h2><p>➜ PHRASE OF THE WEEK<br>Bonne nuit, maman ! - Goodnight, mom!</p>
<h2>Lesson</h2><p>➜ RECAP <br> ⬚ Recall what you learned in the previous lesson.</p><p>➜ LESSON <br> ⬚ Play Audio/Video Links &amp; Follow Along<br> ⬚ Review Picture Study Vocabulary &amp; Narration Sentences<br> ⬚ Introduce Grammar Concept <br> ⬚ Practice Sentences</p>
<p><a href=""https://planning.alveary.org/pdf/modern-language/individual-lessons/rec4r7XqymJtIr9IL.pdf"">Click here to view charts and additional lesson information.</a></p>
<p><a href=""https://planning.alveary.org/links.html?id=rec5lgyGmTryTXFqV&amp;term=1&amp;week=3"">Click here to view video/audio links.</a></p>","","https://planning.alveary.org/links.html?id=rec5lgyGmTryTXFqV&term=1&week=3","Lesson","0","FALSE"
"alveary-rec5lgyGmTryTXFqV","Import is Current","alveary-recDgRxP94aal0Dv7","4","2","20m French Picture Study Ext. + Grammar –
Lesson 4","<h2>Materials</h2><p>⍞ Materials: Linnea in Monet's Garden p.8-9, Student Notebook</p>
<h2>Preparation</h2><p>➜ PREP <br> ⬚ Review instructions on teaching Picture Study and Grammar Lessons.<br> ⬚ Preview Lesson &amp; Audio/Video Links</p>
<h2>Phrase of the Week</h2><p>➜ PHRASE OF THE WEEK<br>Je dors toute la nuit. - I sleep all night.</p>
<h2>Lesson</h2><p>➜ RECAP <br> ⬚ Recall what you learned in the previous lesson.</p><p>➜ LESSON <br> ⬚ Play Audio/Video Links &amp; Follow Along<br> ⬚ Review Picture Study Vocabulary &amp; Narration Sentences<br> ⬚ Review Grammar Concept (from previous week)<br> ⬚ Practice Sentences</p>
<p><a href=""https://planning.alveary.org/pdf/modern-language/individual-lessons/recDgRxP94aal0Dv7.pdf"">Click here to view charts and additional lesson information.</a></p>
<p><a href=""https://planning.alveary.org/links.html?id=rec5lgyGmTryTXFqV&amp;term=1&amp;week=4"">Click here to view video/audio links.</a></p>","","https://planning.alveary.org/links.html?id=rec5lgyGmTryTXFqV&term=1&week=4","Lesson","0","FALSE"
"alveary-rec5lgyGmTryTXFqV","Import is Current","alveary-recXNy9VgzzImwBjs","5","2","20m French Picture Study Ext. + Grammar –
Lesson 5","<h2>Materials</h2><p>⍞ Materials: Linnea in Monet's Garden p.6, 8-9, Student Notebook</p>
<h2>Preparation</h2><p>➜ PREP <br> ⬚ Review Lessons &amp; Content from Weeks 1-4<br> ⬚ Prep or Bookmark Audio/Video Lessons from Weeks 1-4</p>
<h2>Phrase of the Week</h2><p>➜ PHRASE OF THE WEEK<br>Merci pour votre aide. - Thank you for your help.</p>
<h2>Lesson</h2><p>➜ RECAP <br> ⬚ Recall what you learned in the previous lesson.</p><p>➜ LESSON <br> ⬚ Play Audio/Video Links &amp; Follow Along<br> ⬚ Review Picture Study Vocabulary &amp; Narration Sentences<br> ⬚ Review Grammar Concepts &amp; Practice Sentences</p>
<p><a href=""https://planning.alveary.org/pdf/modern-language/individual-lessons/recXNy9VgzzImwBjs.pdf"">Click here to view charts and additional lesson information.</a></p>
<p><a href=""https://planning.alveary.org/links.html?id=rec5lgyGmTryTXFqV&amp;term=1&amp;week=5"">Click here to view video/audio links.</a></p>","","https://planning.alveary.org/links.html?id=rec5lgyGmTryTXFqV&term=1&week=5","Lesson","0","FALSE"
"alveary-rec5lgyGmTryTXFqV","Import is Current","alveary-recwgdrVTxlqhVF4f","6","2","20m French Picture Study Ext. + Grammar –
Lesson 6","<h2>Materials</h2><p>⍞ Materials: Linnea in Monet's Garden p.10, Student Notebook</p>
<h2>Preparation</h2><p>➜ PREP <br> ⬚ Review instructions on teaching Picture Study and Grammar Lessons<br> ⬚ Preview Lesson &amp; Audio/Video Links</p>
<h2>Phrase of the Week</h2><p>➜ PHRASE OF THE WEEK<br>Répétez, s'il vous plaît. - Repeat, please.</p>
<h2>Lesson</h2><p>➜ RECAP <br> ⬚ Recall what you learned in the previous lesson.</p><p>➜ LESSON <br> ⬚ Play Audio/Video Links &amp; Follow Along<br> ⬚ Review Picture Study Vocabulary &amp; Narration Sentences<br> ⬚ Introduce Grammar Concept <br> ⬚ Practice Sentences</p>
<p><a href=""https://planning.alveary.org/pdf/modern-language/individual-lessons/recwgdrVTxlqhVF4f.pdf"">Click here to view charts and additional lesson information.</a></p>
<p><a href=""https://planning.alveary.org/links.html?id=rec5lgyGmTryTXFqV&amp;term=1&amp;week=6"">Click here to view video/audio links.</a></p>","","https://planning.alveary.org/links.html?id=rec5lgyGmTryTXFqV&term=1&week=6","Lesson","0","FALSE"
"alveary-rec5lgyGmTryTXFqV","Import is Current","alveary-rec1rbz95V7F82iwY","7","2","20m French Picture Study Ext. + Grammar –
Lesson 7","<h2>Materials</h2><p>⍞ Materials: Linnea in Monet's Garden p.10, Student Notebook</p>
<h2>Preparation</h2><p>➜ PREP <br> ⬚ Review instructions on teaching Picture Study and Grammar Lessons.<br> ⬚ Preview Lesson &amp; Audio/Video Links</p>
<h2>Phrase of the Week</h2><p>➜ PHRASE OF THE WEEK<br>Je suis désolé(e). - I am sorry.</p>
<h2>Lesson</h2><p>➜ RECAP <br> ⬚ Recall what you learned in the previous lesson.</p><p>➜ LESSON <br> ⬚ Play Audio/Video Links &amp; Follow Along<br> ⬚ Review Picture Study Vocabulary &amp; Narration Sentences<br> ⬚ Review Grammar Concept (from previous week)<br> ⬚ Practice Sentences</p>
<p><a href=""https://planning.alveary.org/pdf/modern-language/individual-lessons/rec1rbz95V7F82iwY.pdf"">Click here to view charts and additional lesson information.</a></p>
<p><a href=""https://planning.alveary.org/links.html?id=rec5lgyGmTryTXFqV&amp;term=1&amp;week=7"">Click here to view video/audio links.</a></p>","","https://planning.alveary.org/links.html?id=rec5lgyGmTryTXFqV&term=1&week=7","Lesson","0","FALSE"
"alveary-rec5lgyGmTryTXFqV","Import is Current","alveary-rechM0wN689GeilBb","8","2","20m French Picture Study Ext. + Grammar –
Lesson 8","<h2>Materials</h2><p>⍞ Materials: Linnea in Monet's Garden p.11, Student Notebook</p>
<h2>Preparation</h2><p>➜ PREP <br> ⬚ Review instructions on teaching Picture Study and Grammar Lessons<br> ⬚ Preview Lesson &amp; Audio/Video Links</p>
<h2>Phrase of the Week</h2><p>➜ PHRASE OF THE WEEK<br>J'aime lire des livres. - I like to read books.</p>
<h2>Lesson</h2><p>➜ RECAP <br> ⬚ Recall what you learned in the previous lesson.</p><p>➜ LESSON <br> ⬚ Play Audio/Video Links &amp; Follow Along<br> ⬚ Review Picture Study Vocabulary &amp; Narration Sentences<br> ⬚ Introduce Grammar Concept <br> ⬚ Practice Sentences</p>
<p><a href=""https://planning.alveary.org/pdf/modern-language/individual-lessons/rechM0wN689GeilBb.pdf"">Click here to view charts and additional lesson information.</a></p>
<p><a href=""https://planning.alveary.org/links.html?id=rec5lgyGmTryTXFqV&amp;term=1&amp;week=8"">Click here to view video/audio links.</a></p>","","https://planning.alveary.org/links.html?id=rec5lgyGmTryTXFqV&term=1&week=8","Lesson","0","FALSE"
"alveary-rec5lgyGmTryTXFqV","Import is Current","alveary-recN3Z1uJ4pUw7H0N","9","2","20m French Picture Study Ext. + Grammar –
Lesson 9","<h2>Materials</h2><p>⍞ Materials: Linnea in Monet's Garden p.11, Student Notebook</p>
<h2>Preparation</h2><p>➜ PREP <br> ⬚ Review instructions on teaching Picture Study and Grammar Lessons.<br> ⬚ Preview Lesson &amp; Audio/Video Links</p>
<h2>Phrase of the Week</h2><p>➜ PHRASE OF THE WEEK<br>J'aime jouer dehors. - I like to play outside.</p>
<h2>Lesson</h2><p>➜ RECAP <br> ⬚ Recall what you learned in the previous lesson.</p><p>➜ LESSON <br> ⬚ Play Audio/Video Links &amp; Follow Along<br> ⬚ Review Picture Study Vocabulary &amp; Narration Sentences<br> ⬚ Review Grammar Concept (from previous week)<br> ⬚ Practice Sentences</p>
<p><a href=""https://planning.alveary.org/pdf/modern-language/individual-lessons/recN3Z1uJ4pUw7H0N.pdf"">Click here to view charts and additional lesson information.</a></p>
<p><a href=""https://planning.alveary.org/links.html?id=rec5lgyGmTryTXFqV&amp;term=1&amp;week=9"">Click here to view video/audio links.</a></p>","","https://planning.alveary.org/links.html?id=rec5lgyGmTryTXFqV&term=1&week=9","Lesson","0","FALSE"
"alveary-rec5lgyGmTryTXFqV","Import is Current","alveary-recXWNMXqAW8CFNok","10","2","20m French Picture Study Ext. + Grammar –
Lesson 10","<h2>Materials</h2><p>⍞ Materials: Linnea in Monet's Garden p.10-11, Student Notebook</p>
<h2>Preparation</h2><p>➜ PREP <br> ⬚ Review Lessons &amp; Content from Weeks 6-9<br> ⬚ Prep or Bookmark Audio/Video Lessons from Weeks 6-9</p>
<h2>Phrase of the Week</h2><p>➜ PHRASE OF THE WEEK<br>J'ai un chien. - I have a dog.</p>
<h2>Lesson</h2><p>➜ RECAP <br> ⬚ Recall what you learned in the previous lesson.</p><p>➜ LESSON <br> ⬚ Play Audio/Video Links &amp; Follow Along<br> ⬚ Review Picture Study Vocabulary &amp; Narration Sentences<br> ⬚ Review Grammar Concepts &amp; Practice Sentences</p>
<p><a href=""https://planning.alveary.org/pdf/modern-language/individual-lessons/recXWNMXqAW8CFNok.pdf"">Click here to view charts and additional lesson information.</a></p>
<p><a href=""https://planning.alveary.org/links.html?id=rec5lgyGmTryTXFqV&amp;term=1&amp;week=10"">Click here to view video/audio links.</a></p>","","https://planning.alveary.org/links.html?id=rec5lgyGmTryTXFqV&term=1&week=10","Lesson","0","FALSE"
"alveary-rec5lgyGmTryTXFqV","Import is Current","alveary-rec4tI1b7ptdDHv7g","11","2","20m French Picture Study Ext. + Grammar –
Lesson 11","<h2>Materials</h2><p>⍞ Materials: Linnea in Monet's Garden p.6, 8-11, Student Notebook</p>
<h2>Preparation</h2><p>➜ PREP<br> ⬚ Review Term Lessons &amp; Content<br> ⬚ Prep or Bookmark Audio/Video Lessons (optional)</p>
<h2>Phrase of the Week</h2><p>➜ PHRASE OF THE WEEK<br>Cette classe est amusante. - This class is fun.</p>
<h2>Lesson</h2><p>➜ REVIEW<br> ⬚ Review Picture Study Vocabulary &amp; Narration Sentences from the term.<br> ⬚ Review Grammar Concepts &amp; Practice Sentences from the term.</p>
<p><a href=""https://planning.alveary.org/pdf/modern-language/individual-lessons/rec4tI1b7ptdDHv7g.pdf"">Click here to view charts and additional lesson information.</a></p>
<p><a href=""https://planning.alveary.org/links.html?id=rec5lgyGmTryTXFqV&amp;term=1&amp;week=11"">Click here to view video/audio links.</a></p>","","https://planning.alveary.org/links.html?id=rec5lgyGmTryTXFqV&term=1&week=11","Lesson","0","FALSE"
"alveary-rec5lgyGmTryTXFqV","Import is Current","alveary-recCMSX9hKQRM2yFh","12","2","20m French Picture Study Ext. + Grammar –
Lesson 12","<h2>Phrase of the Week</h2><p>➜ PHRASE OF THE WEEK<br> -</p>
<h2>Lesson</h2><p>➜ EXAMS<br>Answer questions related to course.</p><p>Questions will come from Course Materials</p>
<p><a href=""https://planning.alveary.org/pdf/modern-language/individual-lessons/recCMSX9hKQRM2yFh.pdf"">Click here to view charts and additional lesson information.</a></p>
<p><a href=""https://planning.alveary.org/links.html?id=rec5lgyGmTryTXFqV"">Click here to view video/audio links.</a></p>","","https://planning.alveary.org/links.html?id=rec5lgyGmTryTXFqV","Lesson","0","FALSE"
"alveary-rec5lgyGmTryTXFqV","Import is Current","alveary-recGGFzaIVwANJcur","13","2","20m French Picture Study Ext. + Grammar –
Lesson 13","<h2>Materials</h2><p>⍞ Materials: Linnea in Monet's Garden p.12-13, Student Notebook</p>
<h2>Preparation</h2><p>➜ PREP <br> ⬚ Review instructions on teaching Picture Study and Grammar Lessons<br> ⬚ Preview Lesson &amp; Audio/Video Links</p>
<h2>Phrase of the Week</h2><p>➜ PHRASE OF THE WEEK<br>Apprenons ! - Let's learn!</p>
<h2>Lesson</h2><p>➜ RECAP <br> ⬚ Recall what you learned in the previous lesson.</p><p>➜ LESSON <br> ⬚ Play Audio/Video Links &amp; Follow Along<br> ⬚ Review Picture Study Vocabulary &amp; Narration Sentences<br> ⬚ Introduce Grammar Concept <br> ⬚ Practice Sentences</p>
<p><a href=""https://planning.alveary.org/pdf/modern-language/individual-lessons/recGGFzaIVwANJcur.pdf"">Click here to view charts and additional lesson information.</a></p>
<p><a href=""https://planning.alveary.org/links.html?id=rec5lgyGmTryTXFqV&amp;term=2&amp;week=13"">Click here to view video/audio links.</a></p>","","https://planning.alveary.org/links.html?id=rec5lgyGmTryTXFqV&term=2&week=13","Lesson","0","FALSE"
"alveary-rec5lgyGmTryTXFqV","Import is Current","alveary-rec5IyOofooqZqJge","14","2","20m French Picture Study Ext. + Grammar –
Lesson 14","<h2>Materials</h2><p>⍞ Materials: Linnea in Monet's Garden p.12-13, Student Notebook</p>
<h2>Preparation</h2><p>➜ PREP <br> ⬚ Review instructions on teaching Picture Study and Grammar Lessons.<br> ⬚ Preview Lesson &amp; Audio/Video Links</p>
<h2>Phrase of the Week</h2><p>➜ PHRASE OF THE WEEK<br>Aujourd'hui, il y a du soleil. - Today, it is sunny.</p>
<h2>Lesson</h2><p>➜ RECAP <br> ⬚ Recall what you learned in the previous lesson.</p><p>➜ LESSON <br> ⬚ Play Audio/Video Links &amp; Follow Along<br> ⬚ Review Picture Study Vocabulary &amp; Narration Sentences<br> ⬚ Review Grammar Concept (from previous week)<br> ⬚ Practice Sentences</p>
<p><a href=""https://planning.alveary.org/pdf/modern-language/individual-lessons/rec5IyOofooqZqJge.pdf"">Click here to view charts and additional lesson information.</a></p>
<p><a href=""https://planning.alveary.org/links.html?id=rec5lgyGmTryTXFqV&amp;term=2&amp;week=14"">Click here to view video/audio links.</a></p>","","https://planning.alveary.org/links.html?id=rec5lgyGmTryTXFqV&term=2&week=14","Lesson","0","FALSE"
"alveary-rec5lgyGmTryTXFqV","Import is Current","alveary-recRnUqIaAzKumQ6R","15","2","20m French Picture Study Ext. + Grammar –
Lesson 15","<h2>Materials</h2><p>⍞ Materials: Linnea in Monet's Garden p.12-13, Student Notebook</p>
<h2>Preparation</h2><p>➜ PREP <br> ⬚ Review instructions on teaching Picture Study and Grammar Lessons<br> ⬚ Preview Lesson &amp; Audio/Video Links</p>
<h2>Phrase of the Week</h2><p>➜ PHRASE OF THE WEEK<br>Je joue avec mes amis. - I play with my friends.</p>
<h2>Lesson</h2><p>➜ RECAP <br> ⬚ Recall what you learned in the previous lesson.</p><p>➜ LESSON <br> ⬚ Play Audio/Video Links &amp; Follow Along<br> ⬚ Review Picture Study Vocabulary &amp; Narration Sentences<br> ⬚ Introduce Grammar Concept <br> ⬚ Practice Sentences</p>
<p><a href=""https://planning.alveary.org/pdf/modern-language/individual-lessons/recRnUqIaAzKumQ6R.pdf"">Click here to view charts and additional lesson information.</a></p>
<p><a href=""https://planning.alveary.org/links.html?id=rec5lgyGmTryTXFqV&amp;term=2&amp;week=15"">Click here to view video/audio links.</a></p>","","https://planning.alveary.org/links.html?id=rec5lgyGmTryTXFqV&term=2&week=15","Lesson","0","FALSE"
"alveary-rec5lgyGmTryTXFqV","Import is Current","alveary-recUEMNymGQPyniqS","16","2","20m French Picture Study Ext. + Grammar –
Lesson 16","<h2>Materials</h2><p>⍞ Materials: Linnea in Monet's Garden p.12-13, Student Notebook</p>
<h2>Preparation</h2><p>➜ PREP <br> ⬚ Review instructions on teaching Picture Study and Grammar Lessons.<br> ⬚ Preview Lesson &amp; Audio/Video Links</p>
<h2>Phrase of the Week</h2><p>➜ PHRASE OF THE WEEK<br>Aujourd'hui, je suis content(e). - Today, I am happy.</p>
<h2>Lesson</h2><p>➜ RECAP <br> ⬚ Recall what you learned in the previous lesson.</p><p>➜ LESSON <br> ⬚ Play Audio/Video Links &amp; Follow Along<br> ⬚ Review Picture Study Vocabulary &amp; Narration Sentences<br> ⬚ Review Grammar Concept (from previous week)<br> ⬚ Practice Sentences</p>
<p><a href=""https://planning.alveary.org/pdf/modern-language/individual-lessons/recUEMNymGQPyniqS.pdf"">Click here to view charts and additional lesson information.</a></p>
<p><a href=""https://planning.alveary.org/links.html?id=rec5lgyGmTryTXFqV&amp;term=2&amp;week=16"">Click here to view video/audio links.</a></p>","","https://planning.alveary.org/links.html?id=rec5lgyGmTryTXFqV&term=2&week=16","Lesson","0","FALSE"
"alveary-rec5lgyGmTryTXFqV","Import is Current","alveary-rechyuQ0iGCanw8Xw","17","2","20m French Picture Study Ext. + Grammar –
Lesson 17","<h2>Materials</h2><p>⍞ Materials: Linnea in Monet's Garden p.12-13, Student Notebook</p>
<h2>Preparation</h2><p>➜ PREP <br> ⬚ Review Lessons &amp; Content from Weeks 1-4<br> ⬚ Prep or Bookmark Audio/Video Lessons from Weeks 1-4</p>
<h2>Phrase of the Week</h2><p>➜ PHRASE OF THE WEEK<br>J'aime la couleur bleue. - I like the color blue.</p>
<h2>Lesson</h2><p>➜ RECAP <br> ⬚ Recall what you learned in the previous lesson.</p><p>➜ LESSON <br> ⬚ Play Audio/Video Links &amp; Follow Along<br> ⬚ Review Picture Study Vocabulary &amp; Narration Sentences<br> ⬚ Review Grammar Concepts &amp; Practice Sentences</p>
<p><a href=""https://planning.alveary.org/pdf/modern-language/individual-lessons/rechyuQ0iGCanw8Xw.pdf"">Click here to view charts and additional lesson information.</a></p>
<p><a href=""https://planning.alveary.org/links.html?id=rec5lgyGmTryTXFqV&amp;term=2&amp;week=17"">Click here to view video/audio links.</a></p>","","https://planning.alveary.org/links.html?id=rec5lgyGmTryTXFqV&term=2&week=17","Lesson","0","FALSE"
"alveary-rec5lgyGmTryTXFqV","Import is Current","alveary-recFHx5ZBFnKnuRDB","18","2","20m French Picture Study Ext. + Grammar –
Lesson 18","<h2>Materials</h2><p>⍞ Materials: Linnea in Monet's Garden p.14-15, Student Notebook</p>
<h2>Preparation</h2><p>➜ PREP <br> ⬚ Review instructions on teaching Picture Study and Grammar Lessons<br> ⬚ Preview Lesson &amp; Audio/Video Links</p>
<h2>Phrase of the Week</h2><p>➜ PHRASE OF THE WEEK<br>Je me réveille tôt. - I wake up early.</p>
<h2>Lesson</h2><p>➜ RECAP <br> ⬚ Recall what you learned in the previous lesson.</p><p>➜ LESSON <br> ⬚ Play Audio/Video Links &amp; Follow Along<br> ⬚ Review Picture Study Vocabulary &amp; Narration Sentences<br> ⬚ Introduce Grammar Concept <br> ⬚ Practice Sentences</p>
<p><a href=""https://planning.alveary.org/pdf/modern-language/individual-lessons/recFHx5ZBFnKnuRDB.pdf"">Click here to view charts and additional lesson information.</a></p>
<p><a href=""https://planning.alveary.org/links.html?id=rec5lgyGmTryTXFqV&amp;term=2&amp;week=18"">Click here to view video/audio links.</a></p>","","https://planning.alveary.org/links.html?id=rec5lgyGmTryTXFqV&term=2&week=18","Lesson","0","FALSE"
"alveary-rec5lgyGmTryTXFqV","Import is Current","alveary-recb38utiVUuOLtvB","19","2","20m French Picture Study Ext. + Grammar –
Lesson 19","<h2>Materials</h2><p>⍞ Materials: Linnea in Monet's Garden p.14-15, Student Notebook</p>
<h2>Preparation</h2><p>➜ PREP <br> ⬚ Review instructions on teaching Picture Study and Grammar Lessons.<br> ⬚ Preview Lesson &amp; Audio/Video Links</p>
<h2>Phrase of the Week</h2><p>➜ PHRASE OF THE WEEK<br>Au revoir et à demain ! - Good bye and see you tomorrow!</p>
<h2>Lesson</h2><p>➜ RECAP <br> ⬚ Recall what you learned in the previous lesson.</p><p>➜ LESSON <br> ⬚ Play Audio/Video Links &amp; Follow Along<br> ⬚ Review Picture Study Vocabulary &amp; Narration Sentences<br> ⬚ Review Grammar Concept (from previous week)<br> ⬚ Practice Sentences</p>
<p><a href=""https://planning.alveary.org/pdf/modern-language/individual-lessons/recb38utiVUuOLtvB.pdf"">Click here to view charts and additional lesson information.</a></p>
<p><a href=""https://planning.alveary.org/links.html?id=rec5lgyGmTryTXFqV&amp;term=2&amp;week=19"">Click here to view video/audio links.</a></p>","","https://planning.alveary.org/links.html?id=rec5lgyGmTryTXFqV&term=2&week=19","Lesson","0","FALSE"
"alveary-rec5lgyGmTryTXFqV","Import is Current","alveary-recSGTRRaxrLhSmMe","20","2","20m French Picture Study Ext. + Grammar –
Lesson 20","<h2>Materials</h2><p>⍞ Materials: Linnea in Monet's Garden p.14-15, Student Notebook</p>
<h2>Preparation</h2><p>➜ PREP <br> ⬚ Review instructions on teaching Picture Study and Grammar Lessons<br> ⬚ Preview Lesson &amp; Audio/Video Links</p>
<h2>Phrase of the Week</h2><p>➜ PHRASE OF THE WEEK<br>Je me lave les mains. - I wash my hands.</p>
<h2>Lesson</h2><p>➜ RECAP <br> ⬚ Recall what you learned in the previous lesson.</p><p>➜ LESSON <br> ⬚ Play Audio/Video Links &amp; Follow Along<br> ⬚ Review Picture Study Vocabulary &amp; Narration Sentences<br> ⬚ Introduce Grammar Concept <br> ⬚ Practice Sentences</p>
<p><a href=""https://planning.alveary.org/pdf/modern-language/individual-lessons/recSGTRRaxrLhSmMe.pdf"">Click here to view charts and additional lesson information.</a></p>
<p><a href=""https://planning.alveary.org/links.html?id=rec5lgyGmTryTXFqV&amp;term=2&amp;week=20"">Click here to view video/audio links.</a></p>","","https://planning.alveary.org/links.html?id=rec5lgyGmTryTXFqV&term=2&week=20","Lesson","0","FALSE"
"alveary-rec5lgyGmTryTXFqV","Import is Current","alveary-recgA7orFgWKpyg0t","21","2","20m French Picture Study Ext. + Grammar –
Lesson 21","<h2>Materials</h2><p>⍞ Materials: Linnea in Monet's Garden p.14-15, Student Notebook</p>
<h2>Preparation</h2><p>➜ PREP <br> ⬚ Review instructions on teaching Picture Study and Grammar Lessons.<br> ⬚ Preview Lesson &amp; Audio/Video Links</p>
<h2>Phrase of the Week</h2><p>➜ PHRASE OF THE WEEK<br>Je me lave les dents. - I brush my teeth.</p>
<h2>Lesson</h2><p>➜ RECAP <br> ⬚ Recall what you learned in the previous lesson.</p><p>➜ LESSON <br> ⬚ Play Audio/Video Links &amp; Follow Along<br> ⬚ Review Picture Study Vocabulary &amp; Narration Sentences<br> ⬚ Review Grammar Concept (from previous week)<br> ⬚ Practice Sentences</p>
<p><a href=""https://planning.alveary.org/pdf/modern-language/individual-lessons/recgA7orFgWKpyg0t.pdf"">Click here to view charts and additional lesson information.</a></p>
<p><a href=""https://planning.alveary.org/links.html?id=rec5lgyGmTryTXFqV&amp;term=2&amp;week=21"">Click here to view video/audio links.</a></p>","","https://planning.alveary.org/links.html?id=rec5lgyGmTryTXFqV&term=2&week=21","Lesson","0","FALSE"
"alveary-rec5lgyGmTryTXFqV","Import is Current","alveary-recnuQbBHFPYmX8pB","22","2","20m French Picture Study Ext. + Grammar –
Lesson 22","<h2>Materials</h2><p>⍞ Materials: Linnea in Monet's Garden p.14-15, Student Notebook</p>
<h2>Preparation</h2><p>➜ PREP <br> ⬚ Review Lessons &amp; Content from Weeks 6-9<br> ⬚ Prep or Bookmark Audio/Video Lessons from Weeks 6-9</p>
<h2>Phrase of the Week</h2><p>➜ PHRASE OF THE WEEK<br>Le matin, je mange le petit-déjeuner. - In the morning, I eat breakfast.</p>
<h2>Lesson</h2><p>➜ RECAP <br> ⬚ Recall what you learned in the previous lesson.</p><p>➜ LESSON <br> ⬚ Play Audio/Video Links &amp; Follow Along<br> ⬚ Review Picture Study Vocabulary &amp; Narration Sentences<br> ⬚ Review Grammar Concepts &amp; Practice Sentences</p>
<p><a href=""https://planning.alveary.org/pdf/modern-language/individual-lessons/recnuQbBHFPYmX8pB.pdf"">Click here to view charts and additional lesson information.</a></p>
<p><a href=""https://planning.alveary.org/links.html?id=rec5lgyGmTryTXFqV&amp;term=2&amp;week=22"">Click here to view video/audio links.</a></p>","","https://planning.alveary.org/links.html?id=rec5lgyGmTryTXFqV&term=2&week=22","Lesson","0","FALSE"
"alveary-rec5lgyGmTryTXFqV","Import is Current","alveary-recEp6Xi7LExk7MTM","23","2","20m French Picture Study Ext. + Grammar –
Lesson 23","<h2>Materials</h2><p>⍞ Materials: Linnea in Monet's Garden p.12-15, Student Notebook</p>
<h2>Preparation</h2><p>➜ PREP<br> ⬚ Review Term Lessons &amp; Content<br> ⬚ Prep or Bookmark Audio/Video Lessons (optional)</p>
<h2>Phrase of the Week</h2><p>➜ PHRASE OF THE WEEK<br>Je m'assois sur une chaise.  - I sit on a chair.</p>
<h2>Lesson</h2><p>➜ REVIEW<br> ⬚ Review Picture Study Vocabulary &amp; Narration Sentences from the term.<br> ⬚ Review Grammar Concepts &amp; Practice Sentences from the term.</p>
<p><a href=""https://planning.alveary.org/pdf/modern-language/individual-lessons/recEp6Xi7LExk7MTM.pdf"">Click here to view charts and additional lesson information.</a></p>
<p><a href=""https://planning.alveary.org/links.html?id=rec5lgyGmTryTXFqV&amp;term=2&amp;week=23"">Click here to view video/audio links.</a></p>","","https://planning.alveary.org/links.html?id=rec5lgyGmTryTXFqV&term=2&week=23","Lesson","0","FALSE"
"alveary-rec5lgyGmTryTXFqV","Import is Current","alveary-rec2KnPWoPTkdoKnW","24","2","20m French Picture Study Ext. + Grammar –
Lesson 24","<h2>Phrase of the Week</h2><p>➜ PHRASE OF THE WEEK<br> -</p>
<h2>Lesson</h2><p>➜ EXAMS<br>Answer questions related to course.</p><p>Questions will come from Course Materials</p>
<p><a href=""https://planning.alveary.org/pdf/modern-language/individual-lessons/rec2KnPWoPTkdoKnW.pdf"">Click here to view charts and additional lesson information.</a></p>
<p><a href=""https://planning.alveary.org/links.html?id=rec5lgyGmTryTXFqV"">Click here to view video/audio links.</a></p>","","https://planning.alveary.org/links.html?id=rec5lgyGmTryTXFqV","Lesson","0","FALSE"
"alveary-rec5lgyGmTryTXFqV","Import is Current","alveary-recqw48StP3W7JSxl","25","2","20m French Picture Study Ext. + Grammar –
Lesson 25","<h2>Materials</h2><p>⍞ Materials: Linnea in Monet's Garden p.17, Student Notebook</p>
<h2>Preparation</h2><p>➜ PREP <br> ⬚ Review instructions on teaching Picture Study and Grammar Lessons<br> ⬚ Preview Lesson &amp; Audio/Video Links</p>
<h2>Phrase of the Week</h2><p>➜ PHRASE OF THE WEEK<br>Je mange le déjeuner. - I eat lunch.</p>
<h2>Lesson</h2><p>➜ RECAP <br> ⬚ Recall what you learned in the previous lesson.</p><p>➜ LESSON <br> ⬚ Play Audio/Video Links &amp; Follow Along<br> ⬚ Review Picture Study Vocabulary &amp; Narration Sentences<br> ⬚ Introduce Grammar Concept <br> ⬚ Practice Sentences</p>
<p><a href=""https://planning.alveary.org/pdf/modern-language/individual-lessons/recqw48StP3W7JSxl.pdf"">Click here to view charts and additional lesson information.</a></p>
<p><a href=""https://planning.alveary.org/links.html?id=rec5lgyGmTryTXFqV&amp;term=3&amp;week=25"">Click here to view video/audio links.</a></p>","","https://planning.alveary.org/links.html?id=rec5lgyGmTryTXFqV&term=3&week=25","Lesson","0","FALSE"
"alveary-rec5lgyGmTryTXFqV","Import is Current","alveary-recjT48M71I1ZvHw0","26","2","20m French Picture Study Ext. + Grammar –
Lesson 26","<h2>Materials</h2><p>⍞ Materials: Linnea in Monet's Garden p.17, Student Notebook</p>
<h2>Preparation</h2><p>➜ PREP <br> ⬚ Review instructions on teaching Picture Study and Grammar Lessons.<br> ⬚ Preview Lesson &amp; Audio/Video Links</p>
<h2>Phrase of the Week</h2><p>➜ PHRASE OF THE WEEK<br>Je mange le dîner. - I eat dinner.</p>
<h2>Lesson</h2><p>➜ RECAP <br> ⬚ Recall what you learned in the previous lesson.</p><p>➜ LESSON <br> ⬚ Play Audio/Video Links &amp; Follow Along<br> ⬚ Review Picture Study Vocabulary &amp; Narration Sentences<br> ⬚ Review Grammar Concept (from previous week)<br> ⬚ Practice Sentences</p>
<p><a href=""https://planning.alveary.org/pdf/modern-language/individual-lessons/recjT48M71I1ZvHw0.pdf"">Click here to view charts and additional lesson information.</a></p>
<p><a href=""https://planning.alveary.org/links.html?id=rec5lgyGmTryTXFqV&amp;term=3&amp;week=26"">Click here to view video/audio links.</a></p>","","https://planning.alveary.org/links.html?id=rec5lgyGmTryTXFqV&term=3&week=26","Lesson","0","FALSE"
"alveary-rec5lgyGmTryTXFqV","Import is Current","alveary-recvig4w7mCjVa1HY","27","2","20m French Picture Study Ext. + Grammar –
Lesson 27","<h2>Materials</h2><p>⍞ Materials: Linnea in Monet's Garden p.17, Student Notebook</p>
<h2>Preparation</h2><p>➜ PREP <br> ⬚ Review instructions on teaching Picture Study and Grammar Lessons<br> ⬚ Preview Lesson &amp; Audio/Video Links</p>
<h2>Phrase of the Week</h2><p>➜ PHRASE OF THE WEEK<br>J'aime la musique. - I like music.</p>
<h2>Lesson</h2><p>➜ RECAP <br> ⬚ Recall what you learned in the previous lesson.</p><p>➜ LESSON <br> ⬚ Play Audio/Video Links &amp; Follow Along<br> ⬚ Review Picture Study Vocabulary &amp; Narration Sentences<br> ⬚ Introduce Grammar Concept <br> ⬚ Practice Sentences</p>
<p><a href=""https://planning.alveary.org/pdf/modern-language/individual-lessons/recvig4w7mCjVa1HY.pdf"">Click here to view charts and additional lesson information.</a></p>
<p><a href=""https://planning.alveary.org/links.html?id=rec5lgyGmTryTXFqV&amp;term=3&amp;week=27"">Click here to view video/audio links.</a></p>","","https://planning.alveary.org/links.html?id=rec5lgyGmTryTXFqV&term=3&week=27","Lesson","0","FALSE"
"alveary-rec5lgyGmTryTXFqV","Import is Current","alveary-recemHduso2ky2zpO","28","2","20m French Picture Study Ext. + Grammar –
Lesson 28","<h2>Materials</h2><p>⍞ Materials: Linnea in Monet's Garden p.17, Student Notebook</p>
<h2>Preparation</h2><p>➜ PREP <br> ⬚ Review instructions on teaching Picture Study and Grammar Lessons.<br> ⬚ Preview Lesson &amp; Audio/Video Links</p>
<h2>Phrase of the Week</h2><p>➜ PHRASE OF THE WEEK<br>Ferme la porte. - Close the door.</p>
<h2>Lesson</h2><p>➜ RECAP <br> ⬚ Recall what you learned in the previous lesson.</p><p>➜ LESSON <br> ⬚ Play Audio/Video Links &amp; Follow Along<br> ⬚ Review Picture Study Vocabulary &amp; Narration Sentences<br> ⬚ Review Grammar Concept (from previous week)<br> ⬚ Practice Sentences</p>
<p><a href=""https://planning.alveary.org/pdf/modern-language/individual-lessons/recemHduso2ky2zpO.pdf"">Click here to view charts and additional lesson information.</a></p>
<p><a href=""https://planning.alveary.org/links.html?id=rec5lgyGmTryTXFqV&amp;term=3&amp;week=28"">Click here to view video/audio links.</a></p>","","https://planning.alveary.org/links.html?id=rec5lgyGmTryTXFqV&term=3&week=28","Lesson","0","FALSE"
"alveary-rec5lgyGmTryTXFqV","Import is Current","alveary-recU0G52N1GzbIXCZ","29","2","20m French Picture Study Ext. + Grammar –
Lesson 29","<h2>Preparation</h2><p>➜ PREP <br> ⬚ Review Lessons &amp; Content from Weeks 1-4<br> ⬚ Prep or Bookmark Audio/Video Lessons from Weeks 1-4</p>
<h2>Phrase of the Week</h2><p>➜ PHRASE OF THE WEEK<br>Je participe aux tâches ménagères à la maison. - I help with cleaning tasks at home.</p>
<h2>Lesson</h2><p>➜ RECAP <br> ⬚ Recall what you learned in the previous lesson.</p><p>➜ LESSON <br> ⬚ Play Audio/Video Links &amp; Follow Along<br> ⬚ Review Picture Study Vocabulary &amp; Narration Sentences<br> ⬚ Review Grammar Concepts &amp; Practice Sentences</p>
<p><a href=""https://planning.alveary.org/pdf/modern-language/individual-lessons/recU0G52N1GzbIXCZ.pdf"">Click here to view charts and additional lesson information.</a></p>
<p><a href=""https://planning.alveary.org/links.html?id=rec5lgyGmTryTXFqV&amp;term=3&amp;week=29"">Click here to view video/audio links.</a></p>","","https://planning.alveary.org/links.html?id=rec5lgyGmTryTXFqV&term=3&week=29","Lesson","0","FALSE"
"alveary-rec5lgyGmTryTXFqV","Import is Current","alveary-recFdQmi730vf66C1","30","2","20m French Picture Study Ext. + Grammar –
Lesson 30","<h2>Preparation</h2><p>➜ PREP <br> ⬚ Review instructions on teaching Picture Study and Grammar Lessons<br> ⬚ Preview Lesson &amp; Audio/Video Links</p>
<h2>Phrase of the Week</h2><p>➜ PHRASE OF THE WEEK<br>Je range ma chambre. - I tidy up my room.</p>
<h2>Lesson</h2><p>➜ RECAP <br> ⬚ Recall what you learned in the previous lesson.</p><p>➜ LESSON <br> ⬚ Play Audio/Video Links &amp; Follow Along<br> ⬚ Review Picture Study Vocabulary &amp; Narration Sentences<br> ⬚ Introduce Grammar Concept <br> ⬚ Practice Sentences</p>
<p><a href=""https://planning.alveary.org/pdf/modern-language/individual-lessons/recFdQmi730vf66C1.pdf"">Click here to view charts and additional lesson information.</a></p>
<p><a href=""https://planning.alveary.org/links.html?id=rec5lgyGmTryTXFqV&amp;term=3&amp;week=30"">Click here to view video/audio links.</a></p>","","https://planning.alveary.org/links.html?id=rec5lgyGmTryTXFqV&term=3&week=30","Lesson","0","FALSE"
"alveary-rec5lgyGmTryTXFqV","Import is Current","alveary-recEDaovtNnwP0tgH","31","2","20m French Picture Study Ext. + Grammar –
Lesson 31","<h2>Preparation</h2><p>➜ PREP <br> ⬚ Review instructions on teaching Picture Study and Grammar Lessons.<br> ⬚ Preview Lesson &amp; Audio/Video Links</p>
<h2>Phrase of the Week</h2><p>➜ PHRASE OF THE WEEK<br>Je mets la table. - I set the table.</p>
<h2>Lesson</h2><p>➜ RECAP <br> ⬚ Recall what you learned in the previous lesson.</p><p>➜ LESSON <br> ⬚ Play Audio/Video Links &amp; Follow Along<br> ⬚ Review Picture Study Vocabulary &amp; Narration Sentences<br> ⬚ Review Grammar Concept (from previous week)<br> ⬚ Practice Sentences</p>
<p><a href=""https://planning.alveary.org/pdf/modern-language/individual-lessons/recEDaovtNnwP0tgH.pdf"">Click here to view charts and additional lesson information.</a></p>
<p><a href=""https://planning.alveary.org/links.html?id=rec5lgyGmTryTXFqV&amp;term=3&amp;week=31"">Click here to view video/audio links.</a></p>","","https://planning.alveary.org/links.html?id=rec5lgyGmTryTXFqV&term=3&week=31","Lesson","0","FALSE"
"alveary-rec5lgyGmTryTXFqV","Import is Current","alveary-recBS04jjfZmIfWNU","32","2","20m French Picture Study Ext. + Grammar –
Lesson 32","<h2>Preparation</h2><p>➜ PREP <br> ⬚ Review instructions on teaching Picture Study and Grammar Lessons<br> ⬚ Preview Lesson &amp; Audio/Video Links</p>
<h2>Phrase of the Week</h2><p>➜ PHRASE OF THE WEEK<br>Je range mes jouets. - I tidy up my toys.</p>
<h2>Lesson</h2><p>➜ RECAP <br> ⬚ Recall what you learned in the previous lesson.</p><p>➜ LESSON <br> ⬚ Play Audio/Video Links &amp; Follow Along<br> ⬚ Review Picture Study Vocabulary &amp; Narration Sentences<br> ⬚ Introduce Grammar Concept <br> ⬚ Practice Sentences</p>
<p><a href=""https://planning.alveary.org/pdf/modern-language/individual-lessons/recBS04jjfZmIfWNU.pdf"">Click here to view charts and additional lesson information.</a></p>
<p><a href=""https://planning.alveary.org/links.html?id=rec5lgyGmTryTXFqV&amp;term=3&amp;week=32"">Click here to view video/audio links.</a></p>","","https://planning.alveary.org/links.html?id=rec5lgyGmTryTXFqV&term=3&week=32","Lesson","0","FALSE"
"alveary-rec5lgyGmTryTXFqV","Import is Current","alveary-recNk3pdRUtzEu0Rw","33","2","20m French Picture Study Ext. + Grammar –
Lesson 33","<h2>Preparation</h2><p>➜ PREP <br> ⬚ Review instructions on teaching Picture Study and Grammar Lessons.<br> ⬚ Preview Lesson &amp; Audio/Video Links</p>
<h2>Phrase of the Week</h2><p>➜ PHRASE OF THE WEEK<br>Je mange le dîner avec ma famille. - I eat dinner with my family.</p>
<h2>Lesson</h2><p>➜ RECAP <br> ⬚ Recall what you learned in the previous lesson.</p><p>➜ LESSON <br> ⬚ Play Audio/Video Links &amp; Follow Along<br> ⬚ Review Picture Study Vocabulary &amp; Narration Sentences<br> ⬚ Review Grammar Concept (from previous week)<br> ⬚ Practice Sentences</p>
<p><a href=""https://planning.alveary.org/pdf/modern-language/individual-lessons/recNk3pdRUtzEu0Rw.pdf"">Click here to view charts and additional lesson information.</a></p>
<p><a href=""https://planning.alveary.org/links.html?id=rec5lgyGmTryTXFqV&amp;term=3&amp;week=33"">Click here to view video/audio links.</a></p>","","https://planning.alveary.org/links.html?id=rec5lgyGmTryTXFqV&term=3&week=33","Lesson","0","FALSE"
"alveary-rec5lgyGmTryTXFqV","Import is Current","alveary-recbuKtVILczK10vl","34","2","20m French Picture Study Ext. + Grammar –
Lesson 34","<h2>Preparation</h2><p>➜ PREP <br> ⬚ Review Lessons &amp; Content from Weeks 6-9<br> ⬚ Prep or Bookmark Audio/Video Lessons from Weeks 6-9</p>
<h2>Phrase of the Week</h2><p>➜ PHRASE OF THE WEEK<br>Je range la vaisselle après avoir mangé. - I put the dishes away after eating.</p>
<h2>Lesson</h2><p>➜ RECAP <br> ⬚ Recall what you learned in the previous lesson.</p><p>➜ LESSON <br> ⬚ Play Audio/Video Links &amp; Follow Along<br> ⬚ Review Picture Study Vocabulary &amp; Narration Sentences<br> ⬚ Review Grammar Concepts &amp; Practice Sentences</p>
<p><a href=""https://planning.alveary.org/pdf/modern-language/individual-lessons/recbuKtVILczK10vl.pdf"">Click here to view charts and additional lesson information.</a></p>
<p><a href=""https://planning.alveary.org/links.html?id=rec5lgyGmTryTXFqV&amp;term=3&amp;week=34"">Click here to view video/audio links.</a></p>","","https://planning.alveary.org/links.html?id=rec5lgyGmTryTXFqV&term=3&week=34","Lesson","0","FALSE"
"alveary-rec5lgyGmTryTXFqV","Import is Current","alveary-recjMbKJ82bP2Z6AY","35","2","20m French Picture Study Ext. + Grammar –
Lesson 35","<h2>Preparation</h2><p>➜ PREP<br> ⬚ Review Term Lessons &amp; Content<br> ⬚ Prep or Bookmark Audio/Video Lessons (optional)</p>
<h2>Phrase of the Week</h2><p>➜ PHRASE OF THE WEEK<br>J'éteins la lumière. - I turn off the light.</p>
<h2>Lesson</h2><p>➜ REVIEW<br> ⬚ Review Picture Study Vocabulary &amp; Narration Sentences from the term.<br> ⬚ Review Grammar Concepts &amp; Practice Sentences from the term.</p>
<p><a href=""https://planning.alveary.org/pdf/modern-language/individual-lessons/recjMbKJ82bP2Z6AY.pdf"">Click here to view charts and additional lesson information.</a></p>
<p><a href=""https://planning.alveary.org/links.html?id=rec5lgyGmTryTXFqV&amp;term=3&amp;week=35"">Click here to view video/audio links.</a></p>","","https://planning.alveary.org/links.html?id=rec5lgyGmTryTXFqV&term=3&week=35","Lesson","0","FALSE"
"alveary-rec5lgyGmTryTXFqV","Import is Current","alveary-recwvvhyY41wmtfdw","36","2","20m French Picture Study Ext. + Grammar –
Lesson 36","<h2>Phrase of the Week</h2><p>➜ PHRASE OF THE WEEK<br> -</p>
<h2>Lesson</h2><p>➜ EXAMS<br>Answer questions related to course.</p><p>Questions will come from Course Materials</p>
<p><a href=""https://planning.alveary.org/pdf/modern-language/individual-lessons/recwvvhyY41wmtfdw.pdf"">Click here to view charts and additional lesson information.</a></p>
<p><a href=""https://planning.alveary.org/links.html?id=rec5lgyGmTryTXFqV"">Click here to view video/audio links.</a></p>","","https://planning.alveary.org/links.html?id=rec5lgyGmTryTXFqV","Lesson","0","FALSE"
"alveary-rec5lgyGmTryTXFqV","Import is Current","alveary-recsShLuu1wF5ArnZ","1","3","20m French Literature – Lesson 1","<h2>Preparation</h2><p>➜ PREP <br> ⬚ Review instructions on how to teach Literature Lessons.<br> ⬚ Preview Lesson &amp; Audio/Video Links</p>
<h2>Phrase of the Week</h2><p>➜ PHRASE OF THE WEEK<br>Bonjour, les amis ! - Hello, friends!</p>
<h2>Lesson</h2><p>➜ RECAP <br> ⬚ Recall what you learned in the previous lesson.</p><p>➜ LESSON <br> ⬚ Play Audio/Video Links &amp; Follow Along <br>     · Grades 1-3: Listen &amp; Narrate <br>     · Grades 4+: Listen, Read Along &amp; Narrate<br> ⬚ Introduce/Practice Literature Vocabulary<br> ⬚ Listen to/Practice Story Lines<br> ⬚ Storyboard - Draw pictures related to the story lines (optional for Grades 1-3)<br> ⬚ Copywork - Practice Writing Story Lines (optional for Grades 1-3)</p>
<p><a href=""https://planning.alveary.org/pdf/modern-language/individual-lessons/recsShLuu1wF5ArnZ.pdf"">Click here to view charts and additional lesson information.</a></p>
<p><a href=""https://planning.alveary.org/links.html?id=rec5lgyGmTryTXFqV&amp;term=1&amp;week=1"">Click here to view video/audio links.</a></p>","","https://planning.alveary.org/links.html?id=rec5lgyGmTryTXFqV&term=1&week=1","Lesson","0","FALSE"
"alveary-rec5lgyGmTryTXFqV","Import is Current","alveary-recrgOQqerhLOaFn1","2","3","20m French Literature – Lesson 2","<h2>Preparation</h2><p>➜ PREP <br> ⬚ Review instructions on TPR Modeling and teaching Literature Lessons.<br> ⬚ Preview Lesson &amp; Audio/Video Links</p>
<h2>Phrase of the Week</h2><p>➜ PHRASE OF THE WEEK<br>Bonjour la maîtresse ! - Good morning, teacher!</p>
<h2>Lesson</h2><p>➜ RECAP <br> ⬚ Recall what you learned in the previous lesson.</p><p>➜ LESSON <br> ⬚ Play Audio/Video Links &amp; Follow Along <br>     · Grades 1-3: Listen &amp; Narrate <br>     · Grades 4+: Listen, Read Along &amp; Narrate<br> ⬚ Introduce/Practice Literature Vocabulary<br> ⬚ Listen to/Practice Story Lines<br> ⬚ Storyboard - Draw pictures related to the story lines (optional for Grades 1-3)<br> ⬚ Copywork - Practice Writing Story Lines (optional for Grades 1-3)</p>
<p><a href=""https://planning.alveary.org/pdf/modern-language/individual-lessons/recrgOQqerhLOaFn1.pdf"">Click here to view charts and additional lesson information.</a></p>
<p><a href=""https://planning.alveary.org/links.html?id=rec5lgyGmTryTXFqV&amp;term=1&amp;week=2"">Click here to view video/audio links.</a></p>","","https://planning.alveary.org/links.html?id=rec5lgyGmTryTXFqV&term=1&week=2","Lesson","0","FALSE"
"alveary-rec5lgyGmTryTXFqV","Import is Current","alveary-recdceKsF0J1qjsvz","3","3","20m French Literature – Lesson 3","<h2>Preparation</h2><p>➜ PREP <br> ⬚ Review instructions on how to teach Literature Lessons.<br> ⬚ Preview Lesson &amp; Audio/Video Links</p>
<h2>Phrase of the Week</h2><p>➜ PHRASE OF THE WEEK<br>Bonne nuit, maman ! - Goodnight, mom!</p>
<h2>Lesson</h2><p>➜ RECAP <br> ⬚ Recall what you learned in the previous lesson.</p><p>➜ LESSON <br> ⬚ Play Audio/Video Links &amp; Follow Along <br>     · Grades 1-3: Listen &amp; Narrate <br>     · Grades 4+: Listen, Read Along &amp; Narrate<br> ⬚ Introduce/Practice Literature Vocabulary<br> ⬚ Listen to/Practice Story Lines<br> ⬚ Storyboard - Draw pictures related to the story lines (optional for Grades 1-3)<br> ⬚ Copywork - Practice Writing Story Lines (optional for Grades 1-3)</p>
<p><a href=""https://planning.alveary.org/pdf/modern-language/individual-lessons/recdceKsF0J1qjsvz.pdf"">Click here to view charts and additional lesson information.</a></p>
<p><a href=""https://planning.alveary.org/links.html?id=rec5lgyGmTryTXFqV&amp;term=1&amp;week=3"">Click here to view video/audio links.</a></p>","","https://planning.alveary.org/links.html?id=rec5lgyGmTryTXFqV&term=1&week=3","Lesson","0","FALSE"
"alveary-rec5lgyGmTryTXFqV","Import is Current","alveary-recNDMUI5YHdBHvAT","4","3","20m French Literature – Lesson 4","<h2>Preparation</h2><p>➜ PREP <br> ⬚ Review instructions on TPR Modeling and teaching Literature Lessons.<br> ⬚ Preview Lesson &amp; Audio/Video Links</p>
<h2>Phrase of the Week</h2><p>➜ PHRASE OF THE WEEK<br>Je dors toute la nuit. - I sleep all night.</p>
<h2>Lesson</h2><p>➜ RECAP <br> ⬚ Recall what you learned in the previous lesson.</p><p>➜ LESSON <br> ⬚ Play Audio/Video Links &amp; Follow Along <br>     · Grades 1-3: Listen &amp; Narrate <br>     · Grades 4+: Listen, Read Along &amp; Narrate<br> ⬚ Introduce/Practice Literature Vocabulary<br> ⬚ Listen to/Practice Story Lines<br> ⬚ Storyboard - Draw pictures related to the story lines (optional for Grades 1-3)<br> ⬚ Copywork - Practice Writing Story Lines (optional for Grades 1-3)</p>
<p><a href=""https://planning.alveary.org/pdf/modern-language/individual-lessons/recNDMUI5YHdBHvAT.pdf"">Click here to view charts and additional lesson information.</a></p>
<p><a href=""https://planning.alveary.org/links.html?id=rec5lgyGmTryTXFqV&amp;term=1&amp;week=4"">Click here to view video/audio links.</a></p>","","https://planning.alveary.org/links.html?id=rec5lgyGmTryTXFqV&term=1&week=4","Lesson","0","FALSE"
"alveary-rec5lgyGmTryTXFqV","Import is Current","alveary-reclOMOYFHxuOSKoD","5","3","20m French Literature – Lesson 5","<h2>Preparation</h2><p>➜ PREP <br> ⬚ Review instructions on how to teach Literature Lessons.<br> ⬚ Preview Lesson &amp; Audio/Video Links</p>
<h2>Phrase of the Week</h2><p>➜ PHRASE OF THE WEEK<br>Merci pour votre aide. - Thank you for your help.</p>
<h2>Lesson</h2><p>➜ RECAP <br> ⬚ What do you recall from the previous lesson?</p><p>➜ LESSON <br> ⬚ Play Audio/Video Links &amp; Follow Along <br>     · Grades 1-3: Listen &amp; Narrate <br>     · Grades 4+: Listen, Read Along &amp; Narrate<br> ⬚ Practice/Review Past Story Lines</p>
<p><a href=""https://planning.alveary.org/pdf/modern-language/individual-lessons/reclOMOYFHxuOSKoD.pdf"">Click here to view charts and additional lesson information.</a></p>
<p><a href=""https://planning.alveary.org/links.html?id=rec5lgyGmTryTXFqV&amp;term=1&amp;week=5"">Click here to view video/audio links.</a></p>","","https://planning.alveary.org/links.html?id=rec5lgyGmTryTXFqV&term=1&week=5","Lesson","0","FALSE"
"alveary-rec5lgyGmTryTXFqV","Import is Current","alveary-recrqJXXTOXk4HYh9","6","3","20m French Literature – Lesson 6","<h2>Preparation</h2><p>➜ PREP <br> ⬚ Review instructions on how to teach Literature Lessons.<br> ⬚ Preview Lesson &amp; Audio/Video Links</p>
<h2>Phrase of the Week</h2><p>➜ PHRASE OF THE WEEK<br>Répétez, s'il vous plaît. - Repeat, please.</p>
<h2>Lesson</h2><p>➜ RECAP <br> ⬚ Recall what you learned in the previous lesson.</p><p>➜ LESSON <br> ⬚ Play Audio/Video Links &amp; Follow Along <br>     · Grades 1-3: Listen &amp; Narrate <br>     · Grades 4+: Listen, Read Along &amp; Narrate<br> ⬚ Introduce/Practice Literature Vocabulary<br> ⬚ Listen to/Practice Story Lines<br> ⬚ Storyboard - Draw pictures related to the story lines (optional for Grades 1-3)<br> ⬚ Copywork - Practice Writing Story Lines (optional for Grades 1-3)</p>
<p><a href=""https://planning.alveary.org/pdf/modern-language/individual-lessons/recrqJXXTOXk4HYh9.pdf"">Click here to view charts and additional lesson information.</a></p>
<p><a href=""https://planning.alveary.org/links.html?id=rec5lgyGmTryTXFqV&amp;term=1&amp;week=6"">Click here to view video/audio links.</a></p>","","https://planning.alveary.org/links.html?id=rec5lgyGmTryTXFqV&term=1&week=6","Lesson","0","FALSE"
"alveary-rec5lgyGmTryTXFqV","Import is Current","alveary-receHfeKX1nxAkMCs","7","3","20m French Literature – Lesson 7","<h2>Preparation</h2><p>➜ PREP <br> ⬚ Review instructions on TPR Modeling and teaching Literature Lessons.<br> ⬚ Preview Lesson &amp; Audio/Video Links</p>
<h2>Phrase of the Week</h2><p>➜ PHRASE OF THE WEEK<br>Je suis désolé(e). - I am sorry.</p>
<h2>Lesson</h2><p>➜ RECAP <br> ⬚ Recall what you learned in the previous lesson.</p><p>➜ LESSON <br> ⬚ Play Audio/Video Links &amp; Follow Along <br>     · Grades 1-3: Listen &amp; Narrate <br>     · Grades 4+: Listen, Read Along &amp; Narrate<br> ⬚ Introduce/Practice Literature Vocabulary<br> ⬚ Listen to/Practice Story Lines<br> ⬚ Storyboard - Draw pictures related to the story lines (optional for Grades 1-3)<br> ⬚ Copywork - Practice Writing Story Lines (optional for Grades 1-3)</p>
<p><a href=""https://planning.alveary.org/pdf/modern-language/individual-lessons/receHfeKX1nxAkMCs.pdf"">Click here to view charts and additional lesson information.</a></p>
<p><a href=""https://planning.alveary.org/links.html?id=rec5lgyGmTryTXFqV&amp;term=1&amp;week=7"">Click here to view video/audio links.</a></p>","","https://planning.alveary.org/links.html?id=rec5lgyGmTryTXFqV&term=1&week=7","Lesson","0","FALSE"
"alveary-rec5lgyGmTryTXFqV","Import is Current","alveary-recxmOGiLGKRFaPa8","8","3","20m French Literature – Lesson 8","<h2>Preparation</h2><p>➜ PREP <br> ⬚ Review instructions on how to teach Literature Lessons.<br> ⬚ Preview Lesson &amp; Audio/Video Links</p>
<h2>Phrase of the Week</h2><p>➜ PHRASE OF THE WEEK<br>J'aime lire des livres. - I like to read books.</p>
<h2>Lesson</h2><p>➜ RECAP <br> ⬚ Recall what you learned in the previous lesson.</p><p>➜ LESSON <br> ⬚ Play Audio/Video Links &amp; Follow Along <br>     · Grades 1-3: Listen &amp; Narrate <br>     · Grades 4+: Listen, Read Along &amp; Narrate<br> ⬚ Introduce/Practice Literature Vocabulary<br> ⬚ Listen to/Practice Story Lines<br> ⬚ Storyboard - Draw pictures related to the story lines (optional for Grades 1-3)<br> ⬚ Copywork - Practice Writing Story Lines (optional for Grades 1-3)</p>
<p><a href=""https://planning.alveary.org/pdf/modern-language/individual-lessons/recxmOGiLGKRFaPa8.pdf"">Click here to view charts and additional lesson information.</a></p>
<p><a href=""https://planning.alveary.org/links.html?id=rec5lgyGmTryTXFqV&amp;term=1&amp;week=8"">Click here to view video/audio links.</a></p>","","https://planning.alveary.org/links.html?id=rec5lgyGmTryTXFqV&term=1&week=8","Lesson","0","FALSE"
"alveary-rec5lgyGmTryTXFqV","Import is Current","alveary-rec0xLNR0O63zNRpy","9","3","20m French Literature – Lesson 9","<h2>Preparation</h2><p>➜ PREP <br> ⬚ Review instructions on TPR Modeling and teaching Literature Lessons.<br> ⬚ Preview Lesson &amp; Audio/Video Links</p>
<h2>Phrase of the Week</h2><p>➜ PHRASE OF THE WEEK<br>J'aime jouer dehors. - I like to play outside.</p>
<h2>Lesson</h2><p>➜ RECAP <br> ⬚ Recall what you learned in the previous lesson.</p><p>➜ LESSON <br> ⬚ Play Audio/Video Links &amp; Follow Along <br>     · Grades 1-3: Listen &amp; Narrate <br>     · Grades 4+: Listen, Read Along &amp; Narrate<br> ⬚ Introduce/Practice Literature Vocabulary<br> ⬚ Listen to/Practice Story Lines<br> ⬚ Storyboard - Draw pictures related to the story lines (optional for Grades 1-3)<br> ⬚ Copywork - Practice Writing Story Lines (optional for Grades 1-3)</p>
<p><a href=""https://planning.alveary.org/pdf/modern-language/individual-lessons/rec0xLNR0O63zNRpy.pdf"">Click here to view charts and additional lesson information.</a></p>
<p><a href=""https://planning.alveary.org/links.html?id=rec5lgyGmTryTXFqV&amp;term=1&amp;week=9"">Click here to view video/audio links.</a></p>","","https://planning.alveary.org/links.html?id=rec5lgyGmTryTXFqV&term=1&week=9","Lesson","0","FALSE"
"alveary-rec5lgyGmTryTXFqV","Import is Current","alveary-reczDYevz3fNFRwvH","10","3","20m French Literature – Lesson 10","<h2>Preparation</h2><p>➜ PREP <br> ⬚ Review instructions on how to teach Literature Lessons.<br> ⬚ Preview Lesson &amp; Audio/Video Links</p>
<h2>Phrase of the Week</h2><p>➜ PHRASE OF THE WEEK<br>J'ai un chien. - I have a dog.</p>
<h2>Lesson</h2><p>➜ RECAP <br> ⬚ What do you recall from the previous lesson?</p><p>➜ LESSON <br> ⬚ Play Audio/Video Links &amp; Follow Along <br>     · Grades 1-3: Listen &amp; Narrate <br>     · Grades 4+: Listen, Read Along &amp; Narrate<br> ⬚ Practice/Review Past Story Lines</p>
<p><a href=""https://planning.alveary.org/pdf/modern-language/individual-lessons/reczDYevz3fNFRwvH.pdf"">Click here to view charts and additional lesson information.</a></p>
<p><a href=""https://planning.alveary.org/links.html?id=rec5lgyGmTryTXFqV&amp;term=1&amp;week=10"">Click here to view video/audio links.</a></p>","","https://planning.alveary.org/links.html?id=rec5lgyGmTryTXFqV&term=1&week=10","Lesson","0","FALSE"
"alveary-rec5lgyGmTryTXFqV","Import is Current","alveary-rec9NJtsNVGEFgyWJ","11","3","20m French Literature – Lesson 11","<h2>Preparation</h2><p>➜ PREP<br> ⬚ Review Term Lessons &amp; Content<br> ⬚ Prep or Bookmark Audio/Video Lessons (optional)</p>
<h2>Phrase of the Week</h2><p>➜ PHRASE OF THE WEEK<br>Cette classe est amusante. - This class is fun.</p>
<h2>Lesson</h2><p>➜ REVIEW<br> ⬚ Review Literature Lessons from the term.</p>
<p><a href=""https://planning.alveary.org/pdf/modern-language/individual-lessons/rec9NJtsNVGEFgyWJ.pdf"">Click here to view charts and additional lesson information.</a></p>
<p><a href=""https://planning.alveary.org/links.html?id=rec5lgyGmTryTXFqV&amp;term=1&amp;week=11"">Click here to view video/audio links.</a></p>","","https://planning.alveary.org/links.html?id=rec5lgyGmTryTXFqV&term=1&week=11","Lesson","0","FALSE"
"alveary-rec5lgyGmTryTXFqV","Import is Current","alveary-recQbFPaxowmCro0a","12","3","20m French Literature – Lesson 12","<h2>Phrase of the Week</h2><p>➜ PHRASE OF THE WEEK<br> -</p>
<h2>Lesson</h2><p>➜ EXAMS<br>Answer questions related to course.</p><p>Questions will come from Course Materials</p>
<p><a href=""https://planning.alveary.org/pdf/modern-language/individual-lessons/recQbFPaxowmCro0a.pdf"">Click here to view charts and additional lesson information.</a></p>
<p><a href=""https://planning.alveary.org/links.html?id=rec5lgyGmTryTXFqV"">Click here to view video/audio links.</a></p>","","https://planning.alveary.org/links.html?id=rec5lgyGmTryTXFqV","Lesson","0","FALSE"
"alveary-rec5lgyGmTryTXFqV","Import is Current","alveary-recMbOAfuPPkOAS2U","13","3","20m French Literature – Lesson 13","<h2>Preparation</h2><p>➜ PREP <br> ⬚ Review instructions on how to teach Literature Lessons.<br> ⬚ Preview Lesson &amp; Audio/Video Links</p>
<h2>Phrase of the Week</h2><p>➜ PHRASE OF THE WEEK<br>Apprenons ! - Let's learn!</p>
<h2>Lesson</h2><p>➜ RECAP <br> ⬚ Recall what you learned in the previous lesson.</p><p>➜ LESSON <br> ⬚ Play Audio/Video Links &amp; Follow Along <br>     · Grades 1-3: Listen &amp; Narrate <br>     · Grades 4+: Listen, Read Along &amp; Narrate<br> ⬚ Introduce/Practice Literature Vocabulary<br> ⬚ Listen to/Practice Story Lines<br> ⬚ Storyboard - Draw pictures related to the story lines (optional for Grades 1-3)<br> ⬚ Copywork - Practice Writing Story Lines (optional for Grades 1-3)</p>
<p><a href=""https://planning.alveary.org/pdf/modern-language/individual-lessons/recMbOAfuPPkOAS2U.pdf"">Click here to view charts and additional lesson information.</a></p>
<p><a href=""https://planning.alveary.org/links.html?id=rec5lgyGmTryTXFqV&amp;term=2&amp;week=13"">Click here to view video/audio links.</a></p>","","https://planning.alveary.org/links.html?id=rec5lgyGmTryTXFqV&term=2&week=13","Lesson","0","FALSE"
"alveary-rec5lgyGmTryTXFqV","Import is Current","alveary-recViyOuxS8ECiPVv","14","3","20m French Literature – Lesson 14","<h2>Preparation</h2><p>➜ PREP <br> ⬚ Review instructions on TPR Modeling and teaching Literature Lessons.<br> ⬚ Preview Lesson &amp; Audio/Video Links</p>
<h2>Phrase of the Week</h2><p>➜ PHRASE OF THE WEEK<br>Aujourd'hui, il y a du soleil. - Today, it is sunny.</p>
<h2>Lesson</h2><p>➜ RECAP <br> ⬚ Recall what you learned in the previous lesson.</p><p>➜ LESSON <br> ⬚ Play Audio/Video Links &amp; Follow Along <br>     · Grades 1-3: Listen &amp; Narrate <br>     · Grades 4+: Listen, Read Along &amp; Narrate<br> ⬚ Introduce/Practice Literature Vocabulary<br> ⬚ Listen to/Practice Story Lines<br> ⬚ Storyboard - Draw pictures related to the story lines (optional for Grades 1-3)<br> ⬚ Copywork - Practice Writing Story Lines (optional for Grades 1-3)</p>
<p><a href=""https://planning.alveary.org/pdf/modern-language/individual-lessons/recViyOuxS8ECiPVv.pdf"">Click here to view charts and additional lesson information.</a></p>
<p><a href=""https://planning.alveary.org/links.html?id=rec5lgyGmTryTXFqV&amp;term=2&amp;week=14"">Click here to view video/audio links.</a></p>","","https://planning.alveary.org/links.html?id=rec5lgyGmTryTXFqV&term=2&week=14","Lesson","0","FALSE"
"alveary-rec5lgyGmTryTXFqV","Import is Current","alveary-recvYY3PgUYv7oLmm","15","3","20m French Literature – Lesson 15","<h2>Preparation</h2><p>➜ PREP <br> ⬚ Review instructions on how to teach Literature Lessons.<br> ⬚ Preview Lesson &amp; Audio/Video Links</p>
<h2>Phrase of the Week</h2><p>➜ PHRASE OF THE WEEK<br>Je joue avec mes amis. - I play with my friends.</p>
<h2>Lesson</h2><p>➜ RECAP <br> ⬚ Recall what you learned in the previous lesson.</p><p>➜ LESSON <br> ⬚ Play Audio/Video Links &amp; Follow Along <br>     · Grades 1-3: Listen &amp; Narrate <br>     · Grades 4+: Listen, Read Along &amp; Narrate<br> ⬚ Introduce/Practice Literature Vocabulary<br> ⬚ Listen to/Practice Story Lines<br> ⬚ Storyboard - Draw pictures related to the story lines (optional for Grades 1-3)<br> ⬚ Copywork - Practice Writing Story Lines (optional for Grades 1-3)</p>
<p><a href=""https://planning.alveary.org/pdf/modern-language/individual-lessons/recvYY3PgUYv7oLmm.pdf"">Click here to view charts and additional lesson information.</a></p>
<p><a href=""https://planning.alveary.org/links.html?id=rec5lgyGmTryTXFqV&amp;term=2&amp;week=15"">Click here to view video/audio links.</a></p>","","https://planning.alveary.org/links.html?id=rec5lgyGmTryTXFqV&term=2&week=15","Lesson","0","FALSE"
"alveary-rec5lgyGmTryTXFqV","Import is Current","alveary-recg7Iy49gx8hDK7Q","16","3","20m French Literature – Lesson 16","<h2>Preparation</h2><p>➜ PREP <br> ⬚ Review instructions on TPR Modeling and teaching Literature Lessons.<br> ⬚ Preview Lesson &amp; Audio/Video Links</p>
<h2>Phrase of the Week</h2><p>➜ PHRASE OF THE WEEK<br>Aujourd'hui, je suis content(e). - Today, I am happy.</p>
<h2>Lesson</h2><p>➜ RECAP <br> ⬚ Recall what you learned in the previous lesson.</p><p>➜ LESSON <br> ⬚ Play Audio/Video Links &amp; Follow Along <br>     · Grades 1-3: Listen &amp; Narrate <br>     · Grades 4+: Listen, Read Along &amp; Narrate<br> ⬚ Introduce/Practice Literature Vocabulary<br> ⬚ Listen to/Practice Story Lines<br> ⬚ Storyboard - Draw pictures related to the story lines (optional for Grades 1-3)<br> ⬚ Copywork - Practice Writing Story Lines (optional for Grades 1-3)</p>
<p><a href=""https://planning.alveary.org/pdf/modern-language/individual-lessons/recg7Iy49gx8hDK7Q.pdf"">Click here to view charts and additional lesson information.</a></p>
<p><a href=""https://planning.alveary.org/links.html?id=rec5lgyGmTryTXFqV&amp;term=2&amp;week=16"">Click here to view video/audio links.</a></p>","","https://planning.alveary.org/links.html?id=rec5lgyGmTryTXFqV&term=2&week=16","Lesson","0","FALSE"
"alveary-rec5lgyGmTryTXFqV","Import is Current","alveary-recFvRqrFZe1Ziamu","17","3","20m French Literature – Lesson 17","<h2>Preparation</h2><p>➜ PREP <br> ⬚ Review instructions on how to teach Literature Lessons.<br> ⬚ Preview Lesson &amp; Audio/Video Links</p>
<h2>Phrase of the Week</h2><p>➜ PHRASE OF THE WEEK<br>J'aime la couleur bleue. - I like the color blue.</p>
<h2>Lesson</h2><p>➜ RECAP <br> ⬚ What do you recall from the previous lesson?</p><p>➜ LESSON <br> ⬚ Play Audio/Video Links &amp; Follow Along <br>     · Grades 1-3: Listen &amp; Narrate <br>     · Grades 4+: Listen, Read Along &amp; Narrate<br> ⬚ Practice/Review Past Story Lines</p>
<p><a href=""https://planning.alveary.org/pdf/modern-language/individual-lessons/recFvRqrFZe1Ziamu.pdf"">Click here to view charts and additional lesson information.</a></p>
<p><a href=""https://planning.alveary.org/links.html?id=rec5lgyGmTryTXFqV&amp;term=2&amp;week=17"">Click here to view video/audio links.</a></p>","","https://planning.alveary.org/links.html?id=rec5lgyGmTryTXFqV&term=2&week=17","Lesson","0","FALSE"
"alveary-rec5lgyGmTryTXFqV","Import is Current","alveary-rec9gTXRooTvHZImD","18","3","20m French Literature – Lesson 18","<h2>Preparation</h2><p>➜ PREP <br> ⬚ Review instructions on how to teach Literature Lessons.<br> ⬚ Preview Lesson &amp; Audio/Video Links</p>
<h2>Phrase of the Week</h2><p>➜ PHRASE OF THE WEEK<br>Je me réveille tôt. - I wake up early.</p>
<h2>Lesson</h2><p>➜ RECAP <br> ⬚ Recall what you learned in the previous lesson.</p><p>➜ LESSON <br> ⬚ Play Audio/Video Links &amp; Follow Along <br>     · Grades 1-3: Listen &amp; Narrate <br>     · Grades 4+: Listen, Read Along &amp; Narrate<br> ⬚ Introduce/Practice Literature Vocabulary<br> ⬚ Listen to/Practice Story Lines<br> ⬚ Storyboard - Draw pictures related to the story lines (optional for Grades 1-3)<br> ⬚ Copywork - Practice Writing Story Lines (optional for Grades 1-3)</p>
<p><a href=""https://planning.alveary.org/pdf/modern-language/individual-lessons/rec9gTXRooTvHZImD.pdf"">Click here to view charts and additional lesson information.</a></p>
<p><a href=""https://planning.alveary.org/links.html?id=rec5lgyGmTryTXFqV&amp;term=2&amp;week=18"">Click here to view video/audio links.</a></p>","","https://planning.alveary.org/links.html?id=rec5lgyGmTryTXFqV&term=2&week=18","Lesson","0","FALSE"
"alveary-rec5lgyGmTryTXFqV","Import is Current","alveary-rec4WXuBTDdoUAlT4","19","3","20m French Literature – Lesson 19","<h2>Preparation</h2><p>➜ PREP <br> ⬚ Review instructions on TPR Modeling and teaching Literature Lessons.<br> ⬚ Preview Lesson &amp; Audio/Video Links</p>
<h2>Phrase of the Week</h2><p>➜ PHRASE OF THE WEEK<br>Au revoir et à demain ! - Good bye and see you tomorrow!</p>
<h2>Lesson</h2><p>➜ RECAP <br> ⬚ Recall what you learned in the previous lesson.</p><p>➜ LESSON <br> ⬚ Play Audio/Video Links &amp; Follow Along <br>     · Grades 1-3: Listen &amp; Narrate <br>     · Grades 4+: Listen, Read Along &amp; Narrate<br> ⬚ Introduce/Practice Literature Vocabulary<br> ⬚ Listen to/Practice Story Lines<br> ⬚ Storyboard - Draw pictures related to the story lines (optional for Grades 1-3)<br> ⬚ Copywork - Practice Writing Story Lines (optional for Grades 1-3)</p>
<p><a href=""https://planning.alveary.org/pdf/modern-language/individual-lessons/rec4WXuBTDdoUAlT4.pdf"">Click here to view charts and additional lesson information.</a></p>
<p><a href=""https://planning.alveary.org/links.html?id=rec5lgyGmTryTXFqV&amp;term=2&amp;week=19"">Click here to view video/audio links.</a></p>","","https://planning.alveary.org/links.html?id=rec5lgyGmTryTXFqV&term=2&week=19","Lesson","0","FALSE"
"alveary-rec5lgyGmTryTXFqV","Import is Current","alveary-recKmCvsP6uLHNmQu","20","3","20m French Literature – Lesson 20","<h2>Preparation</h2><p>➜ PREP <br> ⬚ Review instructions on how to teach Literature Lessons.<br> ⬚ Preview Lesson &amp; Audio/Video Links</p>
<h2>Phrase of the Week</h2><p>➜ PHRASE OF THE WEEK<br>Je me lave les mains. - I wash my hands.</p>
<h2>Lesson</h2><p>➜ RECAP <br> ⬚ Recall what you learned in the previous lesson.</p><p>➜ LESSON <br> ⬚ Play Audio/Video Links &amp; Follow Along <br>     · Grades 1-3: Listen &amp; Narrate <br>     · Grades 4+: Listen, Read Along &amp; Narrate<br> ⬚ Introduce/Practice Literature Vocabulary<br> ⬚ Listen to/Practice Story Lines<br> ⬚ Storyboard - Draw pictures related to the story lines (optional for Grades 1-3)<br> ⬚ Copywork - Practice Writing Story Lines (optional for Grades 1-3)</p>
<p><a href=""https://planning.alveary.org/pdf/modern-language/individual-lessons/recKmCvsP6uLHNmQu.pdf"">Click here to view charts and additional lesson information.</a></p>
<p><a href=""https://planning.alveary.org/links.html?id=rec5lgyGmTryTXFqV&amp;term=2&amp;week=20"">Click here to view video/audio links.</a></p>","","https://planning.alveary.org/links.html?id=rec5lgyGmTryTXFqV&term=2&week=20","Lesson","0","FALSE"
"alveary-rec5lgyGmTryTXFqV","Import is Current","alveary-rec1FtUYExHkBnPBu","21","3","20m French Literature – Lesson 21","<h2>Preparation</h2><p>➜ PREP <br> ⬚ Review instructions on TPR Modeling and teaching Literature Lessons.<br> ⬚ Preview Lesson &amp; Audio/Video Links</p>
<h2>Phrase of the Week</h2><p>➜ PHRASE OF THE WEEK<br>Je me lave les dents. - I brush my teeth.</p>
<h2>Lesson</h2><p>➜ RECAP <br> ⬚ Recall what you learned in the previous lesson.</p><p>➜ LESSON <br> ⬚ Play Audio/Video Links &amp; Follow Along <br>     · Grades 1-3: Listen &amp; Narrate <br>     · Grades 4+: Listen, Read Along &amp; Narrate<br> ⬚ Introduce/Practice Literature Vocabulary<br> ⬚ Listen to/Practice Story Lines<br> ⬚ Storyboard - Draw pictures related to the story lines (optional for Grades 1-3)<br> ⬚ Copywork - Practice Writing Story Lines (optional for Grades 1-3)</p>
<p><a href=""https://planning.alveary.org/pdf/modern-language/individual-lessons/rec1FtUYExHkBnPBu.pdf"">Click here to view charts and additional lesson information.</a></p>
<p><a href=""https://planning.alveary.org/links.html?id=rec5lgyGmTryTXFqV&amp;term=2&amp;week=21"">Click here to view video/audio links.</a></p>","","https://planning.alveary.org/links.html?id=rec5lgyGmTryTXFqV&term=2&week=21","Lesson","0","FALSE"
"alveary-rec5lgyGmTryTXFqV","Import is Current","alveary-rec9k9z8cBCbWJXHk","22","3","20m French Literature – Lesson 22","<h2>Preparation</h2><p>➜ PREP <br> ⬚ Review instructions on how to teach Literature Lessons.<br> ⬚ Preview Lesson &amp; Audio/Video Links</p>
<h2>Phrase of the Week</h2><p>➜ PHRASE OF THE WEEK<br>Le matin, je mange le petit-déjeuner. - In the morning, I eat breakfast.</p>
<h2>Lesson</h2><p>➜ RECAP <br> ⬚ What do you recall from the previous lesson?</p><p>➜ LESSON <br> ⬚ Play Audio/Video Links &amp; Follow Along <br>     · Grades 1-3: Listen &amp; Narrate <br>     · Grades 4+: Listen, Read Along &amp; Narrate<br> ⬚ Practice/Review Past Story Lines</p>
<p><a href=""https://planning.alveary.org/pdf/modern-language/individual-lessons/rec9k9z8cBCbWJXHk.pdf"">Click here to view charts and additional lesson information.</a></p>
<p><a href=""https://planning.alveary.org/links.html?id=rec5lgyGmTryTXFqV&amp;term=2&amp;week=22"">Click here to view video/audio links.</a></p>","","https://planning.alveary.org/links.html?id=rec5lgyGmTryTXFqV&term=2&week=22","Lesson","0","FALSE"
"alveary-rec5lgyGmTryTXFqV","Import is Current","alveary-recNwBSP9OyBxRocB","23","3","20m French Literature – Lesson 23","<h2>Preparation</h2><p>➜ PREP<br> ⬚ Review Term Lessons &amp; Content<br> ⬚ Prep or Bookmark Audio/Video Lessons (optional)</p>
<h2>Phrase of the Week</h2><p>➜ PHRASE OF THE WEEK<br>Je m'assois sur une chaise.  - I sit on a chair.</p>
<h2>Lesson</h2><p>➜ REVIEW<br> ⬚ Review Literature Lessons from the term.</p>
<p><a href=""https://planning.alveary.org/pdf/modern-language/individual-lessons/recNwBSP9OyBxRocB.pdf"">Click here to view charts and additional lesson information.</a></p>
<p><a href=""https://planning.alveary.org/links.html?id=rec5lgyGmTryTXFqV&amp;term=2&amp;week=23"">Click here to view video/audio links.</a></p>","","https://planning.alveary.org/links.html?id=rec5lgyGmTryTXFqV&term=2&week=23","Lesson","0","FALSE"
"alveary-rec5lgyGmTryTXFqV","Import is Current","alveary-recPczGNfbTTagEw3","24","3","20m French Literature – Lesson 24","<h2>Phrase of the Week</h2><p>➜ PHRASE OF THE WEEK<br> -</p>
<h2>Lesson</h2><p>➜ EXAMS<br>Answer questions related to course.</p><p>Questions will come from Course Materials</p>
<p><a href=""https://planning.alveary.org/pdf/modern-language/individual-lessons/recPczGNfbTTagEw3.pdf"">Click here to view charts and additional lesson information.</a></p>
<p><a href=""https://planning.alveary.org/links.html?id=rec5lgyGmTryTXFqV"">Click here to view video/audio links.</a></p>","","https://planning.alveary.org/links.html?id=rec5lgyGmTryTXFqV","Lesson","0","FALSE"
"alveary-rec5lgyGmTryTXFqV","Import is Current","alveary-recnPlxH4z76SW1jw","25","3","20m French Literature – Lesson 25","<h2>Preparation</h2><p>➜ PREP <br> ⬚ Review instructions on how to teach Literature Lessons.<br> ⬚ Preview Lesson &amp; Audio/Video Links</p>
<h2>Phrase of the Week</h2><p>➜ PHRASE OF THE WEEK<br>Je mange le déjeuner. - I eat lunch.</p>
<h2>Lesson</h2><p>➜ RECAP <br> ⬚ Recall what you learned in the previous lesson.</p><p>➜ LESSON <br> ⬚ Play Audio/Video Links &amp; Follow Along <br>     · Grades 1-3: Listen &amp; Narrate <br>     · Grades 4+: Listen, Read Along &amp; Narrate<br> ⬚ Introduce/Practice Literature Vocabulary<br> ⬚ Listen to/Practice Story Lines<br> ⬚ Storyboard - Draw pictures related to the story lines (optional for Grades 1-3)<br> ⬚ Copywork - Practice Writing Story Lines (optional for Grades 1-3)</p>
<p><a href=""https://planning.alveary.org/pdf/modern-language/individual-lessons/recnPlxH4z76SW1jw.pdf"">Click here to view charts and additional lesson information.</a></p>
<p><a href=""https://planning.alveary.org/links.html?id=rec5lgyGmTryTXFqV&amp;term=3&amp;week=25"">Click here to view video/audio links.</a></p>","","https://planning.alveary.org/links.html?id=rec5lgyGmTryTXFqV&term=3&week=25","Lesson","0","FALSE"
"alveary-rec5lgyGmTryTXFqV","Import is Current","alveary-rec8z5a4QFzTmHuly","26","3","20m French Literature – Lesson 26","<h2>Preparation</h2><p>➜ PREP <br> ⬚ Review instructions on TPR Modeling and teaching Literature Lessons.<br> ⬚ Preview Lesson &amp; Audio/Video Links</p>
<h2>Phrase of the Week</h2><p>➜ PHRASE OF THE WEEK<br>Je mange le dîner. - I eat dinner.</p>
<h2>Lesson</h2><p>➜ RECAP <br> ⬚ Recall what you learned in the previous lesson.</p><p>➜ LESSON <br> ⬚ Play Audio/Video Links &amp; Follow Along <br>     · Grades 1-3: Listen &amp; Narrate <br>     · Grades 4+: Listen, Read Along &amp; Narrate<br> ⬚ Introduce/Practice Literature Vocabulary<br> ⬚ Listen to/Practice Story Lines<br> ⬚ Storyboard - Draw pictures related to the story lines (optional for Grades 1-3)<br> ⬚ Copywork - Practice Writing Story Lines (optional for Grades 1-3)</p>
<p><a href=""https://planning.alveary.org/pdf/modern-language/individual-lessons/rec8z5a4QFzTmHuly.pdf"">Click here to view charts and additional lesson information.</a></p>
<p><a href=""https://planning.alveary.org/links.html?id=rec5lgyGmTryTXFqV&amp;term=3&amp;week=26"">Click here to view video/audio links.</a></p>","","https://planning.alveary.org/links.html?id=rec5lgyGmTryTXFqV&term=3&week=26","Lesson","0","FALSE"
"alveary-rec5lgyGmTryTXFqV","Import is Current","alveary-recac6lF8wfSq6Igg","27","3","20m French Literature – Lesson 27","<h2>Preparation</h2><p>➜ PREP <br> ⬚ Review instructions on how to teach Literature Lessons.<br> ⬚ Preview Lesson &amp; Audio/Video Links</p>
<h2>Phrase of the Week</h2><p>➜ PHRASE OF THE WEEK<br>J'aime la musique. - I like music.</p>
<h2>Lesson</h2><p>➜ RECAP <br> ⬚ Recall what you learned in the previous lesson.</p><p>➜ LESSON <br> ⬚ Play Audio/Video Links &amp; Follow Along <br>     · Grades 1-3: Listen &amp; Narrate <br>     · Grades 4+: Listen, Read Along &amp; Narrate<br> ⬚ Introduce/Practice Literature Vocabulary<br> ⬚ Listen to/Practice Story Lines<br> ⬚ Storyboard - Draw pictures related to the story lines (optional for Grades 1-3)<br> ⬚ Copywork - Practice Writing Story Lines (optional for Grades 1-3)</p>
<p><a href=""https://planning.alveary.org/pdf/modern-language/individual-lessons/recac6lF8wfSq6Igg.pdf"">Click here to view charts and additional lesson information.</a></p>
<p><a href=""https://planning.alveary.org/links.html?id=rec5lgyGmTryTXFqV&amp;term=3&amp;week=27"">Click here to view video/audio links.</a></p>","","https://planning.alveary.org/links.html?id=rec5lgyGmTryTXFqV&term=3&week=27","Lesson","0","FALSE"
"alveary-rec5lgyGmTryTXFqV","Import is Current","alveary-recAdBgOuMioxYvON","28","3","20m French Literature – Lesson 28","<h2>Preparation</h2><p>➜ PREP <br> ⬚ Review instructions on TPR Modeling and teaching Literature Lessons.<br> ⬚ Preview Lesson &amp; Audio/Video Links</p>
<h2>Phrase of the Week</h2><p>➜ PHRASE OF THE WEEK<br>Ferme la porte. - Close the door.</p>
<h2>Lesson</h2><p>➜ RECAP <br> ⬚ Recall what you learned in the previous lesson.</p><p>➜ LESSON <br> ⬚ Play Audio/Video Links &amp; Follow Along <br>     · Grades 1-3: Listen &amp; Narrate <br>     · Grades 4+: Listen, Read Along &amp; Narrate<br> ⬚ Introduce/Practice Literature Vocabulary<br> ⬚ Listen to/Practice Story Lines<br> ⬚ Storyboard - Draw pictures related to the story lines (optional for Grades 1-3)<br> ⬚ Copywork - Practice Writing Story Lines (optional for Grades 1-3)</p>
<p><a href=""https://planning.alveary.org/pdf/modern-language/individual-lessons/recAdBgOuMioxYvON.pdf"">Click here to view charts and additional lesson information.</a></p>
<p><a href=""https://planning.alveary.org/links.html?id=rec5lgyGmTryTXFqV&amp;term=3&amp;week=28"">Click here to view video/audio links.</a></p>","","https://planning.alveary.org/links.html?id=rec5lgyGmTryTXFqV&term=3&week=28","Lesson","0","FALSE"
"alveary-rec5lgyGmTryTXFqV","Import is Current","alveary-recEaaE2y4LoeEojJ","29","3","20m French Literature – Lesson 29","<h2>Preparation</h2><p>➜ PREP <br> ⬚ Review instructions on how to teach Literature Lessons.<br> ⬚ Preview Lesson &amp; Audio/Video Links</p>
<h2>Phrase of the Week</h2><p>➜ PHRASE OF THE WEEK<br>Je participe aux tâches ménagères à la maison. - I help with cleaning tasks at home.</p>
<h2>Lesson</h2><p>➜ RECAP <br> ⬚ What do you recall from the previous lesson?</p><p>➜ LESSON <br> ⬚ Play Audio/Video Links &amp; Follow Along <br>     · Grades 1-3: Listen &amp; Narrate <br>     · Grades 4+: Listen, Read Along &amp; Narrate<br> ⬚ Practice/Review Past Story Lines</p>
<p><a href=""https://planning.alveary.org/pdf/modern-language/individual-lessons/recEaaE2y4LoeEojJ.pdf"">Click here to view charts and additional lesson information.</a></p>
<p><a href=""https://planning.alveary.org/links.html?id=rec5lgyGmTryTXFqV&amp;term=3&amp;week=29"">Click here to view video/audio links.</a></p>","","https://planning.alveary.org/links.html?id=rec5lgyGmTryTXFqV&term=3&week=29","Lesson","0","FALSE"
"alveary-rec5lgyGmTryTXFqV","Import is Current","alveary-reclHsxBrWbBhCci3","30","3","20m French Literature – Lesson 30","<h2>Preparation</h2><p>➜ PREP <br> ⬚ Review instructions on how to teach Literature Lessons.<br> ⬚ Preview Lesson &amp; Audio/Video Links</p>
<h2>Phrase of the Week</h2><p>➜ PHRASE OF THE WEEK<br>Je range ma chambre. - I tidy up my room.</p>
<h2>Lesson</h2><p>➜ RECAP <br> ⬚ Recall what you learned in the previous lesson.</p><p>➜ LESSON <br> ⬚ Play Audio/Video Links &amp; Follow Along <br>     · Grades 1-3: Listen &amp; Narrate <br>     · Grades 4+: Listen, Read Along &amp; Narrate<br> ⬚ Introduce/Practice Literature Vocabulary<br> ⬚ Listen to/Practice Story Lines<br> ⬚ Storyboard - Draw pictures related to the story lines (optional for Grades 1-3)<br> ⬚ Copywork - Practice Writing Story Lines (optional for Grades 1-3)</p>
<p><a href=""https://planning.alveary.org/pdf/modern-language/individual-lessons/reclHsxBrWbBhCci3.pdf"">Click here to view charts and additional lesson information.</a></p>
<p><a href=""https://planning.alveary.org/links.html?id=rec5lgyGmTryTXFqV&amp;term=3&amp;week=30"">Click here to view video/audio links.</a></p>","","https://planning.alveary.org/links.html?id=rec5lgyGmTryTXFqV&term=3&week=30","Lesson","0","FALSE"
"alveary-rec5lgyGmTryTXFqV","Import is Current","alveary-recieAGnoquatoh4D","31","3","20m French Literature – Lesson 31","<h2>Preparation</h2><p>➜ PREP <br> ⬚ Review instructions on TPR Modeling and teaching Literature Lessons.<br> ⬚ Preview Lesson &amp; Audio/Video Links</p>
<h2>Phrase of the Week</h2><p>➜ PHRASE OF THE WEEK<br>Je mets la table. - I set the table.</p>
<h2>Lesson</h2><p>➜ RECAP <br> ⬚ Recall what you learned in the previous lesson.</p><p>➜ LESSON <br> ⬚ Play Audio/Video Links &amp; Follow Along <br>     · Grades 1-3: Listen &amp; Narrate <br>     · Grades 4+: Listen, Read Along &amp; Narrate<br> ⬚ Introduce/Practice Literature Vocabulary<br> ⬚ Listen to/Practice Story Lines<br> ⬚ Storyboard - Draw pictures related to the story lines (optional for Grades 1-3)<br> ⬚ Copywork - Practice Writing Story Lines (optional for Grades 1-3)</p>
<p><a href=""https://planning.alveary.org/pdf/modern-language/individual-lessons/recieAGnoquatoh4D.pdf"">Click here to view charts and additional lesson information.</a></p>
<p><a href=""https://planning.alveary.org/links.html?id=rec5lgyGmTryTXFqV&amp;term=3&amp;week=31"">Click here to view video/audio links.</a></p>","","https://planning.alveary.org/links.html?id=rec5lgyGmTryTXFqV&term=3&week=31","Lesson","0","FALSE"
"alveary-rec5lgyGmTryTXFqV","Import is Current","alveary-reczeG2gYH5H42dzL","32","3","20m French Literature – Lesson 32","<h2>Preparation</h2><p>➜ PREP <br> ⬚ Review instructions on how to teach Literature Lessons.<br> ⬚ Preview Lesson &amp; Audio/Video Links</p>
<h2>Phrase of the Week</h2><p>➜ PHRASE OF THE WEEK<br>Je range mes jouets. - I tidy up my toys.</p>
<h2>Lesson</h2><p>➜ RECAP <br> ⬚ Recall what you learned in the previous lesson.</p><p>➜ LESSON <br> ⬚ Play Audio/Video Links &amp; Follow Along <br>     · Grades 1-3: Listen &amp; Narrate <br>     · Grades 4+: Listen, Read Along &amp; Narrate<br> ⬚ Introduce/Practice Literature Vocabulary<br> ⬚ Listen to/Practice Story Lines<br> ⬚ Storyboard - Draw pictures related to the story lines (optional for Grades 1-3)<br> ⬚ Copywork - Practice Writing Story Lines (optional for Grades 1-3)</p>
<p><a href=""https://planning.alveary.org/pdf/modern-language/individual-lessons/reczeG2gYH5H42dzL.pdf"">Click here to view charts and additional lesson information.</a></p>
<p><a href=""https://planning.alveary.org/links.html?id=rec5lgyGmTryTXFqV&amp;term=3&amp;week=32"">Click here to view video/audio links.</a></p>","","https://planning.alveary.org/links.html?id=rec5lgyGmTryTXFqV&term=3&week=32","Lesson","0","FALSE"
"alveary-rec5lgyGmTryTXFqV","Import is Current","alveary-recL0n5KPOltHLvNy","33","3","20m French Literature – Lesson 33","<h2>Preparation</h2><p>➜ PREP <br> ⬚ Review instructions on TPR Modeling and teaching Literature Lessons.<br> ⬚ Preview Lesson &amp; Audio/Video Links</p>
<h2>Phrase of the Week</h2><p>➜ PHRASE OF THE WEEK<br>Je mange le dîner avec ma famille. - I eat dinner with my family.</p>
<h2>Lesson</h2><p>➜ RECAP <br> ⬚ Recall what you learned in the previous lesson.</p><p>➜ LESSON <br> ⬚ Play Audio/Video Links &amp; Follow Along <br>     · Grades 1-3: Listen &amp; Narrate <br>     · Grades 4+: Listen, Read Along &amp; Narrate<br> ⬚ Introduce/Practice Literature Vocabulary<br> ⬚ Listen to/Practice Story Lines<br> ⬚ Storyboard - Draw pictures related to the story lines (optional for Grades 1-3)<br> ⬚ Copywork - Practice Writing Story Lines (optional for Grades 1-3)</p>
<p><a href=""https://planning.alveary.org/pdf/modern-language/individual-lessons/recL0n5KPOltHLvNy.pdf"">Click here to view charts and additional lesson information.</a></p>
<p><a href=""https://planning.alveary.org/links.html?id=rec5lgyGmTryTXFqV&amp;term=3&amp;week=33"">Click here to view video/audio links.</a></p>","","https://planning.alveary.org/links.html?id=rec5lgyGmTryTXFqV&term=3&week=33","Lesson","0","FALSE"
"alveary-rec5lgyGmTryTXFqV","Import is Current","alveary-recxPL3oUAcyaxLAb","34","3","20m French Literature – Lesson 34","<h2>Preparation</h2><p>➜ PREP <br> ⬚ Review instructions on how to teach Literature Lessons.<br> ⬚ Preview Lesson &amp; Audio/Video Links</p>
<h2>Phrase of the Week</h2><p>➜ PHRASE OF THE WEEK<br>Je range la vaisselle après avoir mangé. - I put the dishes away after eating.</p>
<h2>Lesson</h2><p>➜ RECAP <br> ⬚ What do you recall from the previous lesson?</p><p>➜ LESSON <br> ⬚ Play Audio/Video Links &amp; Follow Along <br>     · Grades 1-3: Listen &amp; Narrate <br>     · Grades 4+: Listen, Read Along &amp; Narrate<br> ⬚ Practice/Review Past Story Lines</p>
<p><a href=""https://planning.alveary.org/pdf/modern-language/individual-lessons/recxPL3oUAcyaxLAb.pdf"">Click here to view charts and additional lesson information.</a></p>
<p><a href=""https://planning.alveary.org/links.html?id=rec5lgyGmTryTXFqV&amp;term=3&amp;week=34"">Click here to view video/audio links.</a></p>","","https://planning.alveary.org/links.html?id=rec5lgyGmTryTXFqV&term=3&week=34","Lesson","0","FALSE"
"alveary-rec5lgyGmTryTXFqV","Import is Current","alveary-recXHosvJMeq5pi63","35","3","20m French Literature – Lesson 35","<h2>Preparation</h2><p>➜ PREP<br> ⬚ Review Term Lessons &amp; Content<br> ⬚ Prep or Bookmark Audio/Video Lessons (optional)</p>
<h2>Phrase of the Week</h2><p>➜ PHRASE OF THE WEEK<br>J'éteins la lumière. - I turn off the light.</p>
<h2>Lesson</h2><p>➜ REVIEW<br> ⬚ Review Literature Lessons from the term.</p>
<p><a href=""https://planning.alveary.org/pdf/modern-language/individual-lessons/recXHosvJMeq5pi63.pdf"">Click here to view charts and additional lesson information.</a></p>
<p><a href=""https://planning.alveary.org/links.html?id=rec5lgyGmTryTXFqV&amp;term=3&amp;week=35"">Click here to view video/audio links.</a></p>","","https://planning.alveary.org/links.html?id=rec5lgyGmTryTXFqV&term=3&week=35","Lesson","0","FALSE"
"alveary-rec5lgyGmTryTXFqV","Import is Current","alveary-recpew2oilo3dTWh4","36","3","20m French Literature – Lesson 36","<h2>Phrase of the Week</h2><p>➜ PHRASE OF THE WEEK<br> -</p>
<h2>Lesson</h2><p>➜ EXAMS<br>Answer questions related to course.</p><p>Questions will come from Course Materials</p>
<p><a href=""https://planning.alveary.org/pdf/modern-language/individual-lessons/recpew2oilo3dTWh4.pdf"">Click here to view charts and additional lesson information.</a></p>
<p><a href=""https://planning.alveary.org/links.html?id=rec5lgyGmTryTXFqV"">Click here to view video/audio links.</a></p>","","https://planning.alveary.org/links.html?id=rec5lgyGmTryTXFqV","Lesson","0","FALSE"
"alveary-rec5lgyGmTryTXFqV","Import is Current","alveary-recPc05AoF6eWlFAB","1","4","20m French Literature Extension – Lesson 1","<h2>Preparation</h2><p>➜ PREP <br> ⬚ Review instructions on how to teach Literature Lessons.<br> ⬚ Preview Lesson &amp; Audio/Video Links</p>
<h2>Phrase of the Week</h2><p>➜ PHRASE OF THE WEEK<br>Bonjour, les amis ! - Hello, friends!</p>
<h2>Lesson</h2><p>➜ RECAP<br> ⬚ What do you recall from the previous lesson?</p><p>➜ LESSON <br> ⬚ Play Audio/Video Links &amp; Follow Along <br> ⬚ Practice Literature Vocabulary <br> ⬚ Practice Reading/Reciting Story Lines<br> ⬚ Storyboard - Continue drawing pictures related to the story lines<br> ⬚ Copywork - Continue writing story lines</p>
<p><a href=""https://planning.alveary.org/pdf/modern-language/individual-lessons/recPc05AoF6eWlFAB.pdf"">Click here to view charts and additional lesson information.</a></p>
<p><a href=""https://planning.alveary.org/links.html?id=rec5lgyGmTryTXFqV&amp;term=1&amp;week=1"">Click here to view video/audio links.</a></p>","","https://planning.alveary.org/links.html?id=rec5lgyGmTryTXFqV&term=1&week=1","Lesson","0","FALSE"
"alveary-rec5lgyGmTryTXFqV","Import is Current","alveary-recGCzKxq8lw72w7Y","2","4","20m French Literature Extension – Lesson 2","<h2>Preparation</h2><p>➜ PREP <br> ⬚ Review instructions on TPR Modeling and teaching Literature Lessons.<br> ⬚ Preview Lesson &amp; Audio/Video Links</p>
<h2>Phrase of the Week</h2><p>➜ PHRASE OF THE WEEK<br>Bonjour la maîtresse ! - Good morning, teacher!</p>
<h2>Lesson</h2><p>➜ RECAP<br> ⬚ What do you recall from the previous lesson?</p><p>➜ LESSON <br> ⬚ Play Audio/Video Links &amp; Follow Along <br> ⬚ Practice Literature Vocabulary <br> ⬚ Practice Reading/Reciting Story Lines<br> ⬚ Storyboard - Continue drawing pictures related to the story lines<br> ⬚ Copywork - Continue writing story lines</p>
<p><a href=""https://planning.alveary.org/pdf/modern-language/individual-lessons/recGCzKxq8lw72w7Y.pdf"">Click here to view charts and additional lesson information.</a></p>
<p><a href=""https://planning.alveary.org/links.html?id=rec5lgyGmTryTXFqV&amp;term=1&amp;week=2"">Click here to view video/audio links.</a></p>","","https://planning.alveary.org/links.html?id=rec5lgyGmTryTXFqV&term=1&week=2","Lesson","0","FALSE"
"alveary-rec5lgyGmTryTXFqV","Import is Current","alveary-recQo2S5SW8l4Po1l","3","4","20m French Literature Extension – Lesson 3","<h2>Preparation</h2><p>➜ PREP <br> ⬚ Review instructions on how to teach Literature Lessons.<br> ⬚ Preview Lesson &amp; Audio/Video Links</p>
<h2>Phrase of the Week</h2><p>➜ PHRASE OF THE WEEK<br>Bonne nuit, maman ! - Goodnight, mom!</p>
<h2>Lesson</h2><p>➜ RECAP<br> ⬚ What do you recall from the previous lesson?</p><p>➜ LESSON <br> ⬚ Play Audio/Video Links &amp; Follow Along <br> ⬚ Practice Literature Vocabulary <br> ⬚ Practice Reading/Reciting Story Lines<br> ⬚ Storyboard - Continue drawing pictures related to the story lines<br> ⬚ Copywork - Continue writing story lines</p>
<p><a href=""https://planning.alveary.org/pdf/modern-language/individual-lessons/recQo2S5SW8l4Po1l.pdf"">Click here to view charts and additional lesson information.</a></p>
<p><a href=""https://planning.alveary.org/links.html?id=rec5lgyGmTryTXFqV&amp;term=1&amp;week=3"">Click here to view video/audio links.</a></p>","","https://planning.alveary.org/links.html?id=rec5lgyGmTryTXFqV&term=1&week=3","Lesson","0","FALSE"
"alveary-rec5lgyGmTryTXFqV","Import is Current","alveary-recJvOlqRafKH1LRG","4","4","20m French Literature Extension – Lesson 4","<h2>Preparation</h2><p>➜ PREP <br> ⬚ Review instructions on TPR Modeling and teaching Literature Lessons.<br> ⬚ Preview Lesson &amp; Audio/Video Links</p>
<h2>Phrase of the Week</h2><p>➜ PHRASE OF THE WEEK<br>Je dors toute la nuit. - I sleep all night.</p>
<h2>Lesson</h2><p>➜ RECAP<br> ⬚ What do you recall from the previous lesson?</p><p>➜ LESSON <br> ⬚ Play Audio/Video Links &amp; Follow Along <br> ⬚ Practice Literature Vocabulary <br> ⬚ Practice Reading/Reciting Story Lines<br> ⬚ Storyboard - Continue drawing pictures related to the story lines<br> ⬚ Copywork - Continue writing story lines</p>
<p><a href=""https://planning.alveary.org/pdf/modern-language/individual-lessons/recJvOlqRafKH1LRG.pdf"">Click here to view charts and additional lesson information.</a></p>
<p><a href=""https://planning.alveary.org/links.html?id=rec5lgyGmTryTXFqV&amp;term=1&amp;week=4"">Click here to view video/audio links.</a></p>","","https://planning.alveary.org/links.html?id=rec5lgyGmTryTXFqV&term=1&week=4","Lesson","0","FALSE"
"alveary-rec5lgyGmTryTXFqV","Import is Current","alveary-rec7jaMBE7Ri8OFqE","5","4","20m French Literature Extension – Lesson 5","<h2>Preparation</h2><p>➜ PREP <br> ⬚ Review instructions on how to teach Literature Lessons.<br> ⬚ Preview Lesson &amp; Audio/Video Links</p>
<h2>Phrase of the Week</h2><p>➜ PHRASE OF THE WEEK<br>Merci pour votre aide. - Thank you for your help.</p>
<h2>Lesson</h2><p>➜ RECAP <br> ⬚ What do you recall from the previous lesson?</p><p>➜ LESSON <br> ⬚ Play Audio/Video Links &amp; Follow Along <br>     · Grades 1-3: Listen &amp; Narrate <br>     · Grades 4+: Listen, Read Along &amp; Narrate<br> ⬚ Practice/Review Past Story Lines</p>
<p><a href=""https://planning.alveary.org/pdf/modern-language/individual-lessons/rec7jaMBE7Ri8OFqE.pdf"">Click here to view charts and additional lesson information.</a></p>
<p><a href=""https://planning.alveary.org/links.html?id=rec5lgyGmTryTXFqV&amp;term=1&amp;week=5"">Click here to view video/audio links.</a></p>","","https://planning.alveary.org/links.html?id=rec5lgyGmTryTXFqV&term=1&week=5","Lesson","0","FALSE"
"alveary-rec5lgyGmTryTXFqV","Import is Current","alveary-recDlG3JpV0lasMp3","6","4","20m French Literature Extension – Lesson 6","<h2>Preparation</h2><p>➜ PREP <br> ⬚ Review instructions on how to teach Literature Lessons.<br> ⬚ Preview Lesson &amp; Audio/Video Links</p>
<h2>Phrase of the Week</h2><p>➜ PHRASE OF THE WEEK<br>Répétez, s'il vous plaît. - Repeat, please.</p>
<h2>Lesson</h2><p>➜ RECAP<br> ⬚ What do you recall from the previous lesson?</p><p>➜ LESSON <br> ⬚ Play Audio/Video Links &amp; Follow Along <br> ⬚ Practice Literature Vocabulary <br> ⬚ Practice Reading/Reciting Story Lines<br> ⬚ Storyboard - Continue drawing pictures related to the story lines<br> ⬚ Copywork - Continue writing story lines</p>
<p><a href=""https://planning.alveary.org/pdf/modern-language/individual-lessons/recDlG3JpV0lasMp3.pdf"">Click here to view charts and additional lesson information.</a></p>
<p><a href=""https://planning.alveary.org/links.html?id=rec5lgyGmTryTXFqV&amp;term=1&amp;week=6"">Click here to view video/audio links.</a></p>","","https://planning.alveary.org/links.html?id=rec5lgyGmTryTXFqV&term=1&week=6","Lesson","0","FALSE"
"alveary-rec5lgyGmTryTXFqV","Import is Current","alveary-recx9QBEMMj2LD1cT","7","4","20m French Literature Extension – Lesson 7","<h2>Preparation</h2><p>➜ PREP <br> ⬚ Review instructions on TPR Modeling and teaching Literature Lessons.<br> ⬚ Preview Lesson &amp; Audio/Video Links</p>
<h2>Phrase of the Week</h2><p>➜ PHRASE OF THE WEEK<br>Je suis désolé(e). - I am sorry.</p>
<h2>Lesson</h2><p>➜ RECAP<br> ⬚ What do you recall from the previous lesson?</p><p>➜ LESSON <br> ⬚ Play Audio/Video Links &amp; Follow Along <br> ⬚ Practice Literature Vocabulary <br> ⬚ Practice Reading/Reciting Story Lines<br> ⬚ Storyboard - Continue drawing pictures related to the story lines<br> ⬚ Copywork - Continue writing story lines</p>
<p><a href=""https://planning.alveary.org/pdf/modern-language/individual-lessons/recx9QBEMMj2LD1cT.pdf"">Click here to view charts and additional lesson information.</a></p>
<p><a href=""https://planning.alveary.org/links.html?id=rec5lgyGmTryTXFqV&amp;term=1&amp;week=7"">Click here to view video/audio links.</a></p>","","https://planning.alveary.org/links.html?id=rec5lgyGmTryTXFqV&term=1&week=7","Lesson","0","FALSE"
"alveary-rec5lgyGmTryTXFqV","Import is Current","alveary-recHSywaY2TtP31qr","8","4","20m French Literature Extension – Lesson 8","<h2>Preparation</h2><p>➜ PREP <br> ⬚ Review instructions on how to teach Literature Lessons.<br> ⬚ Preview Lesson &amp; Audio/Video Links</p>
<h2>Phrase of the Week</h2><p>➜ PHRASE OF THE WEEK<br>J'aime lire des livres. - I like to read books.</p>
<h2>Lesson</h2><p>➜ RECAP<br> ⬚ What do you recall from the previous lesson?</p><p>➜ LESSON <br> ⬚ Play Audio/Video Links &amp; Follow Along <br> ⬚ Practice Literature Vocabulary <br> ⬚ Practice Reading/Reciting Story Lines<br> ⬚ Storyboard - Continue drawing pictures related to the story lines<br> ⬚ Copywork - Continue writing story lines</p>
<p><a href=""https://planning.alveary.org/pdf/modern-language/individual-lessons/recHSywaY2TtP31qr.pdf"">Click here to view charts and additional lesson information.</a></p>
<p><a href=""https://planning.alveary.org/links.html?id=rec5lgyGmTryTXFqV&amp;term=1&amp;week=8"">Click here to view video/audio links.</a></p>","","https://planning.alveary.org/links.html?id=rec5lgyGmTryTXFqV&term=1&week=8","Lesson","0","FALSE"
"alveary-rec5lgyGmTryTXFqV","Import is Current","alveary-recqsWEm9fw9Mq3LP","9","4","20m French Literature Extension – Lesson 9","<h2>Preparation</h2><p>➜ PREP <br> ⬚ Review instructions on TPR Modeling and teaching Literature Lessons.<br> ⬚ Preview Lesson &amp; Audio/Video Links</p>
<h2>Phrase of the Week</h2><p>➜ PHRASE OF THE WEEK<br>J'aime jouer dehors. - I like to play outside.</p>
<h2>Lesson</h2><p>➜ RECAP<br> ⬚ What do you recall from the previous lesson?</p><p>➜ LESSON <br> ⬚ Play Audio/Video Links &amp; Follow Along <br> ⬚ Practice Literature Vocabulary <br> ⬚ Practice Reading/Reciting Story Lines<br> ⬚ Storyboard - Continue drawing pictures related to the story lines<br> ⬚ Copywork - Continue writing story lines</p>
<p><a href=""https://planning.alveary.org/pdf/modern-language/individual-lessons/recqsWEm9fw9Mq3LP.pdf"">Click here to view charts and additional lesson information.</a></p>
<p><a href=""https://planning.alveary.org/links.html?id=rec5lgyGmTryTXFqV&amp;term=1&amp;week=9"">Click here to view video/audio links.</a></p>","","https://planning.alveary.org/links.html?id=rec5lgyGmTryTXFqV&term=1&week=9","Lesson","0","FALSE"
"alveary-rec5lgyGmTryTXFqV","Import is Current","alveary-recjhDsGr7KlDuezS","10","4","20m French Literature Extension – Lesson 10","<h2>Preparation</h2><p>➜ PREP <br> ⬚ Review instructions on how to teach Literature Lessons.<br> ⬚ Preview Lesson &amp; Audio/Video Links</p>
<h2>Phrase of the Week</h2><p>➜ PHRASE OF THE WEEK<br>J'ai un chien. - I have a dog.</p>
<h2>Lesson</h2><p>➜ RECAP <br> ⬚ What do you recall from the previous lesson?</p><p>➜ LESSON <br> ⬚ Play Audio/Video Links &amp; Follow Along <br>     · Grades 1-3: Listen &amp; Narrate <br>     · Grades 4+: Listen, Read Along &amp; Narrate<br> ⬚ Practice/Review Past Story Lines</p>
<p><a href=""https://planning.alveary.org/pdf/modern-language/individual-lessons/recjhDsGr7KlDuezS.pdf"">Click here to view charts and additional lesson information.</a></p>
<p><a href=""https://planning.alveary.org/links.html?id=rec5lgyGmTryTXFqV&amp;term=1&amp;week=10"">Click here to view video/audio links.</a></p>","","https://planning.alveary.org/links.html?id=rec5lgyGmTryTXFqV&term=1&week=10","Lesson","0","FALSE"
"alveary-rec5lgyGmTryTXFqV","Import is Current","alveary-rectkoWSEqwHrqaWH","11","4","20m French Literature Extension – Lesson 11","<h2>Preparation</h2><p>➜ PREP<br> ⬚ Review Term Lessons &amp; Content<br> ⬚ Prep or Bookmark Audio/Video Lessons (optional)</p>
<h2>Phrase of the Week</h2><p>➜ PHRASE OF THE WEEK<br>Cette classe est amusante. - This class is fun.</p>
<h2>Lesson</h2><p>➜ REVIEW<br> ⬚ Review Literature Lessons from the term.</p>
<p><a href=""https://planning.alveary.org/pdf/modern-language/individual-lessons/rectkoWSEqwHrqaWH.pdf"">Click here to view charts and additional lesson information.</a></p>
<p><a href=""https://planning.alveary.org/links.html?id=rec5lgyGmTryTXFqV&amp;term=1&amp;week=11"">Click here to view video/audio links.</a></p>","","https://planning.alveary.org/links.html?id=rec5lgyGmTryTXFqV&term=1&week=11","Lesson","0","FALSE"
"alveary-rec5lgyGmTryTXFqV","Import is Current","alveary-recfBkeGRBZXuPGNS","12","4","20m French Literature Extension – Lesson 12","<h2>Phrase of the Week</h2><p>➜ PHRASE OF THE WEEK<br> -</p>
<h2>Lesson</h2><p>➜ EXAMS<br>Answer questions related to course.</p><p>Questions will come from Course Materials</p>
<p><a href=""https://planning.alveary.org/pdf/modern-language/individual-lessons/recfBkeGRBZXuPGNS.pdf"">Click here to view charts and additional lesson information.</a></p>
<p><a href=""https://planning.alveary.org/links.html?id=rec5lgyGmTryTXFqV"">Click here to view video/audio links.</a></p>","","https://planning.alveary.org/links.html?id=rec5lgyGmTryTXFqV","Lesson","0","FALSE"
"alveary-rec5lgyGmTryTXFqV","Import is Current","alveary-recjKnov4UmCPXIvZ","13","4","20m French Literature Extension – Lesson 13","<h2>Preparation</h2><p>➜ PREP <br> ⬚ Review instructions on how to teach Literature Lessons.<br> ⬚ Preview Lesson &amp; Audio/Video Links</p>
<h2>Phrase of the Week</h2><p>➜ PHRASE OF THE WEEK<br>Apprenons ! - Let's learn!</p>
<h2>Lesson</h2><p>➜ RECAP<br> ⬚ What do you recall from the previous lesson?</p><p>➜ LESSON <br> ⬚ Play Audio/Video Links &amp; Follow Along <br> ⬚ Practice Literature Vocabulary <br> ⬚ Practice Reading/Reciting Story Lines<br> ⬚ Storyboard - Continue drawing pictures related to the story lines<br> ⬚ Copywork - Continue writing story lines</p>
<p><a href=""https://planning.alveary.org/pdf/modern-language/individual-lessons/recjKnov4UmCPXIvZ.pdf"">Click here to view charts and additional lesson information.</a></p>
<p><a href=""https://planning.alveary.org/links.html?id=rec5lgyGmTryTXFqV&amp;term=2&amp;week=13"">Click here to view video/audio links.</a></p>","","https://planning.alveary.org/links.html?id=rec5lgyGmTryTXFqV&term=2&week=13","Lesson","0","FALSE"
"alveary-rec5lgyGmTryTXFqV","Import is Current","alveary-reczZiAI9gODAP9jF","14","4","20m French Literature Extension – Lesson 14","<h2>Preparation</h2><p>➜ PREP <br> ⬚ Review instructions on TPR Modeling and teaching Literature Lessons.<br> ⬚ Preview Lesson &amp; Audio/Video Links</p>
<h2>Phrase of the Week</h2><p>➜ PHRASE OF THE WEEK<br>Aujourd'hui, il y a du soleil. - Today, it is sunny.</p>
<h2>Lesson</h2><p>➜ RECAP<br> ⬚ What do you recall from the previous lesson?</p><p>➜ LESSON <br> ⬚ Play Audio/Video Links &amp; Follow Along <br> ⬚ Practice Literature Vocabulary <br> ⬚ Practice Reading/Reciting Story Lines<br> ⬚ Storyboard - Continue drawing pictures related to the story lines<br> ⬚ Copywork - Continue writing story lines</p>
<p><a href=""https://planning.alveary.org/pdf/modern-language/individual-lessons/reczZiAI9gODAP9jF.pdf"">Click here to view charts and additional lesson information.</a></p>
<p><a href=""https://planning.alveary.org/links.html?id=rec5lgyGmTryTXFqV&amp;term=2&amp;week=14"">Click here to view video/audio links.</a></p>","","https://planning.alveary.org/links.html?id=rec5lgyGmTryTXFqV&term=2&week=14","Lesson","0","FALSE"
"alveary-rec5lgyGmTryTXFqV","Import is Current","alveary-recYmuGtHvaOXZwNG","15","4","20m French Literature Extension – Lesson 15","<h2>Preparation</h2><p>➜ PREP <br> ⬚ Review instructions on how to teach Literature Lessons.<br> ⬚ Preview Lesson &amp; Audio/Video Links</p>
<h2>Phrase of the Week</h2><p>➜ PHRASE OF THE WEEK<br>Je joue avec mes amis. - I play with my friends.</p>
<h2>Lesson</h2><p>➜ RECAP<br> ⬚ What do you recall from the previous lesson?</p><p>➜ LESSON <br> ⬚ Play Audio/Video Links &amp; Follow Along <br> ⬚ Practice Literature Vocabulary <br> ⬚ Practice Reading/Reciting Story Lines<br> ⬚ Storyboard - Continue drawing pictures related to the story lines<br> ⬚ Copywork - Continue writing story lines</p>
<p><a href=""https://planning.alveary.org/pdf/modern-language/individual-lessons/recYmuGtHvaOXZwNG.pdf"">Click here to view charts and additional lesson information.</a></p>
<p><a href=""https://planning.alveary.org/links.html?id=rec5lgyGmTryTXFqV&amp;term=2&amp;week=15"">Click here to view video/audio links.</a></p>","","https://planning.alveary.org/links.html?id=rec5lgyGmTryTXFqV&term=2&week=15","Lesson","0","FALSE"
"alveary-rec5lgyGmTryTXFqV","Import is Current","alveary-recq7Yvu7BDMGBfiV","16","4","20m French Literature Extension – Lesson 16","<h2>Preparation</h2><p>➜ PREP <br> ⬚ Review instructions on TPR Modeling and teaching Literature Lessons.<br> ⬚ Preview Lesson &amp; Audio/Video Links</p>
<h2>Phrase of the Week</h2><p>➜ PHRASE OF THE WEEK<br>Aujourd'hui, je suis content(e). - Today, I am happy.</p>
<h2>Lesson</h2><p>➜ RECAP<br> ⬚ What do you recall from the previous lesson?</p><p>➜ LESSON <br> ⬚ Play Audio/Video Links &amp; Follow Along <br> ⬚ Practice Literature Vocabulary <br> ⬚ Practice Reading/Reciting Story Lines<br> ⬚ Storyboard - Continue drawing pictures related to the story lines<br> ⬚ Copywork - Continue writing story lines</p>
<p><a href=""https://planning.alveary.org/pdf/modern-language/individual-lessons/recq7Yvu7BDMGBfiV.pdf"">Click here to view charts and additional lesson information.</a></p>
<p><a href=""https://planning.alveary.org/links.html?id=rec5lgyGmTryTXFqV&amp;term=2&amp;week=16"">Click here to view video/audio links.</a></p>","","https://planning.alveary.org/links.html?id=rec5lgyGmTryTXFqV&term=2&week=16","Lesson","0","FALSE"
"alveary-rec5lgyGmTryTXFqV","Import is Current","alveary-rec90dGHSJ8mbrpTC","17","4","20m French Literature Extension – Lesson 17","<h2>Preparation</h2><p>➜ PREP <br> ⬚ Review instructions on how to teach Literature Lessons.<br> ⬚ Preview Lesson &amp; Audio/Video Links</p>
<h2>Phrase of the Week</h2><p>➜ PHRASE OF THE WEEK<br>J'aime la couleur bleue. - I like the color blue.</p>
<h2>Lesson</h2><p>➜ RECAP <br> ⬚ What do you recall from the previous lesson?</p><p>➜ LESSON <br> ⬚ Play Audio/Video Links &amp; Follow Along <br>     · Grades 1-3: Listen &amp; Narrate <br>     · Grades 4+: Listen, Read Along &amp; Narrate<br> ⬚ Practice/Review Past Story Lines</p>
<p><a href=""https://planning.alveary.org/pdf/modern-language/individual-lessons/rec90dGHSJ8mbrpTC.pdf"">Click here to view charts and additional lesson information.</a></p>
<p><a href=""https://planning.alveary.org/links.html?id=rec5lgyGmTryTXFqV&amp;term=2&amp;week=17"">Click here to view video/audio links.</a></p>","","https://planning.alveary.org/links.html?id=rec5lgyGmTryTXFqV&term=2&week=17","Lesson","0","FALSE"
"alveary-rec5lgyGmTryTXFqV","Import is Current","alveary-reczNkushukdGW8Nv","18","4","20m French Literature Extension – Lesson 18","<h2>Preparation</h2><p>➜ PREP <br> ⬚ Review instructions on how to teach Literature Lessons.<br> ⬚ Preview Lesson &amp; Audio/Video Links</p>
<h2>Phrase of the Week</h2><p>➜ PHRASE OF THE WEEK<br>Je me réveille tôt. - I wake up early.</p>
<h2>Lesson</h2><p>➜ RECAP<br> ⬚ What do you recall from the previous lesson?</p><p>➜ LESSON <br> ⬚ Play Audio/Video Links &amp; Follow Along <br> ⬚ Practice Literature Vocabulary <br> ⬚ Practice Reading/Reciting Story Lines<br> ⬚ Storyboard - Continue drawing pictures related to the story lines<br> ⬚ Copywork - Continue writing story lines</p>
<p><a href=""https://planning.alveary.org/pdf/modern-language/individual-lessons/reczNkushukdGW8Nv.pdf"">Click here to view charts and additional lesson information.</a></p>
<p><a href=""https://planning.alveary.org/links.html?id=rec5lgyGmTryTXFqV&amp;term=2&amp;week=18"">Click here to view video/audio links.</a></p>","","https://planning.alveary.org/links.html?id=rec5lgyGmTryTXFqV&term=2&week=18","Lesson","0","FALSE"
"alveary-rec5lgyGmTryTXFqV","Import is Current","alveary-recQ1PDKPaMryd8Gm","19","4","20m French Literature Extension – Lesson 19","<h2>Preparation</h2><p>➜ PREP <br> ⬚ Review instructions on TPR Modeling and teaching Literature Lessons.<br> ⬚ Preview Lesson &amp; Audio/Video Links</p>
<h2>Phrase of the Week</h2><p>➜ PHRASE OF THE WEEK<br>Au revoir et à demain ! - Good bye and see you tomorrow!</p>
<h2>Lesson</h2><p>➜ RECAP<br> ⬚ What do you recall from the previous lesson?</p><p>➜ LESSON <br> ⬚ Play Audio/Video Links &amp; Follow Along <br> ⬚ Practice Literature Vocabulary <br> ⬚ Practice Reading/Reciting Story Lines<br> ⬚ Storyboard - Continue drawing pictures related to the story lines<br> ⬚ Copywork - Continue writing story lines</p>
<p><a href=""https://planning.alveary.org/pdf/modern-language/individual-lessons/recQ1PDKPaMryd8Gm.pdf"">Click here to view charts and additional lesson information.</a></p>
<p><a href=""https://planning.alveary.org/links.html?id=rec5lgyGmTryTXFqV&amp;term=2&amp;week=19"">Click here to view video/audio links.</a></p>","","https://planning.alveary.org/links.html?id=rec5lgyGmTryTXFqV&term=2&week=19","Lesson","0","FALSE"
"alveary-rec5lgyGmTryTXFqV","Import is Current","alveary-recOpTUggPV8sOJUh","20","4","20m French Literature Extension – Lesson 20","<h2>Preparation</h2><p>➜ PREP <br> ⬚ Review instructions on how to teach Literature Lessons.<br> ⬚ Preview Lesson &amp; Audio/Video Links</p>
<h2>Phrase of the Week</h2><p>➜ PHRASE OF THE WEEK<br>Je me lave les mains. - I wash my hands.</p>
<h2>Lesson</h2><p>➜ RECAP<br> ⬚ What do you recall from the previous lesson?</p><p>➜ LESSON <br> ⬚ Play Audio/Video Links &amp; Follow Along <br> ⬚ Practice Literature Vocabulary <br> ⬚ Practice Reading/Reciting Story Lines<br> ⬚ Storyboard - Continue drawing pictures related to the story lines<br> ⬚ Copywork - Continue writing story lines</p>
<p><a href=""https://planning.alveary.org/pdf/modern-language/individual-lessons/recOpTUggPV8sOJUh.pdf"">Click here to view charts and additional lesson information.</a></p>
<p><a href=""https://planning.alveary.org/links.html?id=rec5lgyGmTryTXFqV&amp;term=2&amp;week=20"">Click here to view video/audio links.</a></p>","","https://planning.alveary.org/links.html?id=rec5lgyGmTryTXFqV&term=2&week=20","Lesson","0","FALSE"
"alveary-rec5lgyGmTryTXFqV","Import is Current","alveary-rec9bIZpMiWoFNjEa","21","4","20m French Literature Extension – Lesson 21","<h2>Preparation</h2><p>➜ PREP <br> ⬚ Review instructions on TPR Modeling and teaching Literature Lessons.<br> ⬚ Preview Lesson &amp; Audio/Video Links</p>
<h2>Phrase of the Week</h2><p>➜ PHRASE OF THE WEEK<br>Je me lave les dents. - I brush my teeth.</p>
<h2>Lesson</h2><p>➜ RECAP<br> ⬚ What do you recall from the previous lesson?</p><p>➜ LESSON <br> ⬚ Play Audio/Video Links &amp; Follow Along <br> ⬚ Practice Literature Vocabulary <br> ⬚ Practice Reading/Reciting Story Lines<br> ⬚ Storyboard - Continue drawing pictures related to the story lines<br> ⬚ Copywork - Continue writing story lines</p>
<p><a href=""https://planning.alveary.org/pdf/modern-language/individual-lessons/rec9bIZpMiWoFNjEa.pdf"">Click here to view charts and additional lesson information.</a></p>
<p><a href=""https://planning.alveary.org/links.html?id=rec5lgyGmTryTXFqV&amp;term=2&amp;week=21"">Click here to view video/audio links.</a></p>","","https://planning.alveary.org/links.html?id=rec5lgyGmTryTXFqV&term=2&week=21","Lesson","0","FALSE"
"alveary-rec5lgyGmTryTXFqV","Import is Current","alveary-recYsyG0RjLIzQaGE","22","4","20m French Literature Extension – Lesson 22","<h2>Preparation</h2><p>➜ PREP <br> ⬚ Review instructions on how to teach Literature Lessons.<br> ⬚ Preview Lesson &amp; Audio/Video Links</p>
<h2>Phrase of the Week</h2><p>➜ PHRASE OF THE WEEK<br>Le matin, je mange le petit-déjeuner. - In the morning, I eat breakfast.</p>
<h2>Lesson</h2><p>➜ RECAP <br> ⬚ What do you recall from the previous lesson?</p><p>➜ LESSON <br> ⬚ Play Audio/Video Links &amp; Follow Along <br>     · Grades 1-3: Listen &amp; Narrate <br>     · Grades 4+: Listen, Read Along &amp; Narrate<br> ⬚ Practice/Review Past Story Lines</p>
<p><a href=""https://planning.alveary.org/pdf/modern-language/individual-lessons/recYsyG0RjLIzQaGE.pdf"">Click here to view charts and additional lesson information.</a></p>
<p><a href=""https://planning.alveary.org/links.html?id=rec5lgyGmTryTXFqV&amp;term=2&amp;week=22"">Click here to view video/audio links.</a></p>","","https://planning.alveary.org/links.html?id=rec5lgyGmTryTXFqV&term=2&week=22","Lesson","0","FALSE"
"alveary-rec5lgyGmTryTXFqV","Import is Current","alveary-recXN5fVsKM8HDp9n","23","4","20m French Literature Extension – Lesson 23","<h2>Preparation</h2><p>➜ PREP<br> ⬚ Review Term Lessons &amp; Content<br> ⬚ Prep or Bookmark Audio/Video Lessons (optional)</p>
<h2>Phrase of the Week</h2><p>➜ PHRASE OF THE WEEK<br>Je m'assois sur une chaise.  - I sit on a chair.</p>
<h2>Lesson</h2><p>➜ REVIEW<br> ⬚ Review Literature Lessons from the term.</p>
<p><a href=""https://planning.alveary.org/pdf/modern-language/individual-lessons/recXN5fVsKM8HDp9n.pdf"">Click here to view charts and additional lesson information.</a></p>
<p><a href=""https://planning.alveary.org/links.html?id=rec5lgyGmTryTXFqV&amp;term=2&amp;week=23"">Click here to view video/audio links.</a></p>","","https://planning.alveary.org/links.html?id=rec5lgyGmTryTXFqV&term=2&week=23","Lesson","0","FALSE"
"alveary-rec5lgyGmTryTXFqV","Import is Current","alveary-recLRT0iYSMuqrfKz","24","4","20m French Literature Extension – Lesson 24","<h2>Phrase of the Week</h2><p>➜ PHRASE OF THE WEEK<br> -</p>
<h2>Lesson</h2><p>➜ EXAMS<br>Answer questions related to course.</p><p>Questions will come from Course Materials</p>
<p><a href=""https://planning.alveary.org/pdf/modern-language/individual-lessons/recLRT0iYSMuqrfKz.pdf"">Click here to view charts and additional lesson information.</a></p>
<p><a href=""https://planning.alveary.org/links.html?id=rec5lgyGmTryTXFqV"">Click here to view video/audio links.</a></p>","","https://planning.alveary.org/links.html?id=rec5lgyGmTryTXFqV","Lesson","0","FALSE"
"alveary-rec5lgyGmTryTXFqV","Import is Current","alveary-recmwvuNNZOaajMoC","25","4","20m French Literature Extension – Lesson 25","<h2>Preparation</h2><p>➜ PREP <br> ⬚ Review instructions on how to teach Literature Lessons.<br> ⬚ Preview Lesson &amp; Audio/Video Links</p>
<h2>Phrase of the Week</h2><p>➜ PHRASE OF THE WEEK<br>Je mange le déjeuner. - I eat lunch.</p>
<h2>Lesson</h2><p>➜ RECAP<br> ⬚ What do you recall from the previous lesson?</p><p>➜ LESSON <br> ⬚ Play Audio/Video Links &amp; Follow Along <br> ⬚ Practice Literature Vocabulary <br> ⬚ Practice Reading/Reciting Story Lines<br> ⬚ Storyboard - Continue drawing pictures related to the story lines<br> ⬚ Copywork - Continue writing story lines</p>
<p><a href=""https://planning.alveary.org/pdf/modern-language/individual-lessons/recmwvuNNZOaajMoC.pdf"">Click here to view charts and additional lesson information.</a></p>
<p><a href=""https://planning.alveary.org/links.html?id=rec5lgyGmTryTXFqV&amp;term=3&amp;week=25"">Click here to view video/audio links.</a></p>","","https://planning.alveary.org/links.html?id=rec5lgyGmTryTXFqV&term=3&week=25","Lesson","0","FALSE"
"alveary-rec5lgyGmTryTXFqV","Import is Current","alveary-recE7CgNKbiNp6O7k","26","4","20m French Literature Extension – Lesson 26","<h2>Preparation</h2><p>➜ PREP <br> ⬚ Review instructions on TPR Modeling and teaching Literature Lessons.<br> ⬚ Preview Lesson &amp; Audio/Video Links</p>
<h2>Phrase of the Week</h2><p>➜ PHRASE OF THE WEEK<br>Je mange le dîner. - I eat dinner.</p>
<h2>Lesson</h2><p>➜ RECAP<br> ⬚ What do you recall from the previous lesson?</p><p>➜ LESSON <br> ⬚ Play Audio/Video Links &amp; Follow Along <br> ⬚ Practice Literature Vocabulary <br> ⬚ Practice Reading/Reciting Story Lines<br> ⬚ Storyboard - Continue drawing pictures related to the story lines<br> ⬚ Copywork - Continue writing story lines</p>
<p><a href=""https://planning.alveary.org/pdf/modern-language/individual-lessons/recE7CgNKbiNp6O7k.pdf"">Click here to view charts and additional lesson information.</a></p>
<p><a href=""https://planning.alveary.org/links.html?id=rec5lgyGmTryTXFqV&amp;term=3&amp;week=26"">Click here to view video/audio links.</a></p>","","https://planning.alveary.org/links.html?id=rec5lgyGmTryTXFqV&term=3&week=26","Lesson","0","FALSE"
"alveary-rec5lgyGmTryTXFqV","Import is Current","alveary-recxR58hAaByxnTTQ","27","4","20m French Literature Extension – Lesson 27","<h2>Preparation</h2><p>➜ PREP <br> ⬚ Review instructions on how to teach Literature Lessons.<br> ⬚ Preview Lesson &amp; Audio/Video Links</p>
<h2>Phrase of the Week</h2><p>➜ PHRASE OF THE WEEK<br>J'aime la musique. - I like music.</p>
<h2>Lesson</h2><p>➜ RECAP<br> ⬚ What do you recall from the previous lesson?</p><p>➜ LESSON <br> ⬚ Play Audio/Video Links &amp; Follow Along <br> ⬚ Practice Literature Vocabulary <br> ⬚ Practice Reading/Reciting Story Lines<br> ⬚ Storyboard - Continue drawing pictures related to the story lines<br> ⬚ Copywork - Continue writing story lines</p>
<p><a href=""https://planning.alveary.org/pdf/modern-language/individual-lessons/recxR58hAaByxnTTQ.pdf"">Click here to view charts and additional lesson information.</a></p>
<p><a href=""https://planning.alveary.org/links.html?id=rec5lgyGmTryTXFqV&amp;term=3&amp;week=27"">Click here to view video/audio links.</a></p>","","https://planning.alveary.org/links.html?id=rec5lgyGmTryTXFqV&term=3&week=27","Lesson","0","FALSE"
"alveary-rec5lgyGmTryTXFqV","Import is Current","alveary-recQGx0UMZwQSinHy","28","4","20m French Literature Extension – Lesson 28","<h2>Preparation</h2><p>➜ PREP <br> ⬚ Review instructions on TPR Modeling and teaching Literature Lessons.<br> ⬚ Preview Lesson &amp; Audio/Video Links</p>
<h2>Phrase of the Week</h2><p>➜ PHRASE OF THE WEEK<br>Ferme la porte. - Close the door.</p>
<h2>Lesson</h2><p>➜ RECAP<br> ⬚ What do you recall from the previous lesson?</p><p>➜ LESSON <br> ⬚ Play Audio/Video Links &amp; Follow Along <br> ⬚ Practice Literature Vocabulary <br> ⬚ Practice Reading/Reciting Story Lines<br> ⬚ Storyboard - Continue drawing pictures related to the story lines<br> ⬚ Copywork - Continue writing story lines</p>
<p><a href=""https://planning.alveary.org/pdf/modern-language/individual-lessons/recQGx0UMZwQSinHy.pdf"">Click here to view charts and additional lesson information.</a></p>
<p><a href=""https://planning.alveary.org/links.html?id=rec5lgyGmTryTXFqV&amp;term=3&amp;week=28"">Click here to view video/audio links.</a></p>","","https://planning.alveary.org/links.html?id=rec5lgyGmTryTXFqV&term=3&week=28","Lesson","0","FALSE"
"alveary-rec5lgyGmTryTXFqV","Import is Current","alveary-recxd4hee2azoLyCT","29","4","20m French Literature Extension – Lesson 29","<h2>Preparation</h2><p>➜ PREP <br> ⬚ Review instructions on how to teach Literature Lessons.<br> ⬚ Preview Lesson &amp; Audio/Video Links</p>
<h2>Phrase of the Week</h2><p>➜ PHRASE OF THE WEEK<br>Je participe aux tâches ménagères à la maison. - I help with cleaning tasks at home.</p>
<h2>Lesson</h2><p>➜ RECAP <br> ⬚ What do you recall from the previous lesson?</p><p>➜ LESSON <br> ⬚ Play Audio/Video Links &amp; Follow Along <br>     · Grades 1-3: Listen &amp; Narrate <br>     · Grades 4+: Listen, Read Along &amp; Narrate<br> ⬚ Practice/Review Past Story Lines</p>
<p><a href=""https://planning.alveary.org/pdf/modern-language/individual-lessons/recxd4hee2azoLyCT.pdf"">Click here to view charts and additional lesson information.</a></p>
<p><a href=""https://planning.alveary.org/links.html?id=rec5lgyGmTryTXFqV&amp;term=3&amp;week=29"">Click here to view video/audio links.</a></p>","","https://planning.alveary.org/links.html?id=rec5lgyGmTryTXFqV&term=3&week=29","Lesson","0","FALSE"
"alveary-rec5lgyGmTryTXFqV","Import is Current","alveary-recdfOF7oi7Gl8c73","30","4","20m French Literature Extension – Lesson 30","<h2>Preparation</h2><p>➜ PREP <br> ⬚ Review instructions on how to teach Literature Lessons.<br> ⬚ Preview Lesson &amp; Audio/Video Links</p>
<h2>Phrase of the Week</h2><p>➜ PHRASE OF THE WEEK<br>Je range ma chambre. - I tidy up my room.</p>
<h2>Lesson</h2><p>➜ RECAP<br> ⬚ What do you recall from the previous lesson?</p><p>➜ LESSON <br> ⬚ Play Audio/Video Links &amp; Follow Along <br> ⬚ Practice Literature Vocabulary <br> ⬚ Practice Reading/Reciting Story Lines<br> ⬚ Storyboard - Continue drawing pictures related to the story lines<br> ⬚ Copywork - Continue writing story lines</p>
<p><a href=""https://planning.alveary.org/pdf/modern-language/individual-lessons/recdfOF7oi7Gl8c73.pdf"">Click here to view charts and additional lesson information.</a></p>
<p><a href=""https://planning.alveary.org/links.html?id=rec5lgyGmTryTXFqV&amp;term=3&amp;week=30"">Click here to view video/audio links.</a></p>","","https://planning.alveary.org/links.html?id=rec5lgyGmTryTXFqV&term=3&week=30","Lesson","0","FALSE"
"alveary-rec5lgyGmTryTXFqV","Import is Current","alveary-recJFL78XtxhGK6jF","31","4","20m French Literature Extension – Lesson 31","<h2>Preparation</h2><p>➜ PREP <br> ⬚ Review instructions on TPR Modeling and teaching Literature Lessons.<br> ⬚ Preview Lesson &amp; Audio/Video Links</p>
<h2>Phrase of the Week</h2><p>➜ PHRASE OF THE WEEK<br>Je mets la table. - I set the table.</p>
<h2>Lesson</h2><p>➜ RECAP<br> ⬚ What do you recall from the previous lesson?</p><p>➜ LESSON <br> ⬚ Play Audio/Video Links &amp; Follow Along <br> ⬚ Practice Literature Vocabulary <br> ⬚ Practice Reading/Reciting Story Lines<br> ⬚ Storyboard - Continue drawing pictures related to the story lines<br> ⬚ Copywork - Continue writing story lines</p>
<p><a href=""https://planning.alveary.org/pdf/modern-language/individual-lessons/recJFL78XtxhGK6jF.pdf"">Click here to view charts and additional lesson information.</a></p>
<p><a href=""https://planning.alveary.org/links.html?id=rec5lgyGmTryTXFqV&amp;term=3&amp;week=31"">Click here to view video/audio links.</a></p>","","https://planning.alveary.org/links.html?id=rec5lgyGmTryTXFqV&term=3&week=31","Lesson","0","FALSE"
"alveary-rec5lgyGmTryTXFqV","Import is Current","alveary-recLzW8C54zeQi7Bu","32","4","20m French Literature Extension – Lesson 32","<h2>Preparation</h2><p>➜ PREP <br> ⬚ Review instructions on how to teach Literature Lessons.<br> ⬚ Preview Lesson &amp; Audio/Video Links</p>
<h2>Phrase of the Week</h2><p>➜ PHRASE OF THE WEEK<br>Je range mes jouets. - I tidy up my toys.</p>
<h2>Lesson</h2><p>➜ RECAP<br> ⬚ What do you recall from the previous lesson?</p><p>➜ LESSON <br> ⬚ Play Audio/Video Links &amp; Follow Along <br> ⬚ Practice Literature Vocabulary <br> ⬚ Practice Reading/Reciting Story Lines<br> ⬚ Storyboard - Continue drawing pictures related to the story lines<br> ⬚ Copywork - Continue writing story lines</p>
<p><a href=""https://planning.alveary.org/pdf/modern-language/individual-lessons/recLzW8C54zeQi7Bu.pdf"">Click here to view charts and additional lesson information.</a></p>
<p><a href=""https://planning.alveary.org/links.html?id=rec5lgyGmTryTXFqV&amp;term=3&amp;week=32"">Click here to view video/audio links.</a></p>","","https://planning.alveary.org/links.html?id=rec5lgyGmTryTXFqV&term=3&week=32","Lesson","0","FALSE"
"alveary-rec5lgyGmTryTXFqV","Import is Current","alveary-recPHslmXLnDA6xAs","33","4","20m French Literature Extension – Lesson 33","<h2>Preparation</h2><p>➜ PREP <br> ⬚ Review instructions on TPR Modeling and teaching Literature Lessons.<br> ⬚ Preview Lesson &amp; Audio/Video Links</p>
<h2>Phrase of the Week</h2><p>➜ PHRASE OF THE WEEK<br>Je mange le dîner avec ma famille. - I eat dinner with my family.</p>
<h2>Lesson</h2><p>➜ RECAP<br> ⬚ What do you recall from the previous lesson?</p><p>➜ LESSON <br> ⬚ Play Audio/Video Links &amp; Follow Along <br> ⬚ Practice Literature Vocabulary <br> ⬚ Practice Reading/Reciting Story Lines<br> ⬚ Storyboard - Continue drawing pictures related to the story lines<br> ⬚ Copywork - Continue writing story lines</p>
<p><a href=""https://planning.alveary.org/pdf/modern-language/individual-lessons/recPHslmXLnDA6xAs.pdf"">Click here to view charts and additional lesson information.</a></p>
<p><a href=""https://planning.alveary.org/links.html?id=rec5lgyGmTryTXFqV&amp;term=3&amp;week=33"">Click here to view video/audio links.</a></p>","","https://planning.alveary.org/links.html?id=rec5lgyGmTryTXFqV&term=3&week=33","Lesson","0","FALSE"
"alveary-rec5lgyGmTryTXFqV","Import is Current","alveary-recSTyAFZg7GqWvh1","34","4","20m French Literature Extension – Lesson 34","<h2>Preparation</h2><p>➜ PREP <br> ⬚ Review instructions on how to teach Literature Lessons.<br> ⬚ Preview Lesson &amp; Audio/Video Links</p>
<h2>Phrase of the Week</h2><p>➜ PHRASE OF THE WEEK<br>Je range la vaisselle après avoir mangé. - I put the dishes away after eating.</p>
<h2>Lesson</h2><p>➜ RECAP <br> ⬚ What do you recall from the previous lesson?</p><p>➜ LESSON <br> ⬚ Play Audio/Video Links &amp; Follow Along <br>     · Grades 1-3: Listen &amp; Narrate <br>     · Grades 4+: Listen, Read Along &amp; Narrate<br> ⬚ Practice/Review Past Story Lines</p>
<p><a href=""https://planning.alveary.org/pdf/modern-language/individual-lessons/recSTyAFZg7GqWvh1.pdf"">Click here to view charts and additional lesson information.</a></p>
<p><a href=""https://planning.alveary.org/links.html?id=rec5lgyGmTryTXFqV&amp;term=3&amp;week=34"">Click here to view video/audio links.</a></p>","","https://planning.alveary.org/links.html?id=rec5lgyGmTryTXFqV&term=3&week=34","Lesson","0","FALSE"
"alveary-rec5lgyGmTryTXFqV","Import is Current","alveary-recdE1DII0VsrjyT3","35","4","20m French Literature Extension – Lesson 35","<h2>Preparation</h2><p>➜ PREP<br> ⬚ Review Term Lessons &amp; Content<br> ⬚ Prep or Bookmark Audio/Video Lessons (optional)</p>
<h2>Phrase of the Week</h2><p>➜ PHRASE OF THE WEEK<br>J'éteins la lumière. - I turn off the light.</p>
<h2>Lesson</h2><p>➜ REVIEW<br> ⬚ Review Literature Lessons from the term.</p>
<p><a href=""https://planning.alveary.org/pdf/modern-language/individual-lessons/recdE1DII0VsrjyT3.pdf"">Click here to view charts and additional lesson information.</a></p>
<p><a href=""https://planning.alveary.org/links.html?id=rec5lgyGmTryTXFqV&amp;term=3&amp;week=35"">Click here to view video/audio links.</a></p>","","https://planning.alveary.org/links.html?id=rec5lgyGmTryTXFqV&term=3&week=35","Lesson","0","FALSE"
"alveary-rec5lgyGmTryTXFqV","Import is Current","alveary-rec7s68tuUmM0Pjdj","36","4","20m French Literature Extension – Lesson 36","<h2>Phrase of the Week</h2><p>➜ PHRASE OF THE WEEK<br> -</p>
<h2>Lesson</h2><p>➜ EXAMS<br>Answer questions related to course.</p><p>Questions will come from Course Materials</p>
<p><a href=""https://planning.alveary.org/pdf/modern-language/individual-lessons/rec7s68tuUmM0Pjdj.pdf"">Click here to view charts and additional lesson information.</a></p>
<p><a href=""https://planning.alveary.org/links.html?id=rec5lgyGmTryTXFqV"">Click here to view video/audio links.</a></p>","","https://planning.alveary.org/links.html?id=rec5lgyGmTryTXFqV","Lesson","0","FALSE"
"alveary-rec5lgyGmTryTXFqV","Import is Current","alveary-recBp1DaTkK9Zdo6t","1","5","20m French Songs, Rhymes & Conversations – Lesson 1","<h2>Materials</h2><p>⍞ Materials: Student Notebook, Reference Section</p>
<h2>Preparation</h2><p>➜ PREP <br> ⬚ Review instructions on teaching Song, Rhyme &amp; Conversation Lessons <br> ⬚ Preview Lesson and Links</p>
<h2>Phrase of the Week</h2><p>➜ PHRASE OF THE WEEK<br>Bonjour, les amis ! - Hello, friends!</p>
<h2>Lesson</h2><p>➜ LESSON <br> ⬚  Introduce Song or Rhyme <br> ⬚  Play Audio Links &amp; follow along<br> ⬚  Practice Reciting or Singing Along with the recording <br> <br>➜ CONVERSATION <br> ⬚ Play Audio Links<br> ⬚ Practice Conversation Sentences</p>
<p><a href=""https://planning.alveary.org/pdf/modern-language/individual-lessons/recBp1DaTkK9Zdo6t.pdf"">Click here to view charts and additional lesson information.</a></p>
<p><a href=""https://planning.alveary.org/links.html?id=rec5lgyGmTryTXFqV&amp;term=1&amp;week=1"">Click here to view video/audio links.</a></p>","","https://planning.alveary.org/links.html?id=rec5lgyGmTryTXFqV&term=1&week=1","Lesson","0","FALSE"
"alveary-rec5lgyGmTryTXFqV","Import is Current","alveary-recoyJIgW6E5oiB7n","2","5","20m French Songs, Rhymes & Conversations – Lesson 2","<h2>Materials</h2><p>⍞ Materials: Student Notebook, Reference Section</p>
<h2>Preparation</h2><p>➜ PREP <br> ⬚ Review instructions on teaching Song, Rhyme &amp; Conversation Lessons <br> ⬚ Preview Lesson and Links</p>
<h2>Phrase of the Week</h2><p>➜ PHRASE OF THE WEEK<br>Bonjour la maîtresse ! - Good morning, teacher!</p>
<h2>Lesson</h2><p>➜ RECAP <br> ⬚ What do you recall from the previous lesson?</p><p>➜ LESSON <br> ⬚  Introduce Song or Rhyme <br> ⬚  Play Audio Links &amp; follow along<br> ⬚  Practice Reciting or Singing Along with the recording <br> <br>➜ CONVERSATION <br> ⬚ Play Audio Links<br> ⬚ Practice Conversation Sentences</p>
<p><a href=""https://planning.alveary.org/pdf/modern-language/individual-lessons/recoyJIgW6E5oiB7n.pdf"">Click here to view charts and additional lesson information.</a></p>
<p><a href=""https://planning.alveary.org/links.html?id=rec5lgyGmTryTXFqV&amp;term=1&amp;week=2"">Click here to view video/audio links.</a></p>","","https://planning.alveary.org/links.html?id=rec5lgyGmTryTXFqV&term=1&week=2","Lesson","0","FALSE"
"alveary-rec5lgyGmTryTXFqV","Import is Current","alveary-reckaK65BRwk3EwpV","3","5","20m French Songs, Rhymes & Conversations – Lesson 3","<h2>Materials</h2><p>⍞ Materials: Student Notebook, Reference Section</p>
<h2>Preparation</h2><p>➜ PREP <br> ⬚ Review instructions on teaching Song, Rhyme &amp; Conversation Lessons <br> ⬚ Preview Lesson and Links</p>
<h2>Phrase of the Week</h2><p>➜ PHRASE OF THE WEEK<br>Bonne nuit, maman ! - Goodnight, mom!</p>
<h2>Lesson</h2><p>➜ LESSON <br> ⬚  Introduce Song or Rhyme <br> ⬚  Play Audio Links &amp; follow along<br> ⬚  Practice Reciting or Singing Along with the recording <br> <br>➜ CONVERSATION <br> ⬚ Play Audio Links<br> ⬚ Practice Conversation Sentences</p>
<p><a href=""https://planning.alveary.org/pdf/modern-language/individual-lessons/reckaK65BRwk3EwpV.pdf"">Click here to view charts and additional lesson information.</a></p>
<p><a href=""https://planning.alveary.org/links.html?id=rec5lgyGmTryTXFqV&amp;term=1&amp;week=3"">Click here to view video/audio links.</a></p>","","https://planning.alveary.org/links.html?id=rec5lgyGmTryTXFqV&term=1&week=3","Lesson","0","FALSE"
"alveary-rec5lgyGmTryTXFqV","Import is Current","alveary-recH0R0m4p26rrD0T","4","5","20m French Songs, Rhymes & Conversations – Lesson 4","<h2>Materials</h2><p>⍞ Materials: Student Notebook, Reference Section</p>
<h2>Preparation</h2><p>➜ PREP <br> ⬚ Review instructions on teaching Song, Rhyme &amp; Conversation Lessons <br> ⬚ Preview Lesson and Links</p>
<h2>Phrase of the Week</h2><p>➜ PHRASE OF THE WEEK<br>Je dors toute la nuit. - I sleep all night.</p>
<h2>Lesson</h2><p>➜ RECAP <br> ⬚ What do you recall from the previous lesson?</p><p>➜ LESSON <br> ⬚  Introduce Song or Rhyme <br> ⬚  Play Audio Links &amp; follow along<br> ⬚  Practice Reciting or Singing Along with the recording <br> <br>➜ CONVERSATION <br> ⬚ Play Audio Links<br> ⬚ Practice Conversation Sentences</p>
<p><a href=""https://planning.alveary.org/pdf/modern-language/individual-lessons/recH0R0m4p26rrD0T.pdf"">Click here to view charts and additional lesson information.</a></p>
<p><a href=""https://planning.alveary.org/links.html?id=rec5lgyGmTryTXFqV&amp;term=1&amp;week=4"">Click here to view video/audio links.</a></p>","","https://planning.alveary.org/links.html?id=rec5lgyGmTryTXFqV&term=1&week=4","Lesson","0","FALSE"
"alveary-rec5lgyGmTryTXFqV","Import is Current","alveary-rec3JZs9OcCG6JtyP","5","5","20m French Songs, Rhymes & Conversations – Lesson 5","<h2>Materials</h2><p>⍞ Materials: Student Notebook, Reference Section</p>
<h2>Preparation</h2><p>➜ PREP <br> ⬚ Review instructions on teaching Song, Rhyme &amp; Conversation Lessons <br> ⬚ Preview Lesson and Links</p>
<h2>Phrase of the Week</h2><p>➜ PHRASE OF THE WEEK<br>Merci pour votre aide. - Thank you for your help.</p>
<h2>Lesson</h2><p>➜ RECAP <br> ⬚ What do you recall from the previous lesson?</p><p>➜ LESSON <br> ⬚  Review Song or Rhyme <br> ⬚  Play Audio Links &amp; follow along<br> ⬚  Practice Reciting or Singing Along with the recording <br> <br>➜ CONVERSATION <br> ⬚ Play Audio Links<br> ⬚ Practice Conversation Sentences</p>
<p><a href=""https://planning.alveary.org/pdf/modern-language/individual-lessons/rec3JZs9OcCG6JtyP.pdf"">Click here to view charts and additional lesson information.</a></p>
<p><a href=""https://planning.alveary.org/links.html?id=rec5lgyGmTryTXFqV&amp;term=1&amp;week=5"">Click here to view video/audio links.</a></p>","","https://planning.alveary.org/links.html?id=rec5lgyGmTryTXFqV&term=1&week=5","Lesson","0","FALSE"
"alveary-rec5lgyGmTryTXFqV","Import is Current","alveary-recO90tLPbYqihiEH","6","5","20m French Songs, Rhymes & Conversations – Lesson 6","<h2>Materials</h2><p>⍞ Materials: Student Notebook, Reference Section</p>
<h2>Preparation</h2><p>➜ PREP <br> ⬚ Review instructions on teaching Song, Rhyme &amp; Conversation Lessons <br> ⬚ Preview Lesson and Links</p>
<h2>Phrase of the Week</h2><p>➜ PHRASE OF THE WEEK<br>Répétez, s'il vous plaît. - Repeat, please.</p>
<h2>Lesson</h2><p>➜ LESSON <br> ⬚  Introduce Song or Rhyme <br> ⬚  Play Audio Links &amp; follow along<br> ⬚  Practice Reciting or Singing Along with the recording <br> <br>➜ CONVERSATION <br> ⬚ Play Audio Links<br> ⬚ Practice Conversation Sentences</p>
<p><a href=""https://planning.alveary.org/pdf/modern-language/individual-lessons/recO90tLPbYqihiEH.pdf"">Click here to view charts and additional lesson information.</a></p>
<p><a href=""https://planning.alveary.org/links.html?id=rec5lgyGmTryTXFqV&amp;term=1&amp;week=6"">Click here to view video/audio links.</a></p>","","https://planning.alveary.org/links.html?id=rec5lgyGmTryTXFqV&term=1&week=6","Lesson","0","FALSE"
"alveary-rec5lgyGmTryTXFqV","Import is Current","alveary-recIsFltbGTvV2ZQg","7","5","20m French Songs, Rhymes & Conversations – Lesson 7","<h2>Materials</h2><p>⍞ Materials: Student Notebook, Reference Section</p>
<h2>Preparation</h2><p>➜ PREP <br> ⬚ Review instructions on teaching Song, Rhyme &amp; Conversation Lessons <br> ⬚ Preview Lesson and Links</p>
<h2>Phrase of the Week</h2><p>➜ PHRASE OF THE WEEK<br>Je suis désolé(e). - I am sorry.</p>
<h2>Lesson</h2><p>➜ RECAP <br> ⬚ What do you recall from the previous lesson?</p><p>➜ LESSON <br> ⬚  Introduce Song or Rhyme <br> ⬚  Play Audio Links &amp; follow along<br> ⬚  Practice Reciting or Singing Along with the recording <br> <br>➜ CONVERSATION <br> ⬚ Play Audio Links<br> ⬚ Practice Conversation Sentences</p>
<p><a href=""https://planning.alveary.org/pdf/modern-language/individual-lessons/recIsFltbGTvV2ZQg.pdf"">Click here to view charts and additional lesson information.</a></p>
<p><a href=""https://planning.alveary.org/links.html?id=rec5lgyGmTryTXFqV&amp;term=1&amp;week=7"">Click here to view video/audio links.</a></p>","","https://planning.alveary.org/links.html?id=rec5lgyGmTryTXFqV&term=1&week=7","Lesson","0","FALSE"
"alveary-rec5lgyGmTryTXFqV","Import is Current","alveary-recTVrNBsHVdKnqmQ","8","5","20m French Songs, Rhymes & Conversations – Lesson 8","<h2>Materials</h2><p>⍞ Materials: Student Notebook, Reference Section</p>
<h2>Preparation</h2><p>➜ PREP <br> ⬚ Review instructions on teaching Song, Rhyme &amp; Conversation Lessons <br> ⬚ Preview Lesson and Links</p>
<h2>Phrase of the Week</h2><p>➜ PHRASE OF THE WEEK<br>J'aime lire des livres. - I like to read books.</p>
<h2>Lesson</h2><p>➜ LESSON <br> ⬚  Introduce Song or Rhyme <br> ⬚  Play Audio Links &amp; follow along<br> ⬚  Practice Reciting or Singing Along with the recording <br> <br>➜ CONVERSATION <br> ⬚ Play Audio Links<br> ⬚ Practice Conversation Sentences</p>
<p><a href=""https://planning.alveary.org/pdf/modern-language/individual-lessons/recTVrNBsHVdKnqmQ.pdf"">Click here to view charts and additional lesson information.</a></p>
<p><a href=""https://planning.alveary.org/links.html?id=rec5lgyGmTryTXFqV&amp;term=1&amp;week=8"">Click here to view video/audio links.</a></p>","","https://planning.alveary.org/links.html?id=rec5lgyGmTryTXFqV&term=1&week=8","Lesson","0","FALSE"
"alveary-rec5lgyGmTryTXFqV","Import is Current","alveary-recXn5wUrYh7y6Lkj","9","5","20m French Songs, Rhymes & Conversations – Lesson 9","<h2>Materials</h2><p>⍞ Materials: Student Notebook, Reference Section</p>
<h2>Preparation</h2><p>➜ PREP <br> ⬚ Review instructions on teaching Song, Rhyme &amp; Conversation Lessons <br> ⬚ Preview Lesson and Links</p>
<h2>Phrase of the Week</h2><p>➜ PHRASE OF THE WEEK<br>J'aime jouer dehors. - I like to play outside.</p>
<h2>Lesson</h2><p>➜ RECAP <br> ⬚ What do you recall from the previous lesson?</p><p>➜ LESSON <br> ⬚  Introduce Song or Rhyme <br> ⬚  Play Audio Links &amp; follow along<br> ⬚  Practice Reciting or Singing Along with the recording <br> <br>➜ CONVERSATION <br> ⬚ Play Audio Links<br> ⬚ Practice Conversation Sentences</p>
<p><a href=""https://planning.alveary.org/pdf/modern-language/individual-lessons/recXn5wUrYh7y6Lkj.pdf"">Click here to view charts and additional lesson information.</a></p>
<p><a href=""https://planning.alveary.org/links.html?id=rec5lgyGmTryTXFqV&amp;term=1&amp;week=9"">Click here to view video/audio links.</a></p>","","https://planning.alveary.org/links.html?id=rec5lgyGmTryTXFqV&term=1&week=9","Lesson","0","FALSE"
"alveary-rec5lgyGmTryTXFqV","Import is Current","alveary-recLfnOc9cZR5OpUY","10","5","20m French Songs, Rhymes & Conversations – Lesson 10","<h2>Materials</h2><p>⍞ Materials: Student Notebook, Reference Section</p>
<h2>Preparation</h2><p>➜ PREP <br> ⬚ Review instructions on teaching Song, Rhyme &amp; Conversation Lessons <br> ⬚ Preview Lesson and Links</p>
<h2>Phrase of the Week</h2><p>➜ PHRASE OF THE WEEK<br>J'ai un chien. - I have a dog.</p>
<h2>Lesson</h2><p>➜ RECAP <br> ⬚ What do you recall from the previous lesson?</p><p>➜ LESSON <br> ⬚  Review Song or Rhyme <br> ⬚  Play Audio Links &amp; follow along<br> ⬚  Practice Reciting or Singing Along with the recording <br> <br>➜ CONVERSATION <br> ⬚ Play Audio Links<br> ⬚ Practice Conversation Sentences</p>
<p><a href=""https://planning.alveary.org/pdf/modern-language/individual-lessons/recLfnOc9cZR5OpUY.pdf"">Click here to view charts and additional lesson information.</a></p>
<p><a href=""https://planning.alveary.org/links.html?id=rec5lgyGmTryTXFqV&amp;term=1&amp;week=10"">Click here to view video/audio links.</a></p>","","https://planning.alveary.org/links.html?id=rec5lgyGmTryTXFqV&term=1&week=10","Lesson","0","FALSE"
"alveary-rec5lgyGmTryTXFqV","Import is Current","alveary-rechD4RYgG4KARN22","11","5","20m French Songs, Rhymes & Conversations – Lesson 11","<h2>Materials</h2><p>⍞ Materials: Student Notebook, Reference Section</p>
<h2>Preparation</h2><p>➜ PREP <br> ⬚ Review Songs, Rhymes &amp; Conversation sentences/phrases from the term. <br> ⬚ Bookmark Audio/Video Links (optional)</p>
<h2>Phrase of the Week</h2><p>➜ PHRASE OF THE WEEK<br>Cette classe est amusante. - This class is fun.</p>
<h2>Lesson</h2><p>➜ REVIEW<br> ⬚ Review Songs/Rhymes from the term, singing along with or without the music. <br> ⬚ Review Conversation Sentences from the term.</p>
<p><a href=""https://planning.alveary.org/pdf/modern-language/individual-lessons/rechD4RYgG4KARN22.pdf"">Click here to view charts and additional lesson information.</a></p>
<p><a href=""https://planning.alveary.org/links.html?id=rec5lgyGmTryTXFqV&amp;term=1&amp;week=11"">Click here to view video/audio links.</a></p>","","https://planning.alveary.org/links.html?id=rec5lgyGmTryTXFqV&term=1&week=11","Lesson","0","FALSE"
"alveary-rec5lgyGmTryTXFqV","Import is Current","alveary-recMI0xpYyynD5gO5","12","5","20m French Songs, Rhymes & Conversations – Lesson 12","<h2>Phrase of the Week</h2><p>➜ PHRASE OF THE WEEK<br> -</p>
<h2>Lesson</h2><p>➜ EXAMS<br>Answer questions related to course.</p><p>Questions will come from Course Materials</p>
<p><a href=""https://planning.alveary.org/pdf/modern-language/individual-lessons/recMI0xpYyynD5gO5.pdf"">Click here to view charts and additional lesson information.</a></p>
<p><a href=""https://planning.alveary.org/links.html?id=rec5lgyGmTryTXFqV"">Click here to view video/audio links.</a></p>","","https://planning.alveary.org/links.html?id=rec5lgyGmTryTXFqV","Lesson","0","FALSE"
"alveary-rec5lgyGmTryTXFqV","Import is Current","alveary-recqGkOu91JRYpwV7","13","5","20m French Songs, Rhymes & Conversations – Lesson 13","<h2>Materials</h2><p>⍞ Materials: Student Notebook, Reference Section</p>
<h2>Preparation</h2><p>➜ PREP <br> ⬚ Review instructions on teaching Song, Rhyme &amp; Conversation Lessons <br> ⬚ Preview Lesson and Links</p>
<h2>Phrase of the Week</h2><p>➜ PHRASE OF THE WEEK<br>Apprenons ! - Let's learn!</p>
<h2>Lesson</h2><p>➜ LESSON <br> ⬚  Introduce Song or Rhyme <br> ⬚  Play Audio Links &amp; follow along<br> ⬚  Practice Reciting or Singing Along with the recording <br> <br>➜ CONVERSATION <br> ⬚ Play Audio Links<br> ⬚ Practice Conversation Sentences</p>
<p><a href=""https://planning.alveary.org/pdf/modern-language/individual-lessons/recqGkOu91JRYpwV7.pdf"">Click here to view charts and additional lesson information.</a></p>
<p><a href=""https://planning.alveary.org/links.html?id=rec5lgyGmTryTXFqV&amp;term=2&amp;week=13"">Click here to view video/audio links.</a></p>","","https://planning.alveary.org/links.html?id=rec5lgyGmTryTXFqV&term=2&week=13","Lesson","0","FALSE"
"alveary-rec5lgyGmTryTXFqV","Import is Current","alveary-rec6WDKTQAxvb1h9e","14","5","20m French Songs, Rhymes & Conversations – Lesson 14","<h2>Materials</h2><p>⍞ Materials: Student Notebook, Reference Section</p>
<h2>Preparation</h2><p>➜ PREP <br> ⬚ Review instructions on teaching Song, Rhyme &amp; Conversation Lessons <br> ⬚ Preview Lesson and Links</p>
<h2>Phrase of the Week</h2><p>➜ PHRASE OF THE WEEK<br>Aujourd'hui, il y a du soleil. - Today, it is sunny.</p>
<h2>Lesson</h2><p>➜ RECAP <br> ⬚ What do you recall from the previous lesson?</p><p>➜ LESSON <br> ⬚  Introduce Song or Rhyme <br> ⬚  Play Audio Links &amp; follow along<br> ⬚  Practice Reciting or Singing Along with the recording <br> <br>➜ CONVERSATION <br> ⬚ Play Audio Links<br> ⬚ Practice Conversation Sentences</p>
<p><a href=""https://planning.alveary.org/pdf/modern-language/individual-lessons/rec6WDKTQAxvb1h9e.pdf"">Click here to view charts and additional lesson information.</a></p>
<p><a href=""https://planning.alveary.org/links.html?id=rec5lgyGmTryTXFqV&amp;term=2&amp;week=14"">Click here to view video/audio links.</a></p>","","https://planning.alveary.org/links.html?id=rec5lgyGmTryTXFqV&term=2&week=14","Lesson","0","FALSE"
"alveary-rec5lgyGmTryTXFqV","Import is Current","alveary-recVCsRgvyiblytvG","15","5","20m French Songs, Rhymes & Conversations – Lesson 15","<h2>Materials</h2><p>⍞ Materials: Student Notebook, Reference Section</p>
<h2>Preparation</h2><p>➜ PREP <br> ⬚ Review instructions on teaching Song, Rhyme &amp; Conversation Lessons <br> ⬚ Preview Lesson and Links</p>
<h2>Phrase of the Week</h2><p>➜ PHRASE OF THE WEEK<br>Je joue avec mes amis. - I play with my friends.</p>
<h2>Lesson</h2><p>➜ LESSON <br> ⬚  Introduce Song or Rhyme <br> ⬚  Play Audio Links &amp; follow along<br> ⬚  Practice Reciting or Singing Along with the recording <br> <br>➜ CONVERSATION <br> ⬚ Play Audio Links<br> ⬚ Practice Conversation Sentences</p>
<p><a href=""https://planning.alveary.org/pdf/modern-language/individual-lessons/recVCsRgvyiblytvG.pdf"">Click here to view charts and additional lesson information.</a></p>
<p><a href=""https://planning.alveary.org/links.html?id=rec5lgyGmTryTXFqV&amp;term=2&amp;week=15"">Click here to view video/audio links.</a></p>","","https://planning.alveary.org/links.html?id=rec5lgyGmTryTXFqV&term=2&week=15","Lesson","0","FALSE"
"alveary-rec5lgyGmTryTXFqV","Import is Current","alveary-recEVctygdqPWi2wO","16","5","20m French Songs, Rhymes & Conversations – Lesson 16","<h2>Materials</h2><p>⍞ Materials: Student Notebook, Reference Section</p>
<h2>Preparation</h2><p>➜ PREP <br> ⬚ Review instructions on teaching Song, Rhyme &amp; Conversation Lessons <br> ⬚ Preview Lesson and Links</p>
<h2>Phrase of the Week</h2><p>➜ PHRASE OF THE WEEK<br>Aujourd'hui, je suis content(e). - Today, I am happy.</p>
<h2>Lesson</h2><p>➜ RECAP <br> ⬚ What do you recall from the previous lesson?</p><p>➜ LESSON <br> ⬚  Introduce Song or Rhyme <br> ⬚  Play Audio Links &amp; follow along<br> ⬚  Practice Reciting or Singing Along with the recording <br> <br>➜ CONVERSATION <br> ⬚ Play Audio Links<br> ⬚ Practice Conversation Sentences</p>
<p><a href=""https://planning.alveary.org/pdf/modern-language/individual-lessons/recEVctygdqPWi2wO.pdf"">Click here to view charts and additional lesson information.</a></p>
<p><a href=""https://planning.alveary.org/links.html?id=rec5lgyGmTryTXFqV&amp;term=2&amp;week=16"">Click here to view video/audio links.</a></p>","","https://planning.alveary.org/links.html?id=rec5lgyGmTryTXFqV&term=2&week=16","Lesson","0","FALSE"
"alveary-rec5lgyGmTryTXFqV","Import is Current","alveary-rec25CQYxRhbtHHDX","17","5","20m French Songs, Rhymes & Conversations – Lesson 17","<h2>Materials</h2><p>⍞ Materials: Student Notebook, Reference Section</p>
<h2>Preparation</h2><p>➜ PREP <br> ⬚ Review instructions on teaching Song, Rhyme &amp; Conversation Lessons <br> ⬚ Preview Lesson and Links</p>
<h2>Phrase of the Week</h2><p>➜ PHRASE OF THE WEEK<br>J'aime la couleur bleue. - I like the color blue.</p>
<h2>Lesson</h2><p>➜ RECAP <br> ⬚ What do you recall from the previous lesson?</p><p>➜ LESSON <br> ⬚  Review Song or Rhyme <br> ⬚  Play Audio Links &amp; follow along<br> ⬚  Practice Reciting or Singing Along with the recording <br> <br>➜ CONVERSATION <br> ⬚ Play Audio Links<br> ⬚ Practice Conversation Sentences</p>
<p><a href=""https://planning.alveary.org/pdf/modern-language/individual-lessons/rec25CQYxRhbtHHDX.pdf"">Click here to view charts and additional lesson information.</a></p>
<p><a href=""https://planning.alveary.org/links.html?id=rec5lgyGmTryTXFqV&amp;term=2&amp;week=17"">Click here to view video/audio links.</a></p>","","https://planning.alveary.org/links.html?id=rec5lgyGmTryTXFqV&term=2&week=17","Lesson","0","FALSE"
"alveary-rec5lgyGmTryTXFqV","Import is Current","alveary-reclwv6Jkew1q7LOK","18","5","20m French Songs, Rhymes & Conversations – Lesson 18","<h2>Materials</h2><p>⍞ Materials: Student Notebook, Reference Section</p>
<h2>Preparation</h2><p>➜ PREP <br> ⬚ Review instructions on teaching Song, Rhyme &amp; Conversation Lessons <br> ⬚ Preview Lesson and Links</p>
<h2>Phrase of the Week</h2><p>➜ PHRASE OF THE WEEK<br>Je me réveille tôt. - I wake up early.</p>
<h2>Lesson</h2><p>➜ LESSON <br> ⬚  Introduce Song or Rhyme <br> ⬚  Play Audio Links &amp; follow along<br> ⬚  Practice Reciting or Singing Along with the recording <br> <br>➜ CONVERSATION <br> ⬚ Play Audio Links<br> ⬚ Practice Conversation Sentences</p>
<p><a href=""https://planning.alveary.org/pdf/modern-language/individual-lessons/reclwv6Jkew1q7LOK.pdf"">Click here to view charts and additional lesson information.</a></p>
<p><a href=""https://planning.alveary.org/links.html?id=rec5lgyGmTryTXFqV&amp;term=2&amp;week=18"">Click here to view video/audio links.</a></p>","","https://planning.alveary.org/links.html?id=rec5lgyGmTryTXFqV&term=2&week=18","Lesson","0","FALSE"
"alveary-rec5lgyGmTryTXFqV","Import is Current","alveary-rec5qTQwJ8cEtELLV","19","5","20m French Songs, Rhymes & Conversations – Lesson 19","<h2>Materials</h2><p>⍞ Materials: Student Notebook, Reference Section</p>
<h2>Preparation</h2><p>➜ PREP <br> ⬚ Review instructions on teaching Song, Rhyme &amp; Conversation Lessons <br> ⬚ Preview Lesson and Links</p>
<h2>Phrase of the Week</h2><p>➜ PHRASE OF THE WEEK<br>Au revoir et à demain ! - Good bye and see you tomorrow!</p>
<h2>Lesson</h2><p>➜ RECAP <br> ⬚ What do you recall from the previous lesson?</p><p>➜ LESSON <br> ⬚  Introduce Song or Rhyme <br> ⬚  Play Audio Links &amp; follow along<br> ⬚  Practice Reciting or Singing Along with the recording <br> <br>➜ CONVERSATION <br> ⬚ Play Audio Links<br> ⬚ Practice Conversation Sentences</p>
<p><a href=""https://planning.alveary.org/pdf/modern-language/individual-lessons/rec5qTQwJ8cEtELLV.pdf"">Click here to view charts and additional lesson information.</a></p>
<p><a href=""https://planning.alveary.org/links.html?id=rec5lgyGmTryTXFqV&amp;term=2&amp;week=19"">Click here to view video/audio links.</a></p>","","https://planning.alveary.org/links.html?id=rec5lgyGmTryTXFqV&term=2&week=19","Lesson","0","FALSE"
"alveary-rec5lgyGmTryTXFqV","Import is Current","alveary-rechqHPsBanHSeo5A","20","5","20m French Songs, Rhymes & Conversations – Lesson 20","<h2>Materials</h2><p>⍞ Materials: Student Notebook, Reference Section</p>
<h2>Preparation</h2><p>➜ PREP <br> ⬚ Review instructions on teaching Song, Rhyme &amp; Conversation Lessons <br> ⬚ Preview Lesson and Links</p>
<h2>Phrase of the Week</h2><p>➜ PHRASE OF THE WEEK<br>Je me lave les mains. - I wash my hands.</p>
<h2>Lesson</h2><p>➜ LESSON <br> ⬚  Introduce Song or Rhyme <br> ⬚  Play Audio Links &amp; follow along<br> ⬚  Practice Reciting or Singing Along with the recording <br> <br>➜ CONVERSATION <br> ⬚ Play Audio Links<br> ⬚ Practice Conversation Sentences</p>
<p><a href=""https://planning.alveary.org/pdf/modern-language/individual-lessons/rechqHPsBanHSeo5A.pdf"">Click here to view charts and additional lesson information.</a></p>
<p><a href=""https://planning.alveary.org/links.html?id=rec5lgyGmTryTXFqV&amp;term=2&amp;week=20"">Click here to view video/audio links.</a></p>","","https://planning.alveary.org/links.html?id=rec5lgyGmTryTXFqV&term=2&week=20","Lesson","0","FALSE"
"alveary-rec5lgyGmTryTXFqV","Import is Current","alveary-recioiZvT4CRNEKTt","21","5","20m French Songs, Rhymes & Conversations – Lesson 21","<h2>Materials</h2><p>⍞ Materials: Student Notebook, Reference Section</p>
<h2>Preparation</h2><p>➜ PREP <br> ⬚ Review instructions on teaching Song, Rhyme &amp; Conversation Lessons <br> ⬚ Preview Lesson and Links</p>
<h2>Phrase of the Week</h2><p>➜ PHRASE OF THE WEEK<br>Je me lave les dents. - I brush my teeth.</p>
<h2>Lesson</h2><p>➜ RECAP <br> ⬚ What do you recall from the previous lesson?</p><p>➜ LESSON <br> ⬚  Introduce Song or Rhyme <br> ⬚  Play Audio Links &amp; follow along<br> ⬚  Practice Reciting or Singing Along with the recording <br> <br>➜ CONVERSATION <br> ⬚ Play Audio Links<br> ⬚ Practice Conversation Sentences</p>
<p><a href=""https://planning.alveary.org/pdf/modern-language/individual-lessons/recioiZvT4CRNEKTt.pdf"">Click here to view charts and additional lesson information.</a></p>
<p><a href=""https://planning.alveary.org/links.html?id=rec5lgyGmTryTXFqV&amp;term=2&amp;week=21"">Click here to view video/audio links.</a></p>","","https://planning.alveary.org/links.html?id=rec5lgyGmTryTXFqV&term=2&week=21","Lesson","0","FALSE"
"alveary-rec5lgyGmTryTXFqV","Import is Current","alveary-recRI8HEcabpHw34Y","22","5","20m French Songs, Rhymes & Conversations – Lesson 22","<h2>Materials</h2><p>⍞ Materials: Student Notebook, Reference Section</p>
<h2>Preparation</h2><p>➜ PREP <br> ⬚ Review instructions on teaching Song, Rhyme &amp; Conversation Lessons <br> ⬚ Preview Lesson and Links</p>
<h2>Phrase of the Week</h2><p>➜ PHRASE OF THE WEEK<br>Le matin, je mange le petit-déjeuner. - In the morning, I eat breakfast.</p>
<h2>Lesson</h2><p>➜ RECAP <br> ⬚ What do you recall from the previous lesson?</p><p>➜ LESSON <br> ⬚  Review Song or Rhyme <br> ⬚  Play Audio Links &amp; follow along<br> ⬚  Practice Reciting or Singing Along with the recording <br> <br>➜ CONVERSATION <br> ⬚ Play Audio Links<br> ⬚ Practice Conversation Sentences</p>
<p><a href=""https://planning.alveary.org/pdf/modern-language/individual-lessons/recRI8HEcabpHw34Y.pdf"">Click here to view charts and additional lesson information.</a></p>
<p><a href=""https://planning.alveary.org/links.html?id=rec5lgyGmTryTXFqV&amp;term=2&amp;week=22"">Click here to view video/audio links.</a></p>","","https://planning.alveary.org/links.html?id=rec5lgyGmTryTXFqV&term=2&week=22","Lesson","0","FALSE"
"alveary-rec5lgyGmTryTXFqV","Import is Current","alveary-recXRxCrEOjds0Xjh","23","5","20m French Songs, Rhymes & Conversations – Lesson 23","<h2>Materials</h2><p>⍞ Materials: Student Notebook, Reference Section</p>
<h2>Preparation</h2><p>➜ PREP <br> ⬚ Review Songs, Rhymes &amp; Conversation sentences/phrases from the term. <br> ⬚ Bookmark Audio/Video Links (optional)</p>
<h2>Phrase of the Week</h2><p>➜ PHRASE OF THE WEEK<br>Je m'assois sur une chaise.  - I sit on a chair.</p>
<h2>Lesson</h2><p>➜ REVIEW<br> ⬚ Review Songs/Rhymes from the term, singing along with or without the music. <br> ⬚ Review Conversation Sentences from the term.</p>
<p><a href=""https://planning.alveary.org/pdf/modern-language/individual-lessons/recXRxCrEOjds0Xjh.pdf"">Click here to view charts and additional lesson information.</a></p>
<p><a href=""https://planning.alveary.org/links.html?id=rec5lgyGmTryTXFqV&amp;term=2&amp;week=23"">Click here to view video/audio links.</a></p>","","https://planning.alveary.org/links.html?id=rec5lgyGmTryTXFqV&term=2&week=23","Lesson","0","FALSE"
"alveary-rec5lgyGmTryTXFqV","Import is Current","alveary-reclSrFsnpbRZkDIE","24","5","20m French Songs, Rhymes & Conversations – Lesson 24","<h2>Phrase of the Week</h2><p>➜ PHRASE OF THE WEEK<br> -</p>
<h2>Lesson</h2><p>➜ EXAMS<br>Answer questions related to course.</p><p>Questions will come from Course Materials</p>
<p><a href=""https://planning.alveary.org/pdf/modern-language/individual-lessons/reclSrFsnpbRZkDIE.pdf"">Click here to view charts and additional lesson information.</a></p>
<p><a href=""https://planning.alveary.org/links.html?id=rec5lgyGmTryTXFqV"">Click here to view video/audio links.</a></p>","","https://planning.alveary.org/links.html?id=rec5lgyGmTryTXFqV","Lesson","0","FALSE"
"alveary-rec5lgyGmTryTXFqV","Import is Current","alveary-recZVrcePoNuDBfzr","25","5","20m French Songs, Rhymes & Conversations – Lesson 25","<h2>Materials</h2><p>⍞ Materials: Student Notebook, Reference Section</p>
<h2>Preparation</h2><p>➜ PREP <br> ⬚ Review instructions on teaching Song, Rhyme &amp; Conversation Lessons <br> ⬚ Preview Lesson and Links</p>
<h2>Phrase of the Week</h2><p>➜ PHRASE OF THE WEEK<br>Je mange le déjeuner. - I eat lunch.</p>
<h2>Lesson</h2><p>➜ LESSON <br> ⬚  Introduce Song or Rhyme <br> ⬚  Play Audio Links &amp; follow along<br> ⬚  Practice Reciting or Singing Along with the recording <br> <br>➜ CONVERSATION <br> ⬚ Play Audio Links<br> ⬚ Practice Conversation Sentences</p>
<p><a href=""https://planning.alveary.org/pdf/modern-language/individual-lessons/recZVrcePoNuDBfzr.pdf"">Click here to view charts and additional lesson information.</a></p>
<p><a href=""https://planning.alveary.org/links.html?id=rec5lgyGmTryTXFqV&amp;term=3&amp;week=25"">Click here to view video/audio links.</a></p>","","https://planning.alveary.org/links.html?id=rec5lgyGmTryTXFqV&term=3&week=25","Lesson","0","FALSE"
"alveary-rec5lgyGmTryTXFqV","Import is Current","alveary-rec0rkmDCgFGhmUAP","26","5","20m French Songs, Rhymes & Conversations – Lesson 26","<h2>Materials</h2><p>⍞ Materials: Student Notebook, Reference Section</p>
<h2>Preparation</h2><p>➜ PREP <br> ⬚ Review instructions on teaching Song, Rhyme &amp; Conversation Lessons <br> ⬚ Preview Lesson and Links</p>
<h2>Phrase of the Week</h2><p>➜ PHRASE OF THE WEEK<br>Je mange le dîner. - I eat dinner.</p>
<h2>Lesson</h2><p>➜ RECAP <br> ⬚ What do you recall from the previous lesson?</p><p>➜ LESSON <br> ⬚  Introduce Song or Rhyme <br> ⬚  Play Audio Links &amp; follow along<br> ⬚  Practice Reciting or Singing Along with the recording <br> <br>➜ CONVERSATION <br> ⬚ Play Audio Links<br> ⬚ Practice Conversation Sentences</p>
<p><a href=""https://planning.alveary.org/pdf/modern-language/individual-lessons/rec0rkmDCgFGhmUAP.pdf"">Click here to view charts and additional lesson information.</a></p>
<p><a href=""https://planning.alveary.org/links.html?id=rec5lgyGmTryTXFqV&amp;term=3&amp;week=26"">Click here to view video/audio links.</a></p>","","https://planning.alveary.org/links.html?id=rec5lgyGmTryTXFqV&term=3&week=26","Lesson","0","FALSE"
"alveary-rec5lgyGmTryTXFqV","Import is Current","alveary-recZRM3EKhbcJamZL","27","5","20m French Songs, Rhymes & Conversations – Lesson 27","<h2>Materials</h2><p>⍞ Materials: Student Notebook, Reference Section</p>
<h2>Preparation</h2><p>➜ PREP <br> ⬚ Review instructions on teaching Song, Rhyme &amp; Conversation Lessons <br> ⬚ Preview Lesson and Links</p>
<h2>Phrase of the Week</h2><p>➜ PHRASE OF THE WEEK<br>J'aime la musique. - I like music.</p>
<h2>Lesson</h2><p>➜ LESSON <br> ⬚  Introduce Song or Rhyme <br> ⬚  Play Audio Links &amp; follow along<br> ⬚  Practice Reciting or Singing Along with the recording <br> <br>➜ CONVERSATION <br> ⬚ Play Audio Links<br> ⬚ Practice Conversation Sentences</p>
<p><a href=""https://planning.alveary.org/pdf/modern-language/individual-lessons/recZRM3EKhbcJamZL.pdf"">Click here to view charts and additional lesson information.</a></p>
<p><a href=""https://planning.alveary.org/links.html?id=rec5lgyGmTryTXFqV&amp;term=3&amp;week=27"">Click here to view video/audio links.</a></p>","","https://planning.alveary.org/links.html?id=rec5lgyGmTryTXFqV&term=3&week=27","Lesson","0","FALSE"
"alveary-rec5lgyGmTryTXFqV","Import is Current","alveary-rec0G3n2n05z7hr2M","28","5","20m French Songs, Rhymes & Conversations – Lesson 28","<h2>Materials</h2><p>⍞ Materials: Student Notebook, Reference Section</p>
<h2>Preparation</h2><p>➜ PREP <br> ⬚ Review instructions on teaching Song, Rhyme &amp; Conversation Lessons <br> ⬚ Preview Lesson and Links</p>
<h2>Phrase of the Week</h2><p>➜ PHRASE OF THE WEEK<br>Ferme la porte. - Close the door.</p>
<h2>Lesson</h2><p>➜ RECAP <br> ⬚ What do you recall from the previous lesson?</p><p>➜ LESSON <br> ⬚  Introduce Song or Rhyme <br> ⬚  Play Audio Links &amp; follow along<br> ⬚  Practice Reciting or Singing Along with the recording <br> <br>➜ CONVERSATION <br> ⬚ Play Audio Links<br> ⬚ Practice Conversation Sentences</p>
<p><a href=""https://planning.alveary.org/pdf/modern-language/individual-lessons/rec0G3n2n05z7hr2M.pdf"">Click here to view charts and additional lesson information.</a></p>
<p><a href=""https://planning.alveary.org/links.html?id=rec5lgyGmTryTXFqV&amp;term=3&amp;week=28"">Click here to view video/audio links.</a></p>","","https://planning.alveary.org/links.html?id=rec5lgyGmTryTXFqV&term=3&week=28","Lesson","0","FALSE"
"alveary-rec5lgyGmTryTXFqV","Import is Current","alveary-recmZyYJI518p12dM","29","5","20m French Songs, Rhymes & Conversations – Lesson 29","<h2>Materials</h2><p>⍞ Materials: Student Notebook, Reference Section</p>
<h2>Preparation</h2><p>➜ PREP <br> ⬚ Review instructions on teaching Song, Rhyme &amp; Conversation Lessons <br> ⬚ Preview Lesson and Links</p>
<h2>Phrase of the Week</h2><p>➜ PHRASE OF THE WEEK<br>Je participe aux tâches ménagères à la maison. - I help with cleaning tasks at home.</p>
<h2>Lesson</h2><p>➜ RECAP <br> ⬚ What do you recall from the previous lesson?</p><p>➜ LESSON <br> ⬚  Review Song or Rhyme <br> ⬚  Play Audio Links &amp; follow along<br> ⬚  Practice Reciting or Singing Along with the recording <br> <br>➜ CONVERSATION <br> ⬚ Play Audio Links<br> ⬚ Practice Conversation Sentences</p>
<p><a href=""https://planning.alveary.org/pdf/modern-language/individual-lessons/recmZyYJI518p12dM.pdf"">Click here to view charts and additional lesson information.</a></p>
<p><a href=""https://planning.alveary.org/links.html?id=rec5lgyGmTryTXFqV&amp;term=3&amp;week=29"">Click here to view video/audio links.</a></p>","","https://planning.alveary.org/links.html?id=rec5lgyGmTryTXFqV&term=3&week=29","Lesson","0","FALSE"
"alveary-rec5lgyGmTryTXFqV","Import is Current","alveary-recVM5uZfkSlcLITQ","30","5","20m French Songs, Rhymes & Conversations – Lesson 30","<h2>Materials</h2><p>⍞ Materials: Student Notebook, Reference Section</p>
<h2>Preparation</h2><p>➜ PREP <br> ⬚ Review instructions on teaching Song, Rhyme &amp; Conversation Lessons <br> ⬚ Preview Lesson and Links</p>
<h2>Phrase of the Week</h2><p>➜ PHRASE OF THE WEEK<br>Je range ma chambre. - I tidy up my room.</p>
<h2>Lesson</h2><p>➜ LESSON <br> ⬚  Introduce Song or Rhyme <br> ⬚  Play Audio Links &amp; follow along<br> ⬚  Practice Reciting or Singing Along with the recording <br> <br>➜ CONVERSATION <br> ⬚ Play Audio Links<br> ⬚ Practice Conversation Sentences</p>
<p><a href=""https://planning.alveary.org/pdf/modern-language/individual-lessons/recVM5uZfkSlcLITQ.pdf"">Click here to view charts and additional lesson information.</a></p>
<p><a href=""https://planning.alveary.org/links.html?id=rec5lgyGmTryTXFqV&amp;term=3&amp;week=30"">Click here to view video/audio links.</a></p>","","https://planning.alveary.org/links.html?id=rec5lgyGmTryTXFqV&term=3&week=30","Lesson","0","FALSE"
"alveary-rec5lgyGmTryTXFqV","Import is Current","alveary-recShDtKeZbUpZmQr","31","5","20m French Songs, Rhymes & Conversations – Lesson 31","<h2>Materials</h2><p>⍞ Materials: Student Notebook, Reference Section</p>
<h2>Preparation</h2><p>➜ PREP <br> ⬚ Review instructions on teaching Song, Rhyme &amp; Conversation Lessons <br> ⬚ Preview Lesson and Links</p>
<h2>Phrase of the Week</h2><p>➜ PHRASE OF THE WEEK<br>Je mets la table. - I set the table.</p>
<h2>Lesson</h2><p>➜ RECAP <br> ⬚ What do you recall from the previous lesson?</p><p>➜ LESSON <br> ⬚  Introduce Song or Rhyme <br> ⬚  Play Audio Links &amp; follow along<br> ⬚  Practice Reciting or Singing Along with the recording <br> <br>➜ CONVERSATION <br> ⬚ Play Audio Links<br> ⬚ Practice Conversation Sentences</p>
<p><a href=""https://planning.alveary.org/pdf/modern-language/individual-lessons/recShDtKeZbUpZmQr.pdf"">Click here to view charts and additional lesson information.</a></p>
<p><a href=""https://planning.alveary.org/links.html?id=rec5lgyGmTryTXFqV&amp;term=3&amp;week=31"">Click here to view video/audio links.</a></p>","","https://planning.alveary.org/links.html?id=rec5lgyGmTryTXFqV&term=3&week=31","Lesson","0","FALSE"
"alveary-rec5lgyGmTryTXFqV","Import is Current","alveary-recwcwJlm1Zj6Y2LU","32","5","20m French Songs, Rhymes & Conversations – Lesson 32","<h2>Materials</h2><p>⍞ Materials: Student Notebook, Reference Section</p>
<h2>Preparation</h2><p>➜ PREP <br> ⬚ Review instructions on teaching Song, Rhyme &amp; Conversation Lessons <br> ⬚ Preview Lesson and Links</p>
<h2>Phrase of the Week</h2><p>➜ PHRASE OF THE WEEK<br>Je range mes jouets. - I tidy up my toys.</p>
<h2>Lesson</h2><p>➜ LESSON <br> ⬚  Introduce Song or Rhyme <br> ⬚  Play Audio Links &amp; follow along<br> ⬚  Practice Reciting or Singing Along with the recording <br> <br>➜ CONVERSATION <br> ⬚ Play Audio Links<br> ⬚ Practice Conversation Sentences</p>
<p><a href=""https://planning.alveary.org/pdf/modern-language/individual-lessons/recwcwJlm1Zj6Y2LU.pdf"">Click here to view charts and additional lesson information.</a></p>
<p><a href=""https://planning.alveary.org/links.html?id=rec5lgyGmTryTXFqV&amp;term=3&amp;week=32"">Click here to view video/audio links.</a></p>","","https://planning.alveary.org/links.html?id=rec5lgyGmTryTXFqV&term=3&week=32","Lesson","0","FALSE"
"alveary-rec5lgyGmTryTXFqV","Import is Current","alveary-recRqH6Vvn31hkobb","33","5","20m French Songs, Rhymes & Conversations – Lesson 33","<h2>Materials</h2><p>⍞ Materials: Student Notebook, Reference Section</p>
<h2>Preparation</h2><p>➜ PREP <br> ⬚ Review instructions on teaching Song, Rhyme &amp; Conversation Lessons <br> ⬚ Preview Lesson and Links</p>
<h2>Phrase of the Week</h2><p>➜ PHRASE OF THE WEEK<br>Je mange le dîner avec ma famille. - I eat dinner with my family.</p>
<h2>Lesson</h2><p>➜ RECAP <br> ⬚ What do you recall from the previous lesson?</p><p>➜ LESSON <br> ⬚  Introduce Song or Rhyme <br> ⬚  Play Audio Links &amp; follow along<br> ⬚  Practice Reciting or Singing Along with the recording <br> <br>➜ CONVERSATION <br> ⬚ Play Audio Links<br> ⬚ Practice Conversation Sentences</p>
<p><a href=""https://planning.alveary.org/pdf/modern-language/individual-lessons/recRqH6Vvn31hkobb.pdf"">Click here to view charts and additional lesson information.</a></p>
<p><a href=""https://planning.alveary.org/links.html?id=rec5lgyGmTryTXFqV&amp;term=3&amp;week=33"">Click here to view video/audio links.</a></p>","","https://planning.alveary.org/links.html?id=rec5lgyGmTryTXFqV&term=3&week=33","Lesson","0","FALSE"
"alveary-rec5lgyGmTryTXFqV","Import is Current","alveary-recau0f5V00ugY4xC","34","5","20m French Songs, Rhymes & Conversations – Lesson 34","<h2>Materials</h2><p>⍞ Materials: Student Notebook, Reference Section</p>
<h2>Preparation</h2><p>➜ PREP <br> ⬚ Review instructions on teaching Song, Rhyme &amp; Conversation Lessons <br> ⬚ Preview Lesson and Links</p>
<h2>Phrase of the Week</h2><p>➜ PHRASE OF THE WEEK<br>Je range la vaisselle après avoir mangé. - I put the dishes away after eating.</p>
<h2>Lesson</h2><p>➜ RECAP <br> ⬚ What do you recall from the previous lesson?</p><p>➜ LESSON <br> ⬚  Review Song or Rhyme <br> ⬚  Play Audio Links &amp; follow along<br> ⬚  Practice Reciting or Singing Along with the recording <br> <br>➜ CONVERSATION <br> ⬚ Play Audio Links<br> ⬚ Practice Conversation Sentences</p>
<p><a href=""https://planning.alveary.org/pdf/modern-language/individual-lessons/recau0f5V00ugY4xC.pdf"">Click here to view charts and additional lesson information.</a></p>
<p><a href=""https://planning.alveary.org/links.html?id=rec5lgyGmTryTXFqV&amp;term=3&amp;week=34"">Click here to view video/audio links.</a></p>","","https://planning.alveary.org/links.html?id=rec5lgyGmTryTXFqV&term=3&week=34","Lesson","0","FALSE"
"alveary-rec5lgyGmTryTXFqV","Import is Current","alveary-recuwUopcFHAhh9Br","35","5","20m French Songs, Rhymes & Conversations – Lesson 35","<h2>Materials</h2><p>⍞ Materials: Student Notebook, Reference Section</p>
<h2>Preparation</h2><p>➜ PREP <br> ⬚ Review Songs, Rhymes &amp; Conversation sentences/phrases from the term. <br> ⬚ Bookmark Audio/Video Links (optional)</p>
<h2>Phrase of the Week</h2><p>➜ PHRASE OF THE WEEK<br>J'éteins la lumière. - I turn off the light.</p>
<h2>Lesson</h2><p>➜ REVIEW<br> ⬚ Review Songs/Rhymes from the term, singing along with or without the music. <br> ⬚ Review Conversation Sentences from the term.</p>
<p><a href=""https://planning.alveary.org/pdf/modern-language/individual-lessons/recuwUopcFHAhh9Br.pdf"">Click here to view charts and additional lesson information.</a></p>
<p><a href=""https://planning.alveary.org/links.html?id=rec5lgyGmTryTXFqV&amp;term=3&amp;week=35"">Click here to view video/audio links.</a></p>","","https://planning.alveary.org/links.html?id=rec5lgyGmTryTXFqV&term=3&week=35","Lesson","0","FALSE"
"alveary-rec5lgyGmTryTXFqV","Import is Current","alveary-reco96KQ0llAYBB9I","36","5","20m French Songs, Rhymes & Conversations – Lesson 36","<h2>Phrase of the Week</h2><p>➜ PHRASE OF THE WEEK<br> -</p>
<h2>Lesson</h2><p>➜ EXAMS<br>Answer questions related to course.</p><p>Questions will come from Course Materials</p>
<p><a href=""https://planning.alveary.org/pdf/modern-language/individual-lessons/reco96KQ0llAYBB9I.pdf"">Click here to view charts and additional lesson information.</a></p>
<p><a href=""https://planning.alveary.org/links.html?id=rec5lgyGmTryTXFqV"">Click here to view video/audio links.</a></p>","","https://planning.alveary.org/links.html?id=rec5lgyGmTryTXFqV","Lesson","0","FALSE"
